day,m,nt
2026-09-20,1,0.15
2026-09-20,2,0.61
2026-09-20,3,0.16
2026-09-20,4,0.5
2026-09-20,5,0.1
2026-09-20,6,0.33
2026-09-20,7,0.14
2026-09-20,8,0.28
2026-09-20,9,0.45
2026-09-20,10,0.6
2026-09-20,11,0.72
2026-09-20,12,0.66
2026-09-20,13,0.71
2026-09-20,14,0.21
2026-09-20,15,0.34
2026-09-20,16,0.52
2026-09-20,17,0.25
2026-09-20,18,0.85
2026-09-20,19,0.2
2026-09-20,20,0.94
2026-09-20,21,0.35
2026-09-20,22,0.17
2026-09-20,23,0.3
2026-09-20,24,0.51
2026-09-20,25,0.36
2026-09-20,26,0.46
2026-09-20,27,0.38
2026-09-20,28,0.23
2026-09-20,29,0.14
2026-09-20,30,0.5
2026-09-20,31,0.38
2026-09-20,32,0.3
2026-09-20,33,0.08
2026-09-20,34,0.2
2026-09-20,35,0.24
2026-09-20,36,0.29
2026-09-20,37,0.22
2026-09-20,38,0.12
2026-09-20,39,0.11
2026-09-20,40,0.31
2026-09-20,41,0.39
2026-09-20,42,0.23
2026-09-20,43,0.35
2026-09-20,44,0.1
2026-09-20,45,0.3
2026-09-20,46,0.11
2026-09-20,47,0.05
2026-09-20,48,0.18
2026-09-20,49,0.25
2026-09-20,50,0.3
2026-09-20,51,0.18
2026-09-20,52,0.1
2026-09-20,53,0.18
2026-09-20,54,0.09
2026-09-20,55,0.4
2026-09-20,56,0.32
2026-09-20,57,0.35
2026-09-20,58,0.14
2026-09-20,59,0.11
2026-09-20,60,0.11
2026-09-20,61,0.2
2026-09-20,62,0.07
2026-09-20,63,0.13
2026-09-20,64,0.3
2026-09-20,65,0.27
2026-09-20,66,0.1
2026-09-20,67,0.11
2026-09-20,68,0.14
2026-09-20,69,0.27
2026-09-20,70,0.22
2026-09-20,71,0.23
2026-09-20,72,0.28
2026-09-20,73,0.42
2026-09-20,74,0.57
2026-09-20,75,0.52
2026-09-20,76,0.41
2026-09-20,77,0.25
2026-09-20,78,0.39
2026-09-20,79,0.72
2026-09-20,80,0.43
2026-09-20,81,0.33
2026-09-20,82,0.3
2026-09-20,83,0.39
2026-09-20,84,0.19
2026-09-20,85,0.16
2026-09-20,86,0.23
2026-09-20,87,0.21
2026-09-20,88,0.23
2026-09-20,89,0.11
2026-09-20,90,0.15
2026-09-20,91,0.08
2026-09-20,92,0.37
2026-09-20,93,0.16
2026-09-20,94,0.39
2026-09-20,95,0.08
2026-09-20,96,0.09
2026-09-20,97,0.1
2026-09-20,98,0.18
2026-09-20,99,0.14
2026-09-20,100,0.1
2026-09-20,101,0.06
2026-09-20,102,0.22
2026-09-20,103,0.2
2026-09-20,104,0.09
2026-09-20,105,0.23
2026-09-20,106,0.1
2026-09-20,107,0.16
2026-09-20,108,0.4
2026-09-20,109,0.2
2026-09-20,110,0.1
2026-09-20,111,0.19
2026-09-20,112,0.11
2026-09-20,113,0.2
2026-09-20,114,0.53
2026-09-20,115,0.5
2026-09-20,116,0.68
2026-09-20,117,0.3
2026-09-20,118,0.64
2026-09-20,119,0.37
2026-09-20,120,0.59
2026-09-20,121,0.38
2026-09-20,122,0.44
2026-09-20,123,0.7
2026-09-20,124,0.54
2026-09-20,125,0.22
2026-09-20,126,0.13
2026-09-20,127,0.35
2026-09-20,128,0.34
2026-09-20,129,0.38
2026-09-20,130,0.61
2026-09-20,131,0.49
2026-09-20,132,0.3
2026-09-20,133,0.32
2026-09-20,134,0.26
2026-09-20,135,0.25
2026-09-20,136,0.13
2026-09-20,137,1.59
2026-09-20,138,0.5
2026-09-20,139,1.06
2026-09-20,140,0.71
2026-09-20,141,1.14
2026-09-20,142,0.41
2026-09-20,143,0.79
2026-09-20,144,0.26
2026-09-20,145,0.78
2026-09-20,146,0.25
2026-09-20,147,0.44
2026-09-20,148,0.19
2026-09-20,149,0.27
2026-09-20,150,0.24
2026-09-20,151,0.44
2026-09-20,152,0.1
2026-09-20,153,0.18
2026-09-20,154,0.23
2026-09-20,155,0.28
2026-09-20,156,0.31
2026-09-20,157,0.37
2026-09-20,158,0.47
2026-09-20,159,0.44
2026-09-20,160,0.53
2026-09-20,161,0.48
2026-09-20,162,0.32
2026-09-20,163,0.21
2026-09-20,164,0.4
2026-09-20,165,0.5
2026-09-20,166,0.59
2026-09-20,167,0.46
2026-09-20,168,0.34
2026-09-20,169,0.24
2026-09-20,170,0.24
2026-09-20,171,0.2
2026-09-20,172,0.2
2026-09-20,173,0.55
2026-09-20,174,0.28
2026-09-20,175,0.32
2026-09-20,176,0.25
2026-09-20,177,0.31
2026-09-20,178,0.39
2026-09-20,179,0.77
2026-09-20,180,0.43
2026-09-20,181,0.25
2026-09-20,182,0.28
2026-09-20,183,0.37
2026-09-20,184,0.18
2026-09-20,185,0.21
2026-09-20,186,0.34
2026-09-20,187,0.23
2026-09-20,188,0.12
2026-09-20,189,0.26
2026-09-20,190,0.28
2026-09-20,191,0.17
2026-09-20,192,0.12
2026-09-20,193,0.2
2026-09-20,194,0.3
2026-09-20,195,0.49
2026-09-20,196,0.4
2026-09-20,197,0.32
2026-09-20,198,0.12
2026-09-20,199,0.35
2026-09-20,200,0.33
2026-09-20,201,0.28
2026-09-20,202,0.23
2026-09-20,203,0.16
2026-09-20,204,0.16
2026-09-20,205,0.12
2026-09-20,206,0.21
2026-09-20,207,0.3
2026-09-20,208,0.12
2026-09-20,209,0.34
2026-09-20,210,0.2
2026-09-20,211,0.16
2026-09-20,212,0.19
2026-09-20,213,0.25
2026-09-20,214,0.22
2026-09-20,215,0.09
2026-09-20,216,0.1
2026-09-20,217,0.17
2026-09-20,218,0.41
2026-09-20,219,0.35
2026-09-20,220,0.42
2026-09-20,221,0.41
2026-09-20,222,0.4
2026-09-20,223,0.37
2026-09-20,224,0.32
2026-09-20,225,0.27
2026-09-20,226,0.43
2026-09-20,227,0.11
2026-09-20,228,0.26
2026-09-20,229,0.1
2026-09-20,230,0.4
2026-09-20,231,0.11
2026-09-20,232,0.5
2026-09-20,233,0.56
2026-09-20,234,0.24
2026-09-20,235,0.51
2026-09-20,236,0.17
2026-09-20,237,0.14
2026-09-20,238,0.18
2026-09-20,239,0.26
2026-09-20,240,0.56
2026-09-20,241,0.14
2026-09-20,242,0.29
2026-09-20,243,0.24
2026-09-20,244,0.18
2026-09-20,245,0.43
2026-09-20,246,0.43
2026-09-20,247,0.4
2026-09-20,248,0.53
2026-09-20,249,0.48
2026-09-20,250,0.36
2026-09-20,251,0.21
2026-09-20,252,0.22
2026-09-20,253,0.34
2026-09-20,254,0.56
2026-09-20,255,0.53
2026-09-20,256,0.26
2026-09-20,257,0.6
2026-09-20,258,0.61
2026-09-20,259,0.45
2026-09-20,260,0.46
2026-09-20,261,0.43
2026-09-20,262,0.99
2026-09-20,263,0.7
2026-09-20,264,1.0
2026-09-20,265,0.43
2026-09-20,266,0.34
2026-09-20,267,0.42
2026-09-20,268,0.25
2026-09-20,269,0.11
2026-09-20,270,0.52
2026-09-20,271,0.41
2026-09-20,272,0.62
2026-09-20,273,0.21
2026-09-20,274,0.34
2026-09-20,275,0.17
2026-09-20,276,0.24
2026-09-20,277,0.67
2026-09-20,278,0.51
2026-09-20,279,0.52
2026-09-20,280,1.08
2026-09-20,281,0.94
2026-09-20,282,0.83
2026-09-20,283,0.59
2026-09-20,284,0.14
2026-09-20,285,0.61
2026-09-20,286,0.46
2026-09-20,287,0.3
2026-09-20,288,0.18
2026-09-20,289,0.23
2026-09-20,290,0.24
2026-09-20,291,0.15
2026-09-20,292,0.26
2026-09-20,293,0.18
2026-09-20,294,0.5
2026-09-20,295,0.17
2026-09-20,296,0.3
2026-09-20,297,0.2
2026-09-20,298,0.24
2026-09-20,299,0.14
2026-09-20,300,0.4
2026-09-20,301,0.4
2026-09-20,302,0.5
2026-09-20,303,0.65
2026-09-20,304,0.14
2026-09-20,305,0.36
2026-09-20,306,0.5
2026-09-20,307,0.35
2026-09-20,308,0.44
2026-09-20,309,0.16
2026-09-20,310,0.18
2026-09-20,311,0.3
2026-09-20,312,0.25
2026-09-20,313,0.33
2026-09-20,314,0.32
2026-09-20,315,0.31
2026-09-20,316,0.18
2026-09-20,317,0.52
2026-09-20,318,0.29
2026-09-20,319,0.67
2026-09-20,320,0.63
2026-09-20,321,0.3
2026-09-20,322,0.43
2026-09-20,323,0.46
2026-09-20,324,0.48
2026-09-20,325,0.44
2026-09-20,326,0.47
2026-09-20,327,0.42
2026-09-20,328,0.62
2026-09-20,329,0.55
2026-09-20,330,0.39
2026-09-20,331,0.43
2026-09-20,332,0.3
2026-09-20,333,0.35
2026-09-20,334,0.71
2026-09-20,335,1.63
2026-09-20,336,0.3
2026-09-20,337,0.27
2026-09-20,338,0.28
2026-09-20,339,0.2
2026-09-20,340,0.28
2026-09-20,341,0.65
2026-09-20,342,0.55
2026-09-20,343,0.62
2026-09-20,344,0.45
2026-09-20,345,0.3
2026-09-20,346,0.56
2026-09-20,347,0.6
2026-09-20,348,0.41
2026-09-20,349,0.39
2026-09-20,350,0.53
2026-09-20,351,0.48
2026-09-20,352,0.28
2026-09-20,353,0.62
2026-09-20,354,0.68
2026-09-20,355,0.38
2026-09-20,356,0.76
2026-09-20,357,0.5
2026-09-20,358,0.7
2026-09-20,359,0.28
2026-09-20,360,0.71
2026-09-20,361,0.54
2026-09-20,362,0.48
2026-09-20,363,0.26
2026-09-20,364,0.26
2026-09-20,365,0.37
2026-09-20,366,0.51
2026-09-20,367,0.43
2026-09-20,368,0.27
2026-09-20,369,0.42
2026-09-20,370,0.58
2026-09-20,371,0.77
2026-09-20,372,0.55
2026-09-20,373,0.64
2026-09-20,374,0.32
2026-09-20,375,0.46
2026-09-20,376,0.47
2026-09-20,377,0.67
2026-09-20,378,1.19
2026-09-20,379,0.96
2026-09-20,380,0.63
2026-09-20,381,0.89
2026-09-20,382,1.03
2026-09-20,383,0.29
2026-09-20,384,0.84
2026-09-20,385,0.35
2026-09-20,386,0.36
2026-09-20,387,0.16
2026-09-20,388,0.53
2026-09-20,389,0.6
2026-09-20,390,0.75
2026-09-20,391,1.24
2026-09-20,392,0.81
2026-09-20,393,0.79
2026-09-20,394,0.29
2026-09-20,395,0.11
2026-09-20,396,0.22
2026-09-20,397,0.53
2026-09-20,398,0.85
2026-09-20,399,0.36
2026-09-20,400,0.21
2026-09-20,401,0.21
2026-09-20,402,0.3
2026-09-20,403,1.1
2026-09-20,404,0.33
2026-09-20,405,0.26
2026-09-20,406,0.12
2026-09-20,407,0.22
2026-09-20,408,0.24
2026-09-20,409,0.48
2026-09-20,410,0.93
2026-09-20,411,0.12
2026-09-20,412,0.43
2026-09-20,413,0.59
2026-09-20,414,0.24
2026-09-20,415,0.15
2026-09-20,416,0.13
2026-09-20,417,0.73
2026-09-20,418,0.93
2026-09-20,419,0.88
2026-09-20,420,0.2
2026-09-20,421,0.26
2026-09-20,422,0.45
2026-09-20,423,0.5
2026-09-20,424,0.32
2026-09-20,425,0.51
2026-09-20,426,0.5
2026-09-20,427,0.53
2026-09-20,428,0.81
2026-09-20,429,0.35
2026-09-20,430,0.2
2026-09-20,431,0.65
2026-09-20,432,0.34
2026-09-20,433,0.47
2026-09-20,434,0.32
2026-09-20,435,0.61
2026-09-20,436,0.49
2026-09-20,437,0.1
2026-09-20,438,0.69
2026-09-20,439,0.4
2026-09-20,440,0.23
2026-09-20,441,0.32
2026-09-20,442,0.87
2026-09-20,443,0.56
2026-09-20,444,0.36
2026-09-20,445,1.14
2026-09-20,446,0.46
2026-09-20,447,0.4
2026-09-20,448,0.45
2026-09-20,449,0.37
2026-09-20,450,0.47
2026-09-20,451,1.47
2026-09-20,452,0.71
2026-09-20,453,0.86
2026-09-20,454,0.66
2026-09-20,455,0.14
2026-09-20,456,0.26
2026-09-20,457,0.19
2026-09-20,458,1.87
2026-09-20,459,1.1
2026-09-20,460,0.24
2026-09-20,461,0.63
2026-09-20,462,0.17
2026-09-20,463,0.44
2026-09-20,464,0.11
2026-09-20,465,0.17
2026-09-20,466,0.2
2026-09-20,467,0.36
2026-09-20,468,0.41
2026-09-20,469,0.24
2026-09-20,470,0.45
2026-09-20,471,0.16
2026-09-20,472,0.34
2026-09-20,473,0.3
2026-09-20,474,0.39
2026-09-20,475,0.35
2026-09-20,476,0.4
2026-09-20,477,0.31
2026-09-20,478,0.82
2026-09-20,479,1.45
2026-09-20,480,0.67
2026-09-20,481,0.19
2026-09-20,482,0.2
2026-09-20,483,0.37
2026-09-20,484,0.31
2026-09-20,485,0.85
2026-09-20,486,0.47
2026-09-20,487,0.45
2026-09-20,488,0.41
2026-09-20,489,0.68
2026-09-20,490,0.63
2026-09-20,491,0.64
2026-09-20,492,0.65
2026-09-20,493,0.43
2026-09-20,494,0.3
2026-09-20,495,0.26
2026-09-20,496,0.2
2026-09-20,497,0.52
2026-09-20,498,0.57
2026-09-20,499,0.3
2026-09-20,500,0.11
2026-09-20,501,0.22
2026-09-20,502,0.22
2026-09-20,503,0.82
2026-09-20,504,0.28
2026-09-20,505,0.58
2026-09-20,506,0.67
2026-09-20,507,0.47
2026-09-20,508,0.09
2026-09-20,509,0.31
2026-09-20,510,0.38
2026-09-20,511,0.25
2026-09-20,512,0.46
2026-09-20,513,0.35
2026-09-20,514,0.51
2026-09-20,515,0.18
2026-09-20,516,0.38
2026-09-20,517,0.33
2026-09-20,518,0.4
2026-09-20,519,0.15
2026-09-20,520,0.11
2026-09-20,521,0.6
2026-09-20,522,0.29
2026-09-20,523,0.22
2026-09-20,524,0.12
2026-09-20,525,0.11
2026-09-20,526,0.23
2026-09-20,527,0.35
2026-09-20,528,0.32
2026-09-20,529,0.22
2026-09-20,530,0.52
2026-09-20,531,0.37
2026-09-20,532,0.19
2026-09-20,533,0.17
2026-09-20,534,0.49
2026-09-20,535,0.4
2026-09-20,536,0.44
2026-09-20,537,0.28
2026-09-20,538,0.26
2026-09-20,539,0.22
2026-09-20,540,0.36
2026-09-20,541,0.11
2026-09-20,542,0.26
2026-09-20,543,0.2
2026-09-20,544,0.38
2026-09-20,545,0.3
2026-09-20,546,0.28
2026-09-20,547,0.22
2026-09-20,548,0.28
2026-09-20,549,0.11
2026-09-20,550,0.4
2026-09-20,551,0.4
2026-09-20,552,0.21
2026-09-20,553,0.22
2026-09-20,554,0.21
2026-09-20,555,0.19
2026-09-20,556,0.15
2026-09-20,557,0.23
2026-09-20,558,0.2
2026-09-20,559,0.34
2026-09-20,560,0.27
2026-09-20,561,0.17
2026-09-20,562,0.22
2026-09-20,563,0.36
2026-09-20,564,0.4
2026-09-20,565,0.43
2026-09-20,566,0.45
2026-09-20,567,0.35
2026-09-20,568,0.5
2026-09-20,569,0.51
2026-09-20,570,0.38
2026-09-20,571,0.37
2026-09-20,572,0.19
2026-09-20,573,0.19
2026-09-20,574,0.32
2026-09-20,575,0.38
2026-09-20,576,0.2
2026-09-20,577,0.1
2026-09-20,578,0.14
2026-09-20,579,0.24
2026-09-20,580,0.2
2026-09-20,581,0.2
2026-09-20,582,0.24
2026-09-20,583,0.34
2026-09-20,584,0.28
2026-09-20,585,0.16
2026-09-20,586,0.1
2026-09-20,587,0.25
2026-09-20,588,0.35
2026-09-20,589,0.39
2026-09-20,590,0.19
2026-09-20,591,0.2
2026-09-20,592,0.24
2026-09-20,593,0.21
2026-09-20,594,0.2
2026-09-20,595,0.21
2026-09-20,596,0.26
2026-09-20,597,0.09
2026-09-20,598,0.3
2026-09-20,599,0.22
2026-09-20,600,0.21
2026-09-20,601,0.3
2026-09-20,602,0.41
2026-09-20,603,0.36
2026-09-20,604,0.27
2026-09-20,605,0.35
2026-09-20,606,0.39
2026-09-20,607,0.48
2026-09-20,608,0.61
2026-09-20,609,1.0
2026-09-20,610,0.88
2026-09-20,611,0.5
2026-09-20,612,0.49
2026-09-20,613,0.29
2026-09-20,614,0.28
2026-09-20,615,0.42
2026-09-20,616,0.23
2026-09-20,617,0.35
2026-09-20,618,0.36
2026-09-20,619,0.41
2026-09-20,620,0.27
2026-09-20,621,0.13
2026-09-20,622,0.29
2026-09-20,623,0.19
2026-09-20,624,0.2
2026-09-20,625,0.24
2026-09-20,626,0.12
2026-09-20,627,0.2
2026-09-20,628,0.35
2026-09-20,629,0.41
2026-09-20,630,0.78
2026-09-20,631,0.66
2026-09-20,632,0.46
2026-09-20,633,0.28
2026-09-20,634,0.21
2026-09-20,635,0.27
2026-09-20,636,0.2
2026-09-20,637,0.39
2026-09-20,638,0.56
2026-09-20,639,0.5
2026-09-20,640,0.26
2026-09-20,641,0.13
2026-09-20,642,0.56
2026-09-20,643,0.59
2026-09-20,644,0.54
2026-09-20,645,0.5
2026-09-20,646,0.27
2026-09-20,647,0.4
2026-09-20,648,0.49
2026-09-20,649,0.59
2026-09-20,650,0.27
2026-09-20,651,0.15
2026-09-20,652,0.49
2026-09-20,653,0.58
2026-09-20,654,1.66
2026-09-20,655,2.31
2026-09-20,656,1.02
2026-09-20,657,0.7
2026-09-20,658,1.2
2026-09-20,659,0.61
2026-09-20,660,0.41
2026-09-20,661,0.69
2026-09-20,662,0.67
2026-09-20,663,0.69
2026-09-20,664,0.8
2026-09-20,665,0.5
2026-09-20,666,0.2
2026-09-20,667,0.36
2026-09-20,668,0.55
2026-09-20,669,0.29
2026-09-20,670,0.1
2026-09-20,671,0.3
2026-09-20,672,0.35
2026-09-20,673,0.21
2026-09-20,674,0.42
2026-09-20,675,0.65
2026-09-20,676,0.41
2026-09-20,677,0.5
2026-09-20,678,0.21
2026-09-20,679,0.37
2026-09-20,680,0.92
2026-09-20,681,0.98
2026-09-20,682,0.26
2026-09-20,683,1.05
2026-09-20,684,1.92
2026-09-20,685,1.69
2026-09-20,686,1.2
2026-09-20,687,0.26
2026-09-20,688,0.87
2026-09-20,689,0.98
2026-09-20,690,0.63
2026-09-20,691,0.12
2026-09-20,692,0.89
2026-09-20,693,1.15
2026-09-20,694,1.06
2026-09-20,695,0.4
2026-09-20,696,0.46
2026-09-20,697,0.73
2026-09-20,698,0.15
2026-09-20,699,0.25
2026-09-20,700,0.27
2026-09-20,701,0.19
2026-09-20,702,0.5
2026-09-20,703,0.6
2026-09-20,704,0.17
2026-09-20,705,0.39
2026-09-20,706,0.51
2026-09-20,707,0.56
2026-09-20,708,0.56
2026-09-20,709,0.42
2026-09-20,710,0.48
2026-09-20,711,0.52
2026-09-20,712,0.39
2026-09-20,713,0.19
2026-09-20,714,0.15
2026-09-20,715,0.22
2026-09-20,716,0.21
2026-09-20,717,0.1
2026-09-20,718,0.32
2026-09-20,719,0.59
2026-09-20,720,0.41
2026-09-20,721,0.28
2026-09-20,722,0.13
2026-09-20,723,0.22
2026-09-20,724,0.21
2026-09-20,725,0.17
2026-09-20,726,0.46
2026-09-20,727,0.35
2026-09-20,728,0.24
2026-09-20,729,0.2
2026-09-20,730,0.26
2026-09-20,731,0.27
2026-09-20,732,0.28
2026-09-20,733,0.99
2026-09-20,734,0.92
2026-09-20,735,0.48
2026-09-20,736,0.14
2026-09-20,737,0.17
2026-09-20,738,0.3
2026-09-20,739,0.4
2026-09-20,740,0.43
2026-09-20,741,0.33
2026-09-20,742,0.38
2026-09-20,743,0.18
2026-09-20,744,0.12
2026-09-20,745,0.44
2026-09-20,746,0.28
2026-09-20,747,0.28
2026-09-20,748,0.1
2026-09-20,749,0.15
2026-09-20,750,0.11
2026-09-20,751,0.1
2026-09-20,752,0.31
2026-09-20,753,0.15
2026-09-20,754,0.2
2026-09-20,755,0.27
2026-09-20,756,0.15
2026-09-20,757,0.35
2026-09-20,758,0.29
2026-09-20,759,0.2
2026-09-20,760,0.2
2026-09-20,761,0.22
2026-09-20,762,0.2
2026-09-20,763,0.32
2026-09-20,764,0.21
2026-09-20,765,0.54
2026-09-20,766,0.39
2026-09-20,767,0.32
2026-09-20,768,0.18
2026-09-20,769,0.23
2026-09-20,770,0.4
2026-09-20,771,0.26
2026-09-20,772,0.48
2026-09-20,773,0.36
2026-09-20,774,0.33
2026-09-20,775,0.12
2026-09-20,776,0.28
2026-09-20,777,0.41
2026-09-20,778,0.48
2026-09-20,779,0.23
2026-09-20,780,0.2
2026-09-20,781,0.18
2026-09-20,782,0.09
2026-09-20,783,0.1
2026-09-20,784,0.09
2026-09-20,785,0.18
2026-09-20,786,0.08
2026-09-20,787,0.15
2026-09-20,788,0.08
2026-09-20,789,0.18
2026-09-20,790,0.29
2026-09-20,791,0.19
2026-09-20,792,0.2
2026-09-20,793,0.21
2026-09-20,794,0.27
2026-09-20,795,0.21
2026-09-20,796,0.12
2026-09-20,797,0.11
2026-09-20,798,0.14
2026-09-20,799,0.19
2026-09-20,800,0.19
2026-09-20,801,0.3
2026-09-20,802,0.14
2026-09-20,803,0.16
2026-09-20,804,0.1
2026-09-20,805,0.18
2026-09-20,806,0.2
2026-09-20,807,0.17
2026-09-20,808,0.17
2026-09-20,809,0.16
2026-09-20,810,0.2
2026-09-20,811,0.11
2026-09-20,812,0.1
2026-09-20,813,0.12
2026-09-20,814,0.22
2026-09-20,815,0.17
2026-09-20,816,0.26
2026-09-20,817,0.26
2026-09-20,818,0.28
2026-09-20,819,0.19
2026-09-20,820,0.13
2026-09-20,821,0.17
2026-09-20,822,0.42
2026-09-20,823,0.18
2026-09-20,824,0.46
2026-09-20,825,0.42
2026-09-20,826,0.29
2026-09-20,827,0.24
2026-09-20,828,0.22
2026-09-20,829,0.21
2026-09-20,830,0.3
2026-09-20,831,0.4
2026-09-20,832,0.42
2026-09-20,833,0.27
2026-09-20,834,0.27
2026-09-20,835,0.18
2026-09-20,836,0.18
2026-09-20,837,0.19
2026-09-20,838,0.22
2026-09-20,839,0.2
2026-09-20,840,0.32
2026-09-20,841,0.24
2026-09-20,842,0.24
2026-09-20,843,0.33
2026-09-20,844,0.26
2026-09-20,845,0.25
2026-09-20,846,0.2
2026-09-20,847,0.23
2026-09-20,848,0.24
2026-09-20,849,0.2
2026-09-20,850,0.21
2026-09-20,851,0.2
2026-09-20,852,0.26
2026-09-20,853,0.13
2026-09-20,854,0.14
2026-09-20,855,0.12
2026-09-20,856,0.24
2026-09-20,857,0.16
2026-09-20,858,0.11
2026-09-20,859,0.13
2026-09-20,860,0.3
2026-09-20,861,0.35
2026-09-20,862,0.48
2026-09-20,863,0.28
2026-09-20,864,0.13
2026-09-20,865,0.34
2026-09-20,866,0.26
2026-09-20,867,0.3
2026-09-20,868,0.18
2026-09-20,869,0.27
2026-09-20,870,0.31
2026-09-20,871,0.37
2026-09-20,872,0.3
2026-09-20,873,0.73
2026-09-20,874,0.6
2026-09-20,875,0.4
2026-09-20,876,1.18
2026-09-20,877,0.83
2026-09-20,878,0.28
2026-09-20,879,0.24
2026-09-20,880,0.29
2026-09-20,881,0.29
2026-09-20,882,0.34
2026-09-20,883,0.1
2026-09-20,884,0.14
2026-09-20,885,0.21
2026-09-20,886,0.14
2026-09-20,887,0.44
2026-09-20,888,0.29
2026-09-20,889,0.22
2026-09-20,890,0.28
2026-09-20,891,0.32
2026-09-20,892,0.1
2026-09-20,893,0.21
2026-09-20,894,0.2
2026-09-20,895,0.14
2026-09-20,896,0.16
2026-09-20,897,0.18
2026-09-20,898,0.18
2026-09-20,899,0.13
2026-09-20,900,0.13
2026-09-20,901,0.09
2026-09-20,902,0.12
2026-09-20,903,0.16
2026-09-20,904,0.11
2026-09-20,905,0.12
2026-09-20,906,0.19
2026-09-20,907,0.11
2026-09-20,908,0.18
2026-09-20,909,0.17
2026-09-20,910,0.14
2026-09-20,911,0.1
2026-09-20,912,0.21
2026-09-20,913,0.23
2026-09-20,914,0.1
2026-09-20,915,0.2
2026-09-20,916,0.23
2026-09-20,917,0.1
2026-09-20,918,0.25
2026-09-20,919,0.2
2026-09-20,920,0.1
2026-09-20,921,0.12
2026-09-20,922,0.15
2026-09-20,923,0.19
2026-09-20,924,0.18
2026-09-20,925,0.33
2026-09-20,926,0.24
2026-09-20,927,0.14
2026-09-20,928,0.08
2026-09-20,929,0.14
2026-09-20,930,0.13
2026-09-20,931,0.17
2026-09-20,932,0.25
2026-09-20,933,0.11
2026-09-20,934,0.1
2026-09-20,935,0.3
2026-09-20,936,0.24
2026-09-20,937,0.17
2026-09-20,938,0.23
2026-09-20,939,0.39
2026-09-20,940,0.12
2026-09-20,941,0.13
2026-09-20,942,0.2
2026-09-20,943,0.19
2026-09-20,944,0.19
2026-09-20,945,0.29
2026-09-20,946,0.12
2026-09-20,947,0.17
2026-09-20,948,0.1
2026-09-20,949,0.14
2026-09-20,950,0.09
2026-09-20,951,0.12
2026-09-20,952,0.12
2026-09-20,953,0.17
2026-09-20,954,0.15
2026-09-20,955,0.33
2026-09-20,956,0.09
2026-09-20,957,0.3
2026-09-20,958,0.18
2026-09-20,959,0.12
2026-09-20,960,0.19
2026-09-20,961,0.3
2026-09-20,962,0.12
2026-09-20,963,0.16
2026-09-20,964,0.2
2026-09-20,965,0.14
2026-09-20,966,0.17
2026-09-20,967,0.15
2026-09-20,968,0.12
2026-09-20,969,0.2
2026-09-20,970,0.2
2026-09-20,971,0.19
2026-09-20,972,0.1
2026-09-20,973,0.11
2026-09-20,974,0.12
2026-09-20,975,0.16
2026-09-20,976,0.27
2026-09-20,977,0.1
2026-09-20,978,0.15
2026-09-20,979,0.2
2026-09-20,980,0.24
2026-09-20,981,0.11
2026-09-20,982,0.28
2026-09-20,983,0.25
2026-09-20,984,0.15
2026-09-20,985,0.11
2026-09-20,986,0.1
2026-09-20,987,0.11
2026-09-20,988,0.17
2026-09-20,989,0.15
2026-09-20,990,0.12
2026-09-20,991,0.2
2026-09-20,992,0.16
2026-09-20,993,0.15
2026-09-20,994,0.17
2026-09-20,995,0.1
2026-09-20,996,0.2
2026-09-20,997,0.11
2026-09-20,998,0.12
2026-09-20,999,0.16
2026-09-20,1000,0.22
2026-09-20,1001,0.12
2026-09-20,1002,0.19
2026-09-20,1003,0.17
2026-09-20,1004,0.12
2026-09-20,1005,0.15
2026-09-20,1006,0.22
2026-09-20,1007,0.25
2026-09-20,1008,0.24
2026-09-20,1009,0.14
2026-09-20,1010,0.13
2026-09-20,1011,0.17
2026-09-20,1012,0.18
2026-09-20,1013,0.11
2026-09-20,1014,0.09
2026-09-20,1015,0.12
2026-09-20,1016,0.1
2026-09-20,1017,0.1
2026-09-20,1018,0.13
2026-09-20,1019,0.17
2026-09-20,1020,0.11
2026-09-20,1021,0.12
2026-09-20,1022,0.27
2026-09-20,1023,0.26
2026-09-20,1024,0.22
2026-09-20,1025,0.14
2026-09-20,1026,0.26
2026-09-20,1027,0.13
2026-09-20,1028,0.12
2026-09-20,1029,0.09
2026-09-20,1030,0.26
2026-09-20,1031,0.14
2026-09-20,1032,0.09
2026-09-20,1033,0.1
2026-09-20,1034,0.17
2026-09-20,1035,0.11
2026-09-20,1036,0.19
2026-09-20,1037,0.13
2026-09-20,1038,0.22
2026-09-20,1039,0.19
2026-09-20,1040,0.27
2026-09-20,1041,0.37
2026-09-20,1042,0.4
2026-09-20,1043,0.44
2026-09-20,1044,0.3
2026-09-20,1045,0.08
2026-09-20,1046,0.3
2026-09-20,1047,0.2
2026-09-20,1048,0.28
2026-09-20,1049,0.29
2026-09-20,1050,0.22
2026-09-20,1051,0.18
2026-09-20,1052,0.3
2026-09-20,1053,0.32
2026-09-20,1054,0.23
2026-09-20,1055,0.5
2026-09-20,1056,0.39
2026-09-20,1057,0.3
2026-09-20,1058,0.26
2026-09-20,1059,0.13
2026-09-20,1060,0.16
2026-09-20,1061,0.09
2026-09-20,1062,0.37
2026-09-20,1063,0.2
2026-09-20,1064,0.17
2026-09-20,1065,0.16
2026-09-20,1066,0.08
2026-09-20,1067,0.18
2026-09-20,1068,0.16
2026-09-20,1069,0.22
2026-09-20,1070,0.24
2026-09-20,1071,0.22
2026-09-20,1072,0.09
2026-09-20,1073,0.13
2026-09-20,1074,0.18
2026-09-20,1075,0.43
2026-09-20,1076,0.11
2026-09-20,1077,0.24
2026-09-20,1078,0.24
2026-09-20,1079,0.24
2026-09-20,1080,0.16
2026-09-20,1081,0.09
2026-09-20,1082,0.22
2026-09-20,1083,0.42
2026-09-20,1084,0.19
2026-09-20,1085,0.11
2026-09-20,1086,0.1
2026-09-20,1087,0.1
2026-09-20,1088,0.22
2026-09-20,1089,0.16
2026-09-20,1090,0.2
2026-09-20,1091,0.31
2026-09-20,1092,0.1
2026-09-20,1093,0.08
2026-09-20,1094,0.2
2026-09-20,1095,0.2
2026-09-20,1096,0.2
2026-09-20,1097,0.29
2026-09-20,1098,0.08
2026-09-20,1099,0.19
2026-09-20,1100,0.15
2026-09-20,1101,0.15
2026-09-20,1102,0.09
2026-09-20,1103,0.17
2026-09-20,1104,0.07
2026-09-20,1105,0.21
2026-09-20,1106,0.23
2026-09-20,1107,0.17
2026-09-20,1108,0.17
2026-09-20,1109,0.19
2026-09-20,1110,0.15
2026-09-20,1111,0.36
2026-09-20,1112,0.3
2026-09-20,1113,0.28
2026-09-20,1114,0.43
2026-09-20,1115,0.28
2026-09-20,1116,0.14
2026-09-20,1117,0.17
2026-09-20,1118,0.2
2026-09-20,1119,0.46
2026-09-20,1120,0.37
2026-09-20,1121,0.13
2026-09-20,1122,0.32
2026-09-20,1123,0.57
2026-09-20,1124,0.4
2026-09-20,1125,0.34
2026-09-20,1126,0.37
2026-09-20,1127,0.21
2026-09-20,1128,0.19
2026-09-20,1129,0.17
2026-09-20,1130,0.26
2026-09-20,1131,0.22
2026-09-20,1132,0.28
2026-09-20,1133,0.49
2026-09-20,1134,0.4
2026-09-20,1135,0.5
2026-09-20,1136,0.65
2026-09-20,1137,0.47
2026-09-20,1138,0.54
2026-09-20,1139,0.16
2026-09-20,1140,0.45
2026-09-20,1141,0.45
2026-09-20,1142,0.5
2026-09-20,1143,0.42
2026-09-20,1144,0.11
2026-09-20,1145,0.1
2026-09-20,1146,0.14
2026-09-20,1147,0.08
2026-09-20,1148,0.1
2026-09-20,1149,0.1
2026-09-20,1150,0.07
2026-09-20,1151,0.18
2026-09-20,1152,0.24
2026-09-20,1153,0.14
2026-09-20,1154,0.11
2026-09-20,1155,0.13
2026-09-20,1156,0.17
2026-09-20,1157,0.15
2026-09-20,1158,0.18
2026-09-20,1159,0.09
2026-09-20,1160,0.3
2026-09-20,1161,0.09
2026-09-20,1162,0.12
2026-09-20,1163,0.16
2026-09-20,1164,0.14
2026-09-20,1165,0.36
2026-09-20,1166,0.58
2026-09-20,1167,0.57
2026-09-20,1168,0.43
2026-09-20,1169,0.31
2026-09-20,1170,0.08
2026-09-20,1171,0.24
2026-09-20,1172,0.21
2026-09-20,1173,0.23
2026-09-20,1174,0.23
2026-09-20,1175,0.2
2026-09-20,1176,0.38
2026-09-20,1177,0.29
2026-09-20,1178,0.14
2026-09-20,1179,0.16
2026-09-20,1180,0.08
2026-09-20,1181,0.1
2026-09-20,1182,0.09
2026-09-20,1183,0.09
2026-09-20,1184,0.14
2026-09-20,1185,0.22
2026-09-20,1186,0.14
2026-09-20,1187,0.1
2026-09-20,1188,0.07
2026-09-20,1189,0.08
2026-09-20,1190,0.08
2026-09-20,1191,0.1
2026-09-20,1192,0.07
2026-09-20,1193,0.09
2026-09-20,1194,0.19
2026-09-20,1195,0.27
2026-09-20,1196,0.29
2026-09-20,1197,0.29
2026-09-20,1198,0.3
2026-09-20,1199,0.26
2026-09-20,1200,0.25
2026-09-20,1201,0.21
2026-09-20,1202,0.1
2026-09-20,1203,0.35
2026-09-20,1204,0.55
2026-09-20,1205,0.31
2026-09-20,1206,0.18
2026-09-20,1207,0.14
2026-09-20,1208,0.18
2026-09-20,1209,0.28
2026-09-20,1210,0.29
2026-09-20,1211,0.16
2026-09-20,1212,0.3
2026-09-20,1213,0.33
2026-09-20,1214,0.35
2026-09-20,1215,0.17
2026-09-20,1216,0.15
2026-09-20,1217,0.07
2026-09-20,1218,0.08
2026-09-20,1219,0.08
2026-09-20,1220,0.12
2026-09-20,1221,0.25
2026-09-20,1222,0.27
2026-09-20,1223,0.31
2026-09-20,1224,0.12
2026-09-20,1225,0.2
2026-09-20,1226,0.22
2026-09-20,1227,0.14
2026-09-20,1228,0.12
2026-09-20,1229,0.23
2026-09-20,1230,0.45
2026-09-20,1231,0.3
2026-09-20,1232,0.1
2026-09-20,1233,0.2
2026-09-20,1234,0.26
2026-09-20,1235,0.32
2026-09-20,1236,0.42
2026-09-20,1237,0.61
2026-09-20,1238,0.47
2026-09-20,1239,0.26
2026-09-20,1240,0.19
2026-09-20,1241,0.2
2026-09-20,1242,0.17
2026-09-20,1243,0.29
2026-09-20,1244,0.16
2026-09-20,1245,0.32
2026-09-20,1246,0.17
2026-09-20,1247,0.16
2026-09-20,1248,0.45
2026-09-20,1249,0.28
2026-09-20,1250,0.25
2026-09-20,1251,0.29
2026-09-20,1252,0.19
2026-09-20,1253,0.21
2026-09-20,1254,0.15
2026-09-20,1255,0.14
2026-09-20,1256,0.19
2026-09-20,1257,0.29
2026-09-20,1258,0.25
2026-09-20,1259,0.23
2026-09-20,1260,0.17
2026-09-20,1261,0.12
2026-09-20,1262,0.12
2026-09-20,1263,0.07
2026-09-20,1264,0.31
2026-09-20,1265,0.19
2026-09-20,1266,0.16
2026-09-20,1267,0.1
2026-09-20,1268,0.16
2026-09-20,1269,0.14
2026-09-20,1270,0.22
2026-09-20,1271,0.12
2026-09-20,1272,0.17
2026-09-20,1273,0.42
2026-09-20,1274,0.4
2026-09-20,1275,0.24
2026-09-20,1276,0.13
2026-09-20,1277,0.27
2026-09-20,1278,0.11
2026-09-20,1279,0.12
2026-09-20,1280,0.18
2026-09-20,1281,0.09
2026-09-20,1282,0.16
2026-09-20,1283,0.08
2026-09-20,1284,0.16
2026-09-20,1285,0.08
2026-09-20,1286,0.14
2026-09-20,1287,0.16
2026-09-20,1288,0.18
2026-09-20,1289,0.3
2026-09-20,1290,0.2
2026-09-20,1291,0.08
2026-09-20,1292,0.09
2026-09-20,1293,0.1
2026-09-20,1294,0.08
2026-09-20,1295,0.22
2026-09-20,1296,0.11
2026-09-20,1297,0.5
2026-09-20,1298,0.35
2026-09-20,1299,0.24
2026-09-20,1300,0.24
2026-09-20,1301,0.25
2026-09-20,1302,0.4
2026-09-20,1303,0.29
2026-09-20,1304,0.24
2026-09-20,1305,0.17
2026-09-20,1306,0.1
2026-09-20,1307,0.31
2026-09-20,1308,0.66
2026-09-20,1309,0.26
2026-09-20,1310,0.36
2026-09-20,1311,0.27
2026-09-20,1312,0.25
2026-09-20,1313,0.5
2026-09-20,1314,0.5
2026-09-20,1315,0.36
2026-09-20,1316,0.26
2026-09-20,1317,0.39
2026-09-20,1318,0.58
2026-09-20,1319,0.4
2026-09-20,1320,0.18
2026-09-20,1321,0.41
2026-09-20,1322,0.49
2026-09-20,1323,0.33
2026-09-20,1324,0.31
2026-09-20,1325,0.39
2026-09-20,1326,0.67
2026-09-20,1327,0.28
2026-09-20,1328,0.37
2026-09-20,1329,0.44
2026-09-20,1330,0.6
2026-09-20,1331,1.28
2026-09-20,1332,1.13
2026-09-20,1333,1.01
2026-09-20,1334,1.43
2026-09-20,1335,2.13
2026-09-20,1336,1.92
2026-09-20,1337,0.7
2026-09-20,1338,1.76
2026-09-20,1339,0.59
2026-09-20,1340,1.45
2026-09-20,1341,0.57
2026-09-20,1342,0.2
2026-09-20,1343,0.89
2026-09-20,1344,0.53
2026-09-20,1345,0.52
2026-09-20,1346,0.71
2026-09-20,1347,0.88
2026-09-20,1348,0.59
2026-09-20,1349,0.39
2026-09-20,1350,0.9
2026-09-20,1351,0.52
2026-09-20,1352,0.51
2026-09-20,1353,0.51
2026-09-20,1354,0.35
2026-09-20,1355,0.44
2026-09-20,1356,0.56
2026-09-20,1357,0.32
2026-09-20,1358,0.36
2026-09-20,1359,0.36
2026-09-20,1360,0.16
2026-09-20,1361,0.28
2026-09-20,1362,0.24
2026-09-20,1363,0.21
2026-09-20,1364,0.26
2026-09-20,1365,0.3
2026-09-20,1366,0.42
2026-09-20,1367,0.23
2026-09-20,1368,0.15
2026-09-20,1369,0.19
2026-09-20,1370,0.75
2026-09-20,1371,0.73
2026-09-20,1372,1.06
2026-09-20,1373,0.22
2026-09-20,1374,0.31
2026-09-20,1375,0.5
2026-09-20,1376,0.18
2026-09-20,1377,0.94
2026-09-20,1378,0.88
2026-09-20,1379,0.45
2026-09-20,1380,0.88
2026-09-20,1381,0.22
2026-09-20,1382,0.44
2026-09-20,1383,0.77
2026-09-20,1384,1.39
2026-09-20,1385,1.04
2026-09-20,1386,1.13
2026-09-20,1387,1.19
2026-09-20,1388,0.58
2026-09-20,1389,0.5
2026-09-20,1390,1.01
2026-09-20,1391,0.56
2026-09-20,1392,1.32
2026-09-20,1393,0.44
2026-09-20,1394,0.58
2026-09-20,1395,0.64
2026-09-20,1396,0.17
2026-09-20,1397,0.85
2026-09-20,1398,0.34
2026-09-20,1399,0.67
2026-09-20,1400,0.52
2026-09-20,1401,0.72
2026-09-20,1402,0.8
2026-09-20,1403,0.44
2026-09-20,1404,0.3
2026-09-20,1405,0.57
2026-09-20,1406,0.35
2026-09-20,1407,0.86
2026-09-20,1408,0.24
2026-09-20,1409,0.5
2026-09-20,1410,0.5
2026-09-20,1411,0.24
2026-09-20,1412,0.81
2026-09-20,1413,0.51
2026-09-20,1414,0.25
2026-09-20,1415,0.39
2026-09-20,1416,0.2
2026-09-20,1417,0.43
2026-09-20,1418,0.38
2026-09-20,1419,0.2
2026-09-20,1420,0.29
2026-09-20,1421,0.21
2026-09-20,1422,0.19
2026-09-20,1423,0.28
2026-09-20,1424,0.3
2026-09-20,1425,0.32
2026-09-20,1426,0.42
2026-09-20,1427,0.18
2026-09-20,1428,0.07
2026-09-20,1429,0.4
2026-09-20,1430,0.33
2026-09-20,1431,0.37
2026-09-20,1432,0.34
2026-09-20,1433,0.53
2026-09-20,1434,0.55
2026-09-20,1435,0.45
2026-09-20,1436,0.4
2026-09-20,1437,0.33
2026-09-20,1438,0.32
2026-09-20,1439,0.65
2026-09-21,1,0.21
2026-09-21,2,0.77
2026-09-21,3,0.33
2026-09-21,4,0.32
2026-09-21,5,0.32
2026-09-21,6,0.39
2026-09-21,7,0.38
2026-09-21,8,0.21
2026-09-21,9,0.41
2026-09-21,10,0.4
2026-09-21,11,0.43
2026-09-21,12,0.6
2026-09-21,13,0.41
2026-09-21,14,0.19
2026-09-21,15,0.36
2026-09-21,16,0.08
2026-09-21,17,0.3
2026-09-21,18,0.31
2026-09-21,19,0.4
2026-09-21,20,0.39
2026-09-21,21,0.34
2026-09-21,22,0.41
2026-09-21,23,0.36
2026-09-21,24,0.43
2026-09-21,25,0.43
2026-09-21,26,0.3
2026-09-21,27,0.31
2026-09-21,28,0.72
2026-09-21,29,0.57
2026-09-21,30,0.42
2026-09-21,31,0.4
2026-09-21,32,1.14
2026-09-21,33,0.57
2026-09-21,34,0.6
2026-09-21,35,0.58
2026-09-21,36,1.03
2026-09-21,37,0.2
2026-09-21,38,0.38
2026-09-21,39,0.17
2026-09-21,40,0.24
2026-09-21,41,0.16
2026-09-21,42,0.4
2026-09-21,43,0.47
2026-09-21,44,0.32
2026-09-21,45,0.3
2026-09-21,46,0.25
2026-09-21,47,0.13
2026-09-21,48,0.32
2026-09-21,49,0.6
2026-09-21,50,0.28
2026-09-21,51,0.75
2026-09-21,52,0.4
2026-09-21,53,0.2
2026-09-21,54,0.63
2026-09-21,55,0.4
2026-09-21,56,0.37
2026-09-21,57,0.19
2026-09-21,58,0.31
2026-09-21,59,0.33
2026-09-21,60,0.14
2026-09-21,61,0.18
2026-09-21,62,0.37
2026-09-21,63,0.3
2026-09-21,64,0.25
2026-09-21,65,0.22
2026-09-21,66,0.31
2026-09-21,67,0.1
2026-09-21,68,0.23
2026-09-21,69,0.27
2026-09-21,70,0.26
2026-09-21,71,0.1
2026-09-21,72,0.1
2026-09-21,73,0.19
2026-09-21,74,0.16
2026-09-21,75,0.27
2026-09-21,76,0.21
2026-09-21,77,0.06
2026-09-21,78,0.13
2026-09-21,79,0.19
2026-09-21,80,0.15
2026-09-21,81,0.19
2026-09-21,82,0.08
2026-09-21,83,0.12
2026-09-21,84,0.15
2026-09-21,85,0.12
2026-09-21,86,0.12
2026-09-21,87,0.12
2026-09-21,88,0.12
2026-09-21,89,0.1
2026-09-21,90,0.11
2026-09-21,91,0.19
2026-09-21,92,0.18
2026-09-21,93,0.2
2026-09-21,94,0.2
2026-09-21,95,0.12
2026-09-21,96,0.28
2026-09-21,97,0.14
2026-09-21,98,0.06
2026-09-21,99,0.24
2026-09-21,100,0.2
2026-09-21,101,0.15
2026-09-21,102,0.2
2026-09-21,103,0.27
2026-09-21,104,0.26
2026-09-21,105,0.08
2026-09-21,106,0.06
2026-09-21,107,0.1
2026-09-21,108,0.11
2026-09-21,109,0.21
2026-09-21,110,0.3
2026-09-21,111,0.07
2026-09-21,112,0.22
2026-09-21,113,0.15
2026-09-21,114,0.13
2026-09-21,115,0.16
2026-09-21,116,0.11
2026-09-21,117,0.08
2026-09-21,118,0.11
2026-09-21,119,0.1
2026-09-21,120,0.18
2026-09-21,121,0.21
2026-09-21,122,0.11
2026-09-21,123,0.1
2026-09-21,124,0.2
2026-09-21,125,0.21
2026-09-21,126,0.14
2026-09-21,127,0.18
2026-09-21,128,0.18
2026-09-21,129,0.16
2026-09-21,130,0.09
2026-09-21,131,0.1
2026-09-21,132,0.28
2026-09-21,133,0.24
2026-09-21,134,0.22
2026-09-21,135,0.26
2026-09-21,136,0.25
2026-09-21,137,0.22
2026-09-21,138,0.21
2026-09-21,139,0.21
2026-09-21,140,0.11
2026-09-21,141,0.05
2026-09-21,142,0.1
2026-09-21,143,0.11
2026-09-21,144,0.15
2026-09-21,145,0.12
2026-09-21,146,0.19
2026-09-21,147,0.07
2026-09-21,148,0.05
2026-09-21,149,0.11
2026-09-21,150,0.1
2026-09-21,151,0.13
2026-09-21,152,0.13
2026-09-21,153,0.15
2026-09-21,154,0.18
2026-09-21,155,0.09
2026-09-21,156,0.28
2026-09-21,157,0.15
2026-09-21,158,0.2
2026-09-21,159,0.1
2026-09-21,160,0.21
2026-09-21,161,0.18
2026-09-21,162,0.3
2026-09-21,163,0.46
2026-09-21,164,0.3
2026-09-21,165,0.22
2026-09-21,166,0.29
2026-09-21,167,0.22
2026-09-21,168,0.2
2026-09-21,169,0.49
2026-09-21,170,0.1
2026-09-21,171,0.29
2026-09-21,172,0.38
2026-09-21,173,0.18
2026-09-21,174,0.09
2026-09-21,175,0.42
2026-09-21,176,0.16
2026-09-21,177,0.29
2026-09-21,178,0.23
2026-09-21,179,0.09
2026-09-21,180,0.18
2026-09-21,181,0.22
2026-09-21,182,0.14
2026-09-21,183,0.2
2026-09-21,184,0.15
2026-09-21,185,0.1
2026-09-21,186,0.49
2026-09-21,187,0.3
2026-09-21,188,0.37
2026-09-21,189,0.42
2026-09-21,190,0.31
2026-09-21,191,0.27
2026-09-21,192,0.35
2026-09-21,193,0.2
2026-09-21,194,0.17
2026-09-21,195,0.26
2026-09-21,196,0.33
2026-09-21,197,0.1
2026-09-21,198,0.22
2026-09-21,199,0.38
2026-09-21,200,0.1
2026-09-21,201,0.48
2026-09-21,202,0.18
2026-09-21,203,0.17
2026-09-21,204,0.2
2026-09-21,205,0.16
2026-09-21,206,0.32
2026-09-21,207,0.28
2026-09-21,208,0.27
2026-09-21,209,0.2
2026-09-21,210,0.29
2026-09-21,211,0.16
2026-09-21,212,0.08
2026-09-21,213,0.17
2026-09-21,214,0.26
2026-09-21,215,0.1
2026-09-21,216,0.27
2026-09-21,217,0.28
2026-09-21,218,0.2
2026-09-21,219,0.28
2026-09-21,220,0.34
2026-09-21,221,0.09
2026-09-21,222,0.2
2026-09-21,223,0.23
2026-09-21,224,0.21
2026-09-21,225,0.08
2026-09-21,226,0.23
2026-09-21,227,0.27
2026-09-21,228,0.15
2026-09-21,229,0.02
2026-09-21,230,0.37
2026-09-21,231,0.16
2026-09-21,232,0.11
2026-09-21,233,0.1
2026-09-21,234,0.18
2026-09-21,235,0.11
2026-09-21,236,0.1
2026-09-21,237,0.1
2026-09-21,238,0.27
2026-09-21,239,0.1
2026-09-21,240,0.12
2026-09-21,241,0.15
2026-09-21,242,0.1
2026-09-21,243,0.2
2026-09-21,244,0.13
2026-09-21,245,0.12
2026-09-21,246,0.09
2026-09-21,247,0.08
2026-09-21,248,0.16
2026-09-21,249,0.19
2026-09-21,250,0.19
2026-09-21,251,0.17
2026-09-21,252,0.1
2026-09-21,253,0.2
2026-09-21,254,0.19
2026-09-21,255,0.18
2026-09-21,256,0.1
2026-09-21,257,0.19
2026-09-21,258,0.21
2026-09-21,259,0.22
2026-09-21,260,0.18
2026-09-21,261,0.45
2026-09-21,262,0.22
2026-09-21,263,0.16
2026-09-21,264,0.14
2026-09-21,265,0.09
2026-09-21,266,0.09
2026-09-21,267,0.1
2026-09-21,268,0.25
2026-09-21,269,0.13
2026-09-21,270,0.24
2026-09-21,271,0.35
2026-09-21,272,0.31
2026-09-21,273,0.35
2026-09-21,274,0.32
2026-09-21,275,0.27
2026-09-21,276,0.21
2026-09-21,277,0.28
2026-09-21,278,0.11
2026-09-21,279,0.04
2026-09-21,280,0.32
2026-09-21,281,0.27
2026-09-21,282,0.14
2026-09-21,283,0.13
2026-09-21,284,0.14
2026-09-21,285,0.28
2026-09-21,286,0.13
2026-09-21,287,0.13
2026-09-21,288,0.21
2026-09-21,289,0.12
2026-09-21,290,0.18
2026-09-21,291,0.38
2026-09-21,292,0.26
2026-09-21,293,0.28
2026-09-21,294,0.22
2026-09-21,295,0.09
2026-09-21,296,0.22
2026-09-21,297,0.14
2026-09-21,298,0.21
2026-09-21,299,0.14
2026-09-21,300,0.14
2026-09-21,301,0.11
2026-09-21,302,0.12
2026-09-21,303,0.12
2026-09-21,304,0.19
2026-09-21,305,0.18
2026-09-21,306,0.18
2026-09-21,307,0.27
2026-09-21,308,0.32
2026-09-21,309,0.25
2026-09-21,310,0.23
2026-09-21,311,0.26
2026-09-21,312,0.2
2026-09-21,313,0.2
2026-09-21,314,0.24
2026-09-21,315,0.21
2026-09-21,316,0.21
2026-09-21,317,0.2
2026-09-21,318,0.14
2026-09-21,319,0.15
2026-09-21,320,0.23
2026-09-21,321,0.17
2026-09-21,322,0.19
2026-09-21,323,0.2
2026-09-21,324,0.21
2026-09-21,325,0.1
2026-09-21,326,0.28
2026-09-21,327,0.21
2026-09-21,328,0.12
2026-09-21,329,0.11
2026-09-21,330,0.09
2026-09-21,331,0.13
2026-09-21,332,0.2
2026-09-21,333,0.16
2026-09-21,334,0.2
2026-09-21,335,0.17
2026-09-21,336,0.26
2026-09-21,337,0.27
2026-09-21,338,0.21
2026-09-21,339,0.12
2026-09-21,340,0.1
2026-09-21,341,0.13
2026-09-21,342,0.15
2026-09-21,343,0.07
2026-09-21,344,0.12
2026-09-21,345,0.1
2026-09-21,346,0.23
2026-09-21,347,0.26
2026-09-21,348,0.23
2026-09-21,349,0.17
2026-09-21,350,0.5
2026-09-21,351,0.17
2026-09-21,352,0.22
2026-09-21,353,0.09
2026-09-21,354,0.15
2026-09-21,355,0.13
2026-09-21,356,0.1
2026-09-21,357,0.18
2026-09-21,358,0.18
2026-09-21,359,0.22
2026-09-21,360,0.35
2026-09-21,361,0.2
2026-09-21,362,0.1
2026-09-21,363,0.07
2026-09-21,364,0.08
2026-09-21,365,0.09
2026-09-21,366,0.3
2026-09-21,367,0.18
2026-09-21,368,0.2
2026-09-21,369,0.37
2026-09-21,370,0.24
2026-09-21,371,0.12
2026-09-21,372,0.2
2026-09-21,373,0.4
2026-09-21,374,0.11
2026-09-21,375,0.14
2026-09-21,376,0.18
2026-09-21,377,0.19
2026-09-21,378,0.28
2026-09-21,379,0.22
2026-09-21,380,0.3
2026-09-21,381,0.39
2026-09-21,382,0.16
2026-09-21,383,0.31
2026-09-21,384,0.11
2026-09-21,385,0.2
2026-09-21,386,0.2
2026-09-21,387,0.27
2026-09-21,388,0.35
2026-09-21,389,0.2
2026-09-21,390,0.1
2026-09-21,391,0.15
2026-09-21,392,0.13
2026-09-21,393,0.2
2026-09-21,394,0.29
2026-09-21,395,0.12
2026-09-21,396,0.18
2026-09-21,397,0.36
2026-09-21,398,0.4
2026-09-21,399,0.17
2026-09-21,400,0.12
2026-09-21,401,0.12
2026-09-21,402,0.15
2026-09-21,403,0.22
2026-09-21,404,0.07
2026-09-21,405,0.2
2026-09-21,406,0.07
2026-09-21,407,0.12
2026-09-21,408,0.15
2026-09-21,409,0.16
2026-09-21,410,0.16
2026-09-21,411,0.14
2026-09-21,412,0.24
2026-09-21,413,0.15
2026-09-21,414,0.24
2026-09-21,415,0.25
2026-09-21,416,0.19
2026-09-21,417,0.2
2026-09-21,418,0.34
2026-09-21,419,0.19
2026-09-21,420,0.26
2026-09-21,421,0.25
2026-09-21,422,0.31
2026-09-21,423,0.28
2026-09-21,424,0.33
2026-09-21,425,0.19
2026-09-21,426,0.1
2026-09-21,427,0.15
2026-09-21,428,0.11
2026-09-21,429,0.21
2026-09-21,430,0.25
2026-09-21,431,0.36
2026-09-21,432,0.4
2026-09-21,433,0.14
2026-09-21,434,0.2
2026-09-21,435,0.09
2026-09-21,436,0.15
2026-09-21,437,0.25
2026-09-21,438,0.22
2026-09-21,439,0.19
2026-09-21,440,0.16
2026-09-21,441,0.16
2026-09-21,442,0.2
2026-09-21,443,0.31
2026-09-21,444,0.11
2026-09-21,445,0.1
2026-09-21,446,0.4
2026-09-21,447,0.37
2026-09-21,448,0.18
2026-09-21,449,0.1
2026-09-21,450,0.2
2026-09-21,451,0.23
2026-09-21,452,0.29
2026-09-21,453,0.24
2026-09-21,454,0.17
2026-09-21,455,0.23
2026-09-21,456,0.33
2026-09-21,457,0.33
2026-09-21,458,0.08
2026-09-21,459,0.25
2026-09-21,460,0.1
2026-09-21,461,0.11
2026-09-21,462,0.19
2026-09-21,463,0.16
2026-09-21,464,0.1
2026-09-21,465,0.11
2026-09-21,466,0.12
2026-09-21,467,0.13
2026-09-21,468,0.18
2026-09-21,469,0.27
2026-09-21,470,0.13
2026-09-21,471,0.13
2026-09-21,472,0.18
2026-09-21,473,0.19
2026-09-21,474,0.15
2026-09-21,475,0.18
2026-09-21,476,0.09
2026-09-21,477,0.3
2026-09-21,478,0.6
2026-09-21,479,0.26
2026-09-21,480,0.33
2026-09-21,481,0.33
2026-09-21,482,0.16
2026-09-21,483,0.23
2026-09-21,484,0.11
2026-09-21,485,0.23
2026-09-21,486,0.18
2026-09-21,487,0.14
2026-09-21,488,0.11
2026-09-21,489,0.25
2026-09-21,490,0.11
2026-09-21,491,0.17
2026-09-21,492,0.14
2026-09-21,493,0.27
2026-09-21,494,0.09
2026-09-21,495,0.18
2026-09-21,496,0.11
2026-09-21,497,0.19
2026-09-21,498,0.14
2026-09-21,499,0.22
2026-09-21,500,0.19
2026-09-21,501,0.14
2026-09-21,502,0.35
2026-09-21,503,0.48
2026-09-21,504,0.3
2026-09-21,505,0.15
2026-09-21,506,0.34
2026-09-21,507,0.37
2026-09-21,508,0.37
2026-09-21,509,0.25
2026-09-21,510,0.2
2026-09-21,511,0.2
2026-09-21,512,0.23
2026-09-21,513,0.2
2026-09-21,514,0.2
2026-09-21,515,0.12
2026-09-21,516,0.14
2026-09-21,517,0.25
2026-09-21,518,0.2
2026-09-21,519,0.4
2026-09-21,520,0.25
2026-09-21,521,0.22
2026-09-21,522,0.34
2026-09-21,523,0.25
2026-09-21,524,0.17
2026-09-21,525,0.45
2026-09-21,526,0.15
2026-09-21,527,0.21
2026-09-21,528,0.35
2026-09-21,529,0.25
2026-09-21,530,0.27
2026-09-21,531,0.29
2026-09-21,532,0.2
2026-09-21,533,0.26
2026-09-21,534,0.13
2026-09-21,535,0.28
2026-09-21,536,0.19
2026-09-21,537,0.31
2026-09-21,538,0.38
2026-09-21,539,0.3
2026-09-21,540,0.25
2026-09-21,541,0.24
2026-09-21,542,0.21
2026-09-21,543,0.3
2026-09-21,544,0.25
2026-09-21,545,0.21
2026-09-21,546,0.16
2026-09-21,547,0.15
2026-09-21,548,0.41
2026-09-21,549,0.39
2026-09-21,550,0.19
2026-09-21,551,0.36
2026-09-21,552,0.36
2026-09-21,553,0.3
2026-09-21,554,0.3
2026-09-21,555,0.34
2026-09-21,556,0.3
2026-09-21,557,0.23
2026-09-21,558,0.19
2026-09-21,559,0.21
2026-09-21,560,0.12
2026-09-21,561,0.26
2026-09-21,562,0.33
2026-09-21,563,0.2
2026-09-21,564,0.26
2026-09-21,565,0.23
2026-09-21,566,0.26
2026-09-21,567,0.2
2026-09-21,568,0.26
2026-09-21,569,0.32
2026-09-21,570,0.49
2026-09-21,571,0.35
2026-09-21,572,0.45
2026-09-21,573,0.52
2026-09-21,574,0.34
2026-09-21,575,0.29
2026-09-21,576,0.29
2026-09-21,577,0.2
2026-09-21,578,0.24
2026-09-21,579,0.2
2026-09-21,580,0.14
2026-09-21,581,0.39
2026-09-21,582,0.26
2026-09-21,583,0.37
2026-09-21,584,0.43
2026-09-21,585,0.28
2026-09-21,586,0.24
2026-09-21,587,0.31
2026-09-21,588,0.29
2026-09-21,589,0.23
2026-09-21,590,0.26
2026-09-21,591,0.2
2026-09-21,592,0.2
2026-09-21,593,0.24
2026-09-21,594,0.18
2026-09-21,595,0.28
2026-09-21,596,0.42
2026-09-21,597,0.33
2026-09-21,598,0.5
2026-09-21,599,0.39
2026-09-21,600,0.4
2026-09-21,601,0.54
2026-09-21,602,0.5
2026-09-21,603,0.43
2026-09-21,604,0.43
2026-09-21,605,0.3
2026-09-21,606,0.31
2026-09-21,607,0.24
2026-09-21,608,0.32
2026-09-21,609,0.33
2026-09-21,610,0.31
2026-09-21,611,0.16
2026-09-21,612,0.28
2026-09-21,613,0.26
2026-09-21,614,0.2
2026-09-21,615,0.3
2026-09-21,616,0.4
2026-09-21,617,0.39
2026-09-21,618,0.28
2026-09-21,619,0.28
2026-09-21,620,0.35
2026-09-21,621,0.2
2026-09-21,622,0.16
2026-09-21,623,0.19
2026-09-21,624,0.1
2026-09-21,625,0.16
2026-09-21,626,0.44
2026-09-21,627,0.41
2026-09-21,628,0.38
2026-09-21,629,0.31
2026-09-21,630,0.2
2026-09-21,631,0.49
2026-09-21,632,0.5
2026-09-21,633,0.44
2026-09-21,634,0.43
2026-09-21,635,0.5
2026-09-21,636,0.49
2026-09-21,637,0.51
2026-09-21,638,0.51
2026-09-21,639,0.3
2026-09-21,640,0.33
2026-09-21,641,0.19
2026-09-21,642,0.21
2026-09-21,643,0.2
2026-09-21,644,0.1
2026-09-21,645,0.23
2026-09-21,646,0.34
2026-09-21,647,0.12
2026-09-21,648,0.13
2026-09-21,649,0.2
2026-09-21,650,0.32
2026-09-21,651,0.53
2026-09-21,652,0.19
2026-09-21,653,0.17
2026-09-21,654,0.32
2026-09-21,655,0.17
2026-09-21,656,0.62
2026-09-21,657,0.19
2026-09-21,658,0.46
2026-09-21,659,0.24
2026-09-21,660,0.17
2026-09-21,661,0.27
2026-09-21,662,0.44
2026-09-21,663,0.67
2026-09-21,664,0.34
2026-09-21,665,0.19
2026-09-21,666,0.38
2026-09-21,667,0.39
2026-09-21,668,0.35
2026-09-21,669,0.2
2026-09-21,670,0.57
2026-09-21,671,0.9
2026-09-21,672,0.31
2026-09-21,673,0.44
2026-09-21,674,0.27
2026-09-21,675,0.47
2026-09-21,676,0.42
2026-09-21,677,0.26
2026-09-21,678,0.51
2026-09-21,679,0.27
2026-09-21,680,0.65
2026-09-21,681,0.25
2026-09-21,682,0.24
2026-09-21,683,0.2
2026-09-21,684,0.2
2026-09-21,685,0.18
2026-09-21,686,0.15
2026-09-21,687,0.21
2026-09-21,688,0.15
2026-09-21,689,0.26
2026-09-21,690,0.14
2026-09-21,691,0.27
2026-09-21,692,0.28
2026-09-21,693,0.09
2026-09-21,694,0.35
2026-09-21,695,0.31
2026-09-21,696,0.26
2026-09-21,697,0.25
2026-09-21,698,0.46
2026-09-21,699,0.24
2026-09-21,700,0.34
2026-09-21,701,0.28
2026-09-21,702,0.39
2026-09-21,703,0.27
2026-09-21,704,0.35
2026-09-21,705,0.21
2026-09-21,706,0.25
2026-09-21,707,0.28
2026-09-21,708,0.32
2026-09-21,709,0.4
2026-09-21,710,0.39
2026-09-21,711,0.52
2026-09-21,712,0.19
2026-09-21,713,0.11
2026-09-21,714,0.32
2026-09-21,715,0.14
2026-09-21,716,0.22
2026-09-21,717,0.27
2026-09-21,718,0.19
2026-09-21,719,0.2
2026-09-21,720,0.5
2026-09-21,721,0.22
2026-09-21,722,0.09
2026-09-21,723,0.3
2026-09-21,724,0.24
2026-09-21,725,0.11
2026-09-21,726,0.3
2026-09-21,727,0.21
2026-09-21,728,0.2
2026-09-21,729,0.27
2026-09-21,730,0.2
2026-09-21,731,0.1
2026-09-21,732,0.3
2026-09-21,733,0.22
2026-09-21,734,0.15
2026-09-21,735,0.12
2026-09-21,736,0.26
2026-09-21,737,0.11
2026-09-21,738,0.19
2026-09-21,739,0.21
2026-09-21,740,0.1
2026-09-21,741,0.19
2026-09-21,742,0.13
2026-09-21,743,0.52
2026-09-21,744,0.12
2026-09-21,745,0.53
2026-09-21,746,0.43
2026-09-21,747,0.19
2026-09-21,748,0.22
2026-09-21,749,0.1
2026-09-21,750,0.43
2026-09-21,751,0.22
2026-09-21,752,0.12
2026-09-21,753,0.67
2026-09-21,754,0.1
2026-09-21,755,0.28
2026-09-21,756,0.34
2026-09-21,757,0.23
2026-09-21,758,0.07
2026-09-21,759,0.27
2026-09-21,760,0.12
2026-09-21,761,0.43
2026-09-21,762,0.22
2026-09-21,763,0.09
2026-09-21,764,0.16
2026-09-21,765,0.28
2026-09-21,766,0.15
2026-09-21,767,0.1
2026-09-21,768,0.12
2026-09-21,769,0.07
2026-09-21,770,0.06
2026-09-21,771,0.22
2026-09-21,772,0.3
2026-09-21,773,0.16
2026-09-21,774,0.25
2026-09-21,775,0.29
2026-09-21,776,0.34
2026-09-21,777,0.26
2026-09-21,778,0.4
2026-09-21,779,0.16
2026-09-21,780,0.1
2026-09-21,781,0.19
2026-09-21,782,0.25
2026-09-21,783,0.12
2026-09-21,784,0.19
2026-09-21,785,0.3
2026-09-21,786,0.14
2026-09-21,787,0.42
2026-09-21,788,0.1
2026-09-21,789,0.24
2026-09-21,790,0.29
2026-09-21,791,0.27
2026-09-21,792,0.25
2026-09-21,793,0.29
2026-09-21,794,0.31
2026-09-21,795,0.25
2026-09-21,796,0.14
2026-09-21,797,0.15
2026-09-21,798,0.12
2026-09-21,799,0.13
2026-09-21,800,0.31
2026-09-21,801,0.13
2026-09-21,802,0.12
2026-09-21,803,0.17
2026-09-21,804,0.25
2026-09-21,805,0.16
2026-09-21,806,0.2
2026-09-21,807,0.16
2026-09-21,808,0.15
2026-09-21,809,0.21
2026-09-21,810,0.1
2026-09-21,811,0.11
2026-09-21,812,0.19
2026-09-21,813,0.34
2026-09-21,814,0.16
2026-09-21,815,0.17
2026-09-21,816,0.2
2026-09-21,817,0.24
2026-09-21,818,0.22
2026-09-21,819,0.27
2026-09-21,820,0.19
2026-09-21,821,0.25
2026-09-21,822,0.21
2026-09-21,823,0.2
2026-09-21,824,0.16
2026-09-21,825,0.14
2026-09-21,826,0.35
2026-09-21,827,0.2
2026-09-21,828,0.2
2026-09-21,829,0.19
2026-09-21,830,0.24
2026-09-21,831,0.2
2026-09-21,832,0.21
2026-09-21,833,0.2
2026-09-21,834,0.25
2026-09-21,835,0.12
2026-09-21,836,0.22
2026-09-21,837,0.15
2026-09-21,838,0.16
2026-09-21,839,0.25
2026-09-21,840,0.1
2026-09-21,841,0.17
2026-09-21,842,0.13
2026-09-21,843,0.1
2026-09-21,844,0.16
2026-09-21,845,0.19
2026-09-21,846,0.19
2026-09-21,847,0.2
2026-09-21,848,0.13
2026-09-21,849,0.23
2026-09-21,850,0.19
2026-09-21,851,0.11
2026-09-21,852,0.1
2026-09-21,853,0.18
2026-09-21,854,0.15
2026-09-21,855,0.09
2026-09-21,856,0.17
2026-09-21,857,0.14
2026-09-21,858,0.18
2026-09-21,859,0.15
2026-09-21,860,0.14
2026-09-21,861,0.18
2026-09-21,862,0.14
2026-09-21,863,0.15
2026-09-21,864,0.15
2026-09-21,865,0.14
2026-09-21,866,0.17
2026-09-21,867,0.21
2026-09-21,868,0.1
2026-09-21,869,0.13
2026-09-21,870,0.15
2026-09-21,871,0.13
2026-09-21,872,0.13
2026-09-21,873,0.09
2026-09-21,874,0.11
2026-09-21,875,0.14
2026-09-21,876,0.11
2026-09-21,877,0.23
2026-09-21,878,0.22
2026-09-21,879,0.24
2026-09-21,880,0.21
2026-09-21,881,0.08
2026-09-21,882,0.28
2026-09-21,883,0.11
2026-09-21,884,0.24
2026-09-21,885,0.15
2026-09-21,886,0.21
2026-09-21,887,0.09
2026-09-21,888,0.16
2026-09-21,889,0.12
2026-09-21,890,0.13
2026-09-21,891,0.1
2026-09-21,892,0.1
2026-09-21,893,0.2
2026-09-21,894,0.02
2026-09-21,895,0.23
2026-09-21,896,0.11
2026-09-21,897,0.3
2026-09-21,898,0.16
2026-09-21,899,0.16
2026-09-21,900,0.2
2026-09-21,901,0.45
2026-09-21,902,0.11
2026-09-21,903,0.1
2026-09-21,904,0.12
2026-09-21,905,0.11
2026-09-21,906,0.13
2026-09-21,907,0.13
2026-09-21,908,0.17
2026-09-21,909,0.06
2026-09-21,910,0.12
2026-09-21,911,0.08
2026-09-21,912,0.08
2026-09-21,913,0.14
2026-09-21,914,0.12
2026-09-21,915,0.1
2026-09-21,916,0.18
2026-09-21,917,0.1
2026-09-21,918,0.12
2026-09-21,919,0.08
2026-09-21,920,0.1
2026-09-21,921,0.12
2026-09-21,922,0.17
2026-09-21,923,0.12
2026-09-21,924,0.2
2026-09-21,925,0.18
2026-09-21,926,0.09
2026-09-21,927,0.29
2026-09-21,928,0.15
2026-09-21,929,0.24
2026-09-21,930,0.18
2026-09-21,931,0.2
2026-09-21,932,0.12
2026-09-21,933,0.08
2026-09-21,934,0.2
2026-09-21,935,0.23
2026-09-21,936,0.13
2026-09-21,937,0.23
2026-09-21,938,0.14
2026-09-21,939,0.12
2026-09-21,940,0.16
2026-09-21,941,0.08
2026-09-21,942,0.11
2026-09-21,943,0.08
2026-09-21,944,0.1
2026-09-21,945,0.18
2026-09-21,946,0.22
2026-09-21,947,0.25
2026-09-21,948,0.06
2026-09-21,949,0.19
2026-09-21,950,0.15
2026-09-21,951,0.13
2026-09-21,952,0.26
2026-09-21,953,0.24
2026-09-21,954,0.31
2026-09-21,955,0.12
2026-09-21,956,0.42
2026-09-21,957,0.23
2026-09-21,958,0.07
2026-09-21,959,0.3
2026-09-21,960,0.19
2026-09-21,961,0.12
2026-09-21,962,0.12
2026-09-21,963,0.1
2026-09-21,964,0.18
2026-09-21,965,0.3
2026-09-21,966,0.16
2026-09-21,967,0.15
2026-09-21,968,0.13
2026-09-21,969,0.26
2026-09-21,970,0.3
2026-09-21,971,0.08
2026-09-21,972,0.4
2026-09-21,973,0.3
2026-09-21,974,0.6
2026-09-21,975,0.73
2026-09-21,976,0.22
2026-09-21,977,0.38
2026-09-21,978,0.4
2026-09-21,979,0.22
2026-09-21,980,0.45
2026-09-21,981,0.28
2026-09-21,982,0.18
2026-09-21,983,0.4
2026-09-21,984,0.11
2026-09-21,985,0.17
2026-09-21,986,0.16
2026-09-21,987,0.16
2026-09-21,988,0.23
2026-09-21,989,1.18
2026-09-21,990,1.25
2026-09-21,991,0.72
2026-09-21,992,0.49
2026-09-21,993,0.57
2026-09-21,994,0.43
2026-09-21,995,0.25
2026-09-21,996,0.59
2026-09-21,997,0.5
2026-09-21,998,0.2
2026-09-21,999,0.34
2026-09-21,1000,0.78
2026-09-21,1001,0.71
2026-09-21,1002,0.76
2026-09-21,1003,0.27
2026-09-21,1004,0.2
2026-09-21,1005,0.2
2026-09-21,1006,0.2
2026-09-21,1007,0.1
2026-09-21,1008,0.25
2026-09-21,1009,0.23
2026-09-21,1010,0.16
2026-09-21,1011,0.16
2026-09-21,1012,0.27
2026-09-21,1013,0.2
2026-09-21,1014,0.27
2026-09-21,1015,0.14
2026-09-21,1016,0.27
2026-09-21,1017,0.13
2026-09-21,1018,0.12
2026-09-21,1019,0.15
2026-09-21,1020,0.18
2026-09-21,1021,0.16
2026-09-21,1022,0.23
2026-09-21,1023,0.22
2026-09-21,1024,0.19
2026-09-21,1025,0.1
2026-09-21,1026,0.08
2026-09-21,1027,0.08
2026-09-21,1028,0.19
2026-09-21,1029,0.22
2026-09-21,1030,0.16
2026-09-21,1031,0.16
2026-09-21,1032,0.07
2026-09-21,1033,0.1
2026-09-21,1034,0.15
2026-09-21,1035,0.13
2026-09-21,1036,0.15
2026-09-21,1037,0.16
2026-09-21,1038,0.14
2026-09-21,1039,0.06
2026-09-21,1040,0.07
2026-09-21,1041,0.12
2026-09-21,1042,0.12
2026-09-21,1043,0.11
2026-09-21,1044,0.11
2026-09-21,1045,0.18
2026-09-21,1046,0.14
2026-09-21,1047,0.21
2026-09-21,1048,0.1
2026-09-21,1049,0.08
2026-09-21,1050,0.19
2026-09-21,1051,0.1
2026-09-21,1052,0.15
2026-09-21,1053,0.1
2026-09-21,1054,0.09
2026-09-21,1055,0.17
2026-09-21,1056,0.1
2026-09-21,1057,0.1
2026-09-21,1058,0.14
2026-09-21,1059,0.1
2026-09-21,1060,0.11
2026-09-21,1061,0.16
2026-09-21,1062,0.1
2026-09-21,1063,0.1
2026-09-21,1064,0.16
2026-09-21,1065,0.12
2026-09-21,1066,0.21
2026-09-21,1067,0.1
2026-09-21,1068,0.12
2026-09-21,1069,0.13
2026-09-21,1070,0.13
2026-09-21,1071,0.07
2026-09-21,1072,0.1
2026-09-21,1073,0.17
2026-09-21,1074,0.1
2026-09-21,1075,0.2
2026-09-21,1076,0.04
2026-09-21,1077,0.1
2026-09-21,1078,0.13
2026-09-21,1079,0.21
2026-09-21,1080,0.15
2026-09-21,1081,0.22
2026-09-21,1082,0.26
2026-09-21,1083,0.12
2026-09-21,1084,0.27
2026-09-21,1085,0.33
2026-09-21,1086,0.1
2026-09-21,1087,0.55
2026-09-21,1088,0.12
2026-09-21,1089,0.28
2026-09-21,1090,0.17
2026-09-21,1091,0.24
2026-09-21,1092,0.19
2026-09-21,1093,0.14
2026-09-21,1094,0.1
2026-09-21,1095,0.11
2026-09-21,1096,0.09
2026-09-21,1097,0.09
2026-09-21,1098,0.32
2026-09-21,1099,0.32
2026-09-21,1100,0.17
2026-09-21,1101,0.45
2026-09-21,1102,0.28
2026-09-21,1103,0.42
2026-09-21,1104,0.11
2026-09-21,1105,0.12
2026-09-21,1106,0.23
2026-09-21,1107,0.2
2026-09-21,1108,0.25
2026-09-21,1109,0.1
2026-09-21,1110,0.12
2026-09-21,1111,0.06
2026-09-21,1112,0.12
2026-09-21,1113,0.12
2026-09-21,1114,0.06
2026-09-21,1115,0.08
2026-09-21,1116,0.13
2026-09-21,1117,0.11
2026-09-21,1118,0.12
2026-09-21,1119,0.1
2026-09-21,1120,0.12
2026-09-21,1121,0.14
2026-09-21,1122,0.2
2026-09-21,1123,0.16
2026-09-21,1124,0.19
2026-09-21,1125,0.18
2026-09-21,1126,0.1
2026-09-21,1127,0.1
2026-09-21,1128,0.1
2026-09-21,1129,0.22
2026-09-21,1130,0.12
2026-09-21,1131,0.13
2026-09-21,1132,0.16
2026-09-21,1133,0.11
2026-09-21,1134,0.15
2026-09-21,1135,0.09
2026-09-21,1136,0.1
2026-09-21,1137,0.18
2026-09-21,1138,0.1
2026-09-21,1139,0.08
2026-09-21,1140,0.1
2026-09-21,1141,0.12
2026-09-21,1142,0.14
2026-09-21,1143,0.1
2026-09-21,1144,0.1
2026-09-21,1145,0.09
2026-09-21,1146,0.15
2026-09-21,1147,0.09
2026-09-21,1148,0.18
2026-09-21,1149,0.2
2026-09-21,1150,0.1
2026-09-21,1151,0.19
2026-09-21,1152,0.08
2026-09-21,1153,0.08
2026-09-21,1154,0.13
2026-09-21,1155,0.1
2026-09-21,1156,0.09
2026-09-21,1157,0.07
2026-09-21,1158,0.1
2026-09-21,1159,0.17
2026-09-21,1160,0.07
2026-09-21,1161,0.14
2026-09-21,1162,0.18
2026-09-21,1163,0.17
2026-09-21,1164,0.09
2026-09-21,1165,0.1
2026-09-21,1166,0.12
2026-09-21,1167,0.16
2026-09-21,1168,0.17
2026-09-21,1169,0.12
2026-09-21,1170,0.2
2026-09-21,1171,0.16
2026-09-21,1172,0.08
2026-09-21,1173,0.1
2026-09-21,1174,0.2
2026-09-21,1175,0.19
2026-09-21,1176,0.1
2026-09-21,1177,0.14
2026-09-21,1178,0.12
2026-09-21,1179,0.23
2026-09-21,1180,0.19
2026-09-21,1181,0.26
2026-09-21,1182,0.12
2026-09-21,1183,0.17
2026-09-21,1184,0.13
2026-09-21,1185,0.15
2026-09-21,1186,0.22
2026-09-21,1187,0.11
2026-09-21,1188,0.17
2026-09-21,1189,0.2
2026-09-21,1190,0.1
2026-09-21,1191,0.2
2026-09-21,1192,0.16
2026-09-21,1193,0.02
2026-09-21,1194,0.12
2026-09-21,1195,0.15
2026-09-21,1196,0.23
2026-09-21,1197,0.25
2026-09-21,1198,0.07
2026-09-21,1199,0.17
2026-09-21,1200,0.09
2026-09-21,1201,0.25
2026-09-21,1202,0.26
2026-09-21,1203,0.14
2026-09-21,1204,0.09
2026-09-21,1205,0.11
2026-09-21,1206,0.1
2026-09-21,1207,0.14
2026-09-21,1208,0.09
2026-09-21,1209,0.2
2026-09-21,1210,0.2
2026-09-21,1211,0.15
2026-09-21,1212,0.32
2026-09-21,1213,0.11
2026-09-21,1214,0.07
2026-09-21,1215,0.1
2026-09-21,1216,0.38
2026-09-21,1217,0.51
2026-09-21,1218,0.29
2026-09-21,1219,0.13
2026-09-21,1220,0.17
2026-09-21,1221,0.2
2026-09-21,1222,0.24
2026-09-21,1223,0.14
2026-09-21,1224,0.19
2026-09-21,1225,0.08
2026-09-21,1226,0.42
2026-09-21,1227,0.47
2026-09-21,1228,0.77
2026-09-21,1229,0.52
2026-09-21,1230,0.81
2026-09-21,1231,0.27
2026-09-21,1232,0.24
2026-09-21,1233,0.91
2026-09-21,1234,0.47
2026-09-21,1235,0.49
2026-09-21,1236,0.48
2026-09-21,1237,0.42
2026-09-21,1238,0.29
2026-09-21,1239,0.67
2026-09-21,1240,0.1
2026-09-21,1241,0.2
2026-09-21,1242,0.51
2026-09-21,1243,0.18
2026-09-21,1244,0.15
2026-09-21,1245,0.17
2026-09-21,1246,0.34
2026-09-21,1247,0.09
2026-09-21,1248,0.18
2026-09-21,1249,0.13
2026-09-21,1250,0.15
2026-09-21,1251,0.48
2026-09-21,1252,0.33
2026-09-21,1253,0.31
2026-09-21,1254,0.31
2026-09-21,1255,0.78
2026-09-21,1256,0.73
2026-09-21,1257,0.39
2026-09-21,1258,0.18
2026-09-21,1259,0.47
2026-09-21,1260,0.23
2026-09-21,1261,0.48
2026-09-21,1262,0.39
2026-09-21,1263,0.36
2026-09-21,1264,0.14
2026-09-21,1265,0.51
2026-09-21,1266,0.64
2026-09-21,1267,0.3
2026-09-21,1268,0.1
2026-09-21,1269,0.18
2026-09-21,1270,0.39
2026-09-21,1271,0.34
2026-09-21,1272,0.1
2026-09-21,1273,0.22
2026-09-21,1274,0.64
2026-09-21,1275,0.32
2026-09-21,1276,0.34
2026-09-21,1277,0.45
2026-09-21,1278,0.26
2026-09-21,1279,0.64
2026-09-21,1280,0.7
2026-09-21,1281,0.18
2026-09-21,1282,0.26
2026-09-21,1283,0.23
2026-09-21,1284,0.14
2026-09-21,1285,0.13
2026-09-21,1286,0.24
2026-09-21,1287,0.26
2026-09-21,1288,0.3
2026-09-21,1289,0.23
2026-09-21,1290,0.36
2026-09-21,1291,0.17
2026-09-21,1292,0.49
2026-09-21,1293,0.61
2026-09-21,1294,0.19
2026-09-21,1295,0.19
2026-09-21,1296,0.31
2026-09-21,1297,0.4
2026-09-21,1298,0.57
2026-09-21,1299,0.09
2026-09-21,1300,0.16
2026-09-21,1301,0.25
2026-09-21,1302,0.34
2026-09-21,1303,0.39
2026-09-21,1304,0.2
2026-09-21,1305,0.14
2026-09-21,1306,0.18
2026-09-21,1307,0.08
2026-09-21,1308,0.18
2026-09-21,1309,0.14
2026-09-21,1310,0.2
2026-09-21,1311,0.22
2026-09-21,1312,0.12
2026-09-21,1313,0.2
2026-09-21,1314,0.22
2026-09-21,1315,0.47
2026-09-21,1316,0.18
2026-09-21,1317,0.15
2026-09-21,1318,0.24
2026-09-21,1319,0.48
2026-09-21,1320,0.58
2026-09-21,1321,0.09
2026-09-21,1322,0.48
2026-09-21,1323,0.32
2026-09-21,1324,0.38
2026-09-21,1325,0.71
2026-09-21,1326,0.49
2026-09-21,1327,0.37
2026-09-21,1328,0.4
2026-09-21,1329,0.2
2026-09-21,1330,0.1
2026-09-21,1331,0.13
2026-09-21,1332,0.31
2026-09-21,1333,0.08
2026-09-21,1334,0.34
2026-09-21,1335,0.09
2026-09-21,1336,0.35
2026-09-21,1337,0.15
2026-09-21,1338,0.22
2026-09-21,1339,0.24
2026-09-21,1340,0.26
2026-09-21,1341,0.18
2026-09-21,1342,0.14
2026-09-21,1343,0.23
2026-09-21,1344,0.18
2026-09-21,1345,0.2
2026-09-21,1346,0.43
2026-09-21,1347,0.43
2026-09-21,1348,0.31
2026-09-21,1349,0.15
2026-09-21,1350,0.17
2026-09-21,1351,0.29
2026-09-21,1352,0.19
2026-09-21,1353,0.08
2026-09-21,1354,0.15
2026-09-21,1355,0.42
2026-09-21,1356,0.14
2026-09-21,1357,0.07
2026-09-21,1358,0.16
2026-09-21,1359,0.2
2026-09-21,1360,0.11
2026-09-21,1361,0.1
2026-09-21,1362,0.1
2026-09-21,1363,0.2
2026-09-21,1364,0.41
2026-09-21,1365,0.11
2026-09-21,1366,0.35
2026-09-21,1367,0.5
2026-09-21,1368,0.27
2026-09-21,1369,0.26
2026-09-21,1370,0.32
2026-09-21,1371,0.14
2026-09-21,1372,0.11
2026-09-21,1373,0.08
2026-09-21,1374,0.1
2026-09-21,1375,0.27
2026-09-21,1376,0.49
2026-09-21,1377,0.57
2026-09-21,1378,0.32
2026-09-21,1379,0.25
2026-09-21,1380,0.21
2026-09-21,1381,0.25
2026-09-21,1382,0.2
2026-09-21,1383,0.2
2026-09-21,1384,0.16
2026-09-21,1385,0.14
2026-09-21,1386,0.11
2026-09-21,1387,0.08
2026-09-21,1388,0.24
2026-09-21,1389,0.27
2026-09-21,1390,0.42
2026-09-21,1391,0.32
2026-09-21,1392,0.3
2026-09-21,1393,0.18
2026-09-21,1394,0.46
2026-09-21,1395,0.49
2026-09-21,1396,0.26
2026-09-21,1397,0.25
2026-09-21,1398,0.25
2026-09-21,1399,0.3
2026-09-21,1400,0.1
2026-09-21,1401,0.6
2026-09-21,1402,0.33
2026-09-21,1403,0.41
2026-09-21,1404,0.39
2026-09-21,1405,0.39
2026-09-21,1406,0.21
2026-09-21,1407,0.4
2026-09-21,1408,0.38
2026-09-21,1409,0.22
2026-09-21,1410,0.37
2026-09-21,1411,0.12
2026-09-21,1412,0.19
2026-09-21,1413,0.15
2026-09-21,1414,0.3
2026-09-21,1415,0.18
2026-09-21,1416,0.44
2026-09-21,1417,0.31
2026-09-21,1418,0.4
2026-09-21,1419,0.22
2026-09-21,1420,0.2
2026-09-21,1421,0.48
2026-09-21,1422,0.56
2026-09-21,1423,0.2
2026-09-21,1424,0.24
2026-09-21,1425,0.1
2026-09-21,1426,0.21
2026-09-21,1427,0.19
2026-09-21,1428,0.5
2026-09-21,1429,0.42
2026-09-21,1430,0.29
2026-09-21,1431,0.4
2026-09-21,1432,0.2
2026-09-21,1433,0.26
2026-09-21,1434,0.19
2026-09-21,1435,0.37
2026-09-21,1436,0.09
2026-09-21,1437,0.2
2026-09-21,1438,0.19
2026-09-21,1439,0.2
2026-09-22,1,0.17
2026-09-22,2,0.43
2026-09-22,3,0.54
2026-09-22,4,0.32
2026-09-22,5,0.2
2026-09-22,6,0.1
2026-09-22,7,0.42
2026-09-22,8,0.12
2026-09-22,9,0.47
2026-09-22,10,0.22
2026-09-22,11,0.39
2026-09-22,12,0.2
2026-09-22,13,0.38
2026-09-22,14,0.28
2026-09-22,15,0.18
2026-09-22,16,0.28
2026-09-22,17,0.2
2026-09-22,18,0.16
2026-09-22,19,0.23
2026-09-22,20,0.31
2026-09-22,21,0.13
2026-09-22,22,0.09
2026-09-22,23,0.36
2026-09-22,24,0.5
2026-09-22,25,0.35
2026-09-22,26,0.28
2026-09-22,27,0.46
2026-09-22,28,0.58
2026-09-22,29,0.23
2026-09-22,30,0.17
2026-09-22,31,0.43
2026-09-22,32,0.19
2026-09-22,33,0.47
2026-09-22,34,0.38
2026-09-22,35,0.22
2026-09-22,36,0.75
2026-09-22,37,0.42
2026-09-22,38,0.35
2026-09-22,39,0.64
2026-09-22,40,0.94
2026-09-22,41,0.49
2026-09-22,42,0.28
2026-09-22,43,0.65
2026-09-22,44,0.51
2026-09-22,45,0.43
2026-09-22,46,0.42
2026-09-22,47,0.4
2026-09-22,48,0.52
2026-09-22,49,0.23
2026-09-22,50,0.27
2026-09-22,51,0.38
2026-09-22,52,0.21
2026-09-22,53,0.83
2026-09-22,54,0.6
2026-09-22,55,0.38
2026-09-22,56,0.32
2026-09-22,57,0.35
2026-09-22,58,0.59
2026-09-22,59,0.65
2026-09-22,60,0.43
2026-09-22,61,0.51
2026-09-22,62,0.61
2026-09-22,63,0.4
2026-09-22,64,0.51
2026-09-22,65,0.5
2026-09-22,66,0.44
2026-09-22,67,0.4
2026-09-22,68,0.3
2026-09-22,69,0.32
2026-09-22,70,0.34
2026-09-22,71,0.31
2026-09-22,72,0.45
2026-09-22,73,0.85
2026-09-22,74,0.67
2026-09-22,75,0.44
2026-09-22,76,0.25
2026-09-22,77,0.29
2026-09-22,78,0.6
2026-09-22,79,0.43
2026-09-22,80,0.31
2026-09-22,81,0.34
2026-09-22,82,0.24
2026-09-22,83,0.22
2026-09-22,84,0.06
2026-09-22,85,0.08
2026-09-22,86,0.18
2026-09-22,87,0.35
2026-09-22,88,0.22
2026-09-22,89,0.3
2026-09-22,90,0.1
2026-09-22,91,0.19
2026-09-22,92,0.11
2026-09-22,93,0.22
2026-09-22,94,0.15
2026-09-22,95,0.22
2026-09-22,96,0.18
2026-09-22,97,0.19
2026-09-22,98,0.44
2026-09-22,99,0.22
2026-09-22,100,0.3
2026-09-22,101,0.15
2026-09-22,102,0.1
2026-09-22,103,0.3
2026-09-22,104,0.27
2026-09-22,105,0.2
2026-09-22,106,0.28
2026-09-22,107,0.32
2026-09-22,108,0.41
2026-09-22,109,0.4
2026-09-22,110,0.31
2026-09-22,111,0.31
2026-09-22,112,0.2
2026-09-22,113,0.33
2026-09-22,114,0.32
2026-09-22,115,0.39
2026-09-22,116,0.28
2026-09-22,117,0.29
2026-09-22,118,0.3
2026-09-22,119,0.12
2026-09-22,120,0.12
2026-09-22,121,0.11
2026-09-22,122,0.2
2026-09-22,123,0.16
2026-09-22,124,0.13
2026-09-22,125,0.26
2026-09-22,126,0.29
2026-09-22,127,0.2
2026-09-22,128,0.09
2026-09-22,129,0.11
2026-09-22,130,0.25
2026-09-22,131,0.2
2026-09-22,132,0.18
2026-09-22,133,0.07
2026-09-22,134,0.08
2026-09-22,135,0.05
2026-09-22,136,0.1
2026-09-22,137,0.11
2026-09-22,138,0.14
2026-09-22,139,0.22
2026-09-22,140,0.12
2026-09-22,141,0.11
2026-09-22,142,0.09
2026-09-22,143,0.23
2026-09-22,144,0.11
2026-09-22,145,0.18
2026-09-22,146,0.25
2026-09-22,147,0.3
2026-09-22,148,0.3
2026-09-22,149,0.18
2026-09-22,150,0.48
2026-09-22,151,0.1
2026-09-22,152,0.11
2026-09-22,153,0.1
2026-09-22,154,0.1
2026-09-22,155,0.12
2026-09-22,156,0.23
2026-09-22,157,0.2
2026-09-22,158,0.1
2026-09-22,159,0.09
2026-09-22,160,0.2
2026-09-22,161,0.15
2026-09-22,162,0.28
2026-09-22,163,0.15
2026-09-22,164,0.15
2026-09-22,165,0.23
2026-09-22,166,0.2
2026-09-22,167,0.33
2026-09-22,168,0.25
2026-09-22,169,0.29
2026-09-22,170,0.3
2026-09-22,171,0.21
2026-09-22,172,0.25
2026-09-22,173,0.3
2026-09-22,174,0.37
2026-09-22,175,0.3
2026-09-22,176,0.15
2026-09-22,177,0.37
2026-09-22,178,0.2
2026-09-22,179,0.1
2026-09-22,180,0.13
2026-09-22,181,0.3
2026-09-22,182,0.31
2026-09-22,183,0.18
2026-09-22,184,0.29
2026-09-22,185,0.16
2026-09-22,186,0.18
2026-09-22,187,0.14
2026-09-22,188,0.24
2026-09-22,189,0.3
2026-09-22,190,0.2
2026-09-22,191,0.17
2026-09-22,192,0.13
2026-09-22,193,0.11
2026-09-22,194,0.19
2026-09-22,195,0.16
2026-09-22,196,0.13
2026-09-22,197,0.18
2026-09-22,198,0.19
2026-09-22,199,0.21
2026-09-22,200,0.33
2026-09-22,201,0.18
2026-09-22,202,0.1
2026-09-22,203,0.11
2026-09-22,204,0.1
2026-09-22,205,0.15
2026-09-22,206,0.12
2026-09-22,207,0.28
2026-09-22,208,0.37
2026-09-22,209,0.37
2026-09-22,210,0.17
2026-09-22,211,0.12
2026-09-22,212,0.32
2026-09-22,213,0.09
2026-09-22,214,0.21
2026-09-22,215,0.34
2026-09-22,216,0.1
2026-09-22,217,0.1
2026-09-22,218,0.14
2026-09-22,219,0.28
2026-09-22,220,0.35
2026-09-22,221,0.17
2026-09-22,222,0.3
2026-09-22,223,0.22
2026-09-22,224,0.23
2026-09-22,225,0.1
2026-09-22,226,0.18
2026-09-22,227,0.2
2026-09-22,228,0.1
2026-09-22,229,0.09
2026-09-22,230,0.14
2026-09-22,231,0.2
2026-09-22,232,0.16
2026-09-22,233,0.33
2026-09-22,234,0.14
2026-09-22,235,0.16
2026-09-22,236,0.19
2026-09-22,237,0.25
2026-09-22,238,0.25
2026-09-22,239,0.2
2026-09-22,240,0.3
2026-09-22,241,0.17
2026-09-22,242,0.23
2026-09-22,243,0.38
2026-09-22,244,0.15
2026-09-22,245,0.24
2026-09-22,246,0.23
2026-09-22,247,0.17
2026-09-22,248,0.09
2026-09-22,249,0.18
2026-09-22,250,0.26
2026-09-22,251,0.37
2026-09-22,252,0.21
2026-09-22,253,0.35
2026-09-22,254,0.3
2026-09-22,255,0.27
2026-09-22,256,0.37
2026-09-22,257,0.37
2026-09-22,258,0.14
2026-09-22,259,0.14
2026-09-22,260,0.28
2026-09-22,261,0.18
2026-09-22,262,0.26
2026-09-22,263,0.08
2026-09-22,264,0.13
2026-09-22,265,0.1
2026-09-22,266,0.1
2026-09-22,267,0.07
2026-09-22,268,0.08
2026-09-22,269,0.14
2026-09-22,270,0.1
2026-09-22,271,0.35
2026-09-22,272,0.18
2026-09-22,273,0.35
2026-09-22,274,0.12
2026-09-22,275,0.14
2026-09-22,276,0.12
2026-09-22,277,0.27
2026-09-22,278,0.12
2026-09-22,279,0.23
2026-09-22,280,0.47
2026-09-22,281,0.23
2026-09-22,282,0.18
2026-09-22,283,0.2
2026-09-22,284,0.1
2026-09-22,285,0.11
2026-09-22,286,0.2
2026-09-22,287,0.35
2026-09-22,288,0.12
2026-09-22,289,0.08
2026-09-22,290,0.31
2026-09-22,291,0.19
2026-09-22,292,0.29
2026-09-22,293,0.19
2026-09-22,294,0.21
2026-09-22,295,0.18
2026-09-22,296,0.18
2026-09-22,297,0.23
2026-09-22,298,0.1
2026-09-22,299,0.2
2026-09-22,300,0.2
2026-09-22,301,0.15
2026-09-22,302,0.19
2026-09-22,303,0.16
2026-09-22,304,0.13
2026-09-22,305,0.31
2026-09-22,306,0.23
2026-09-22,307,0.27
2026-09-22,308,0.24
2026-09-22,309,0.15
2026-09-22,310,0.24
2026-09-22,311,0.14
2026-09-22,312,0.43
2026-09-22,313,0.35
2026-09-22,314,0.24
2026-09-22,315,0.28
2026-09-22,316,0.18
2026-09-22,317,0.17
2026-09-22,318,0.26
2026-09-22,319,0.27
2026-09-22,320,0.31
2026-09-22,321,0.17
2026-09-22,322,0.2
2026-09-22,323,0.25
2026-09-22,324,0.18
2026-09-22,325,0.1
2026-09-22,326,0.16
2026-09-22,327,0.18
2026-09-22,328,0.24
2026-09-22,329,0.2
2026-09-22,330,0.5
2026-09-22,331,0.58
2026-09-22,332,0.48
2026-09-22,333,0.25
2026-09-22,334,0.4
2026-09-22,335,0.18
2026-09-22,336,0.18
2026-09-22,337,0.13
2026-09-22,338,0.35
2026-09-22,339,0.18
2026-09-22,340,0.23
2026-09-22,341,0.2
2026-09-22,342,0.13
2026-09-22,343,0.17
2026-09-22,344,0.2
2026-09-22,345,0.17
2026-09-22,346,0.14
2026-09-22,347,0.09
2026-09-22,348,0.2
2026-09-22,349,0.24
2026-09-22,350,0.13
2026-09-22,351,0.11
2026-09-22,352,0.2
2026-09-22,353,0.12
2026-09-22,354,0.15
2026-09-22,355,0.27
2026-09-22,356,0.21
2026-09-22,357,0.2
2026-09-22,358,0.18
2026-09-22,359,0.23
2026-09-22,360,0.27
2026-09-22,361,0.19
2026-09-22,362,0.19
2026-09-22,363,0.25
2026-09-22,364,0.21
2026-09-22,365,0.1
2026-09-22,366,0.17
2026-09-22,367,0.11
2026-09-22,368,0.12
2026-09-22,369,0.1
2026-09-22,370,0.12
2026-09-22,371,0.1
2026-09-22,372,0.18
2026-09-22,373,0.17
2026-09-22,374,0.25
2026-09-22,375,0.19
2026-09-22,376,0.2
2026-09-22,377,0.48
2026-09-22,378,0.16
2026-09-22,379,0.19
2026-09-22,380,0.13
2026-09-22,381,0.14
2026-09-22,382,0.15
2026-09-22,383,0.08
2026-09-22,384,0.12
2026-09-22,385,0.11
2026-09-22,386,0.17
2026-09-22,387,0.3
2026-09-22,388,0.42
2026-09-22,389,0.22
2026-09-22,390,0.18
2026-09-22,391,0.27
2026-09-22,392,0.33
2026-09-22,393,0.2
2026-09-22,394,0.13
2026-09-22,395,0.19
2026-09-22,396,0.28
2026-09-22,397,0.21
2026-09-22,398,0.22
2026-09-22,399,0.33
2026-09-22,400,0.18
2026-09-22,401,0.11
2026-09-22,402,0.19
2026-09-22,403,0.28
2026-09-22,404,0.25
2026-09-22,405,0.27
2026-09-22,406,0.31
2026-09-22,407,0.11
2026-09-22,408,0.13
2026-09-22,409,0.2
2026-09-22,410,0.35
2026-09-22,411,0.3
2026-09-22,412,0.28
2026-09-22,413,0.1
2026-09-22,414,0.15
2026-09-22,415,0.3
2026-09-22,416,0.19
2026-09-22,417,0.13
2026-09-22,418,0.11
2026-09-22,419,0.36
2026-09-22,420,0.19
2026-09-22,421,0.18
2026-09-22,422,0.45
2026-09-22,423,0.25
2026-09-22,424,0.47
2026-09-22,425,0.22
2026-09-22,426,0.12
2026-09-22,427,0.1
2026-09-22,428,0.1
2026-09-22,429,0.21
2026-09-22,430,0.1
2026-09-22,431,0.19
2026-09-22,432,0.08
2026-09-22,433,0.2
2026-09-22,434,0.1
2026-09-22,435,0.2
2026-09-22,436,0.29
2026-09-22,437,0.25
2026-09-22,438,0.18
2026-09-22,439,0.11
2026-09-22,440,0.16
2026-09-22,441,0.13
2026-09-22,442,0.31
2026-09-22,443,0.46
2026-09-22,444,0.52
2026-09-22,445,0.42
2026-09-22,446,0.23
2026-09-22,447,0.1
2026-09-22,448,0.3
2026-09-22,449,0.29
2026-09-22,450,0.25
2026-09-22,451,0.18
2026-09-22,452,0.11
2026-09-22,453,0.15
2026-09-22,454,0.32
2026-09-22,455,0.26
2026-09-22,456,0.18
2026-09-22,457,0.23
2026-09-22,458,0.23
2026-09-22,459,0.23
2026-09-22,460,0.22
2026-09-22,461,0.22
2026-09-22,462,0.21
2026-09-22,463,0.22
2026-09-22,464,0.12
2026-09-22,465,0.21
2026-09-22,466,0.3
2026-09-22,467,0.11
2026-09-22,468,0.2
2026-09-22,469,0.14
2026-09-22,470,0.21
2026-09-22,471,0.2
2026-09-22,472,0.11
2026-09-22,473,0.18
2026-09-22,474,0.03
2026-09-22,475,0.1
2026-09-22,476,0.21
2026-09-22,477,0.29
2026-09-22,478,0.12
2026-09-22,479,0.07
2026-09-22,480,0.18
2026-09-22,481,0.08
2026-09-22,482,0.12
2026-09-22,483,0.11
2026-09-22,484,0.11
2026-09-22,485,0.18
2026-09-22,486,0.11
2026-09-22,487,0.19
2026-09-22,488,0.09
2026-09-22,489,0.1
2026-09-22,490,0.09
2026-09-22,491,0.14
2026-09-22,492,0.09
2026-09-22,493,0.12
2026-09-22,494,0.13
2026-09-22,495,0.18
2026-09-22,496,0.17
2026-09-22,497,0.1
2026-09-22,498,0.08
2026-09-22,499,0.1
2026-09-22,500,0.1
2026-09-22,501,0.2
2026-09-22,502,0.12
2026-09-22,503,0.12
2026-09-22,504,0.1
2026-09-22,505,0.25
2026-09-22,506,0.15
2026-09-22,507,0.1
2026-09-22,508,0.09
2026-09-22,509,0.11
2026-09-22,510,0.18
2026-09-22,511,0.12
2026-09-22,512,0.09
2026-09-22,513,0.09
2026-09-22,514,0.11
2026-09-22,515,0.16
2026-09-22,516,0.14
2026-09-22,517,0.1
2026-09-22,518,0.12
2026-09-22,519,0.1
2026-09-22,520,0.19
2026-09-22,521,0.17
2026-09-22,522,0.15
2026-09-22,523,0.22
2026-09-22,524,0.18
2026-09-22,525,0.17
2026-09-22,526,0.18
2026-09-22,527,0.1
2026-09-22,528,0.1
2026-09-22,529,0.12
2026-09-22,530,0.18
2026-09-22,531,0.1
2026-09-22,532,0.16
2026-09-22,533,0.18
2026-09-22,534,0.1
2026-09-22,535,0.25
2026-09-22,536,0.22
2026-09-22,537,0.25
2026-09-22,538,0.2
2026-09-22,539,0.2
2026-09-22,540,0.2
2026-09-22,541,0.14
2026-09-22,542,0.2
2026-09-22,543,0.15
2026-09-22,544,0.15
2026-09-22,545,0.21
2026-09-22,546,0.12
2026-09-22,547,0.16
2026-09-22,548,0.13
2026-09-22,549,0.2
2026-09-22,550,0.29
2026-09-22,551,0.21
2026-09-22,552,0.33
2026-09-22,553,0.3
2026-09-22,554,0.2
2026-09-22,555,0.19
2026-09-22,556,0.23
2026-09-22,557,0.18
2026-09-22,558,0.1
2026-09-22,559,0.12
2026-09-22,560,0.23
2026-09-22,561,0.28
2026-09-22,562,0.23
2026-09-22,563,0.18
2026-09-22,564,0.15
2026-09-22,565,0.2
2026-09-22,566,0.1
2026-09-22,567,0.3
2026-09-22,568,0.27
2026-09-22,569,0.25
2026-09-22,570,0.29
2026-09-22,571,0.21
2026-09-22,572,0.16
2026-09-22,573,0.31
2026-09-22,574,0.31
2026-09-22,575,0.31
2026-09-22,576,0.2
2026-09-22,577,0.21
2026-09-22,578,0.29
2026-09-22,579,0.14
2026-09-22,580,0.27
2026-09-22,581,0.26
2026-09-22,582,0.34
2026-09-22,583,0.19
2026-09-22,584,0.27
2026-09-22,585,0.28
2026-09-22,586,0.29
2026-09-22,587,0.25
2026-09-22,588,0.22
2026-09-22,589,0.23
2026-09-22,590,0.2
2026-09-22,591,0.29
2026-09-22,592,0.29
2026-09-22,593,0.25
2026-09-22,594,0.31
2026-09-22,595,0.26
2026-09-22,596,0.35
2026-09-22,597,0.31
2026-09-22,598,0.29
2026-09-22,599,0.27
2026-09-22,600,0.27
2026-09-22,601,0.2
2026-09-22,602,0.23
2026-09-22,603,0.19
2026-09-22,604,0.32
2026-09-22,605,0.28
2026-09-22,606,0.22
2026-09-22,607,0.28
2026-09-22,608,0.36
2026-09-22,609,0.36
2026-09-22,610,0.24
2026-09-22,611,0.31
2026-09-22,612,0.24
2026-09-22,613,0.22
2026-09-22,614,0.27
2026-09-22,615,0.38
2026-09-22,616,0.39
2026-09-22,617,0.31
2026-09-22,618,0.28
2026-09-22,619,0.27
2026-09-22,620,0.34
2026-09-22,621,0.38
2026-09-22,622,0.28
2026-09-22,623,0.32
2026-09-22,624,0.24
2026-09-22,625,0.31
2026-09-22,626,0.25
2026-09-22,627,0.32
2026-09-22,628,0.3
2026-09-22,629,0.28
2026-09-22,630,0.25
2026-09-22,631,0.3
2026-09-22,632,0.32
2026-09-22,633,0.35
2026-09-22,634,0.28
2026-09-22,635,0.22
2026-09-22,636,0.37
2026-09-22,637,0.31
2026-09-22,638,0.4
2026-09-22,639,0.32
2026-09-22,640,0.32
2026-09-22,641,0.39
2026-09-22,642,0.4
2026-09-22,643,0.35
2026-09-22,644,0.39
2026-09-22,645,0.39
2026-09-22,646,0.29
2026-09-22,647,0.32
2026-09-22,648,0.3
2026-09-22,649,0.28
2026-09-22,650,0.25
2026-09-22,651,0.36
2026-09-22,652,0.33
2026-09-22,653,0.46
2026-09-22,654,0.43
2026-09-22,655,0.42
2026-09-22,656,0.4
2026-09-22,657,0.34
2026-09-22,658,0.29
2026-09-22,659,0.2
2026-09-22,660,0.24
2026-09-22,661,0.29
2026-09-22,662,0.32
2026-09-22,663,0.28
2026-09-22,664,0.44
2026-09-22,665,0.38
2026-09-22,666,0.42
2026-09-22,667,0.4
2026-09-22,668,0.27
2026-09-22,669,0.32
2026-09-22,670,0.33
2026-09-22,671,0.42
2026-09-22,672,0.57
2026-09-22,673,0.29
2026-09-22,674,0.31
2026-09-22,675,0.4
2026-09-22,676,0.26
2026-09-22,677,0.4
2026-09-22,678,0.47
2026-09-22,679,0.42
2026-09-22,680,0.32
2026-09-22,681,0.45
2026-09-22,682,0.25
2026-09-22,683,0.39
2026-09-22,684,0.25
2026-09-22,685,0.24
2026-09-22,686,0.22
2026-09-22,687,0.2
2026-09-22,688,0.47
2026-09-22,689,0.37
2026-09-22,690,0.64
2026-09-22,691,0.35
2026-09-22,692,0.46
2026-09-22,693,0.22
2026-09-22,694,0.3
2026-09-22,695,0.33
2026-09-22,696,0.35
2026-09-22,697,0.3
2026-09-22,698,0.51
2026-09-22,699,0.51
2026-09-22,700,0.49
2026-09-22,701,0.39
2026-09-22,702,0.36
2026-09-22,703,0.26
2026-09-22,704,0.17
2026-09-22,705,0.12
2026-09-22,706,0.16
2026-09-22,707,0.15
2026-09-22,708,0.1
2026-09-22,709,0.12
2026-09-22,710,0.17
2026-09-22,711,0.1
2026-09-22,712,0.19
2026-09-22,713,0.11
2026-09-22,714,0.2
2026-09-22,715,0.19
2026-09-22,716,0.17
2026-09-22,717,0.14
2026-09-22,718,0.19
2026-09-22,719,0.15
2026-09-22,720,0.12
2026-09-22,721,0.12
2026-09-22,722,0.16
2026-09-22,723,0.26
2026-09-22,724,0.3
2026-09-22,725,0.29
2026-09-22,726,0.28
2026-09-22,727,0.28
2026-09-22,728,0.12
2026-09-22,729,0.17
2026-09-22,730,0.19
2026-09-22,731,0.3
2026-09-22,732,0.31
2026-09-22,733,0.36
2026-09-22,734,0.4
2026-09-22,735,0.35
2026-09-22,736,0.3
2026-09-22,737,0.44
2026-09-22,738,0.51
2026-09-22,739,0.16
2026-09-22,740,0.24
2026-09-22,741,0.3
2026-09-22,742,0.25
2026-09-22,743,0.33
2026-09-22,744,0.15
2026-09-22,745,0.12
2026-09-22,746,0.09
2026-09-22,747,0.23
2026-09-22,748,0.1
2026-09-22,749,0.14
2026-09-22,750,0.22
2026-09-22,751,0.28
2026-09-22,752,0.12
2026-09-22,753,0.21
2026-09-22,754,0.24
2026-09-22,755,0.28
2026-09-22,756,0.33
2026-09-22,757,0.42
2026-09-22,758,0.19
2026-09-22,759,0.2
2026-09-22,760,0.18
2026-09-22,761,0.15
2026-09-22,762,0.15
2026-09-22,763,0.51
2026-09-22,764,0.52
2026-09-22,765,0.48
2026-09-22,766,0.38
2026-09-22,767,0.13
2026-09-22,768,0.28
2026-09-22,769,0.1
2026-09-22,770,0.13
2026-09-22,771,0.21
2026-09-22,772,0.16
2026-09-22,773,0.25
2026-09-22,774,0.26
2026-09-22,775,0.15
2026-09-22,776,0.11
2026-09-22,777,0.25
2026-09-22,778,0.19
2026-09-22,779,0.22
2026-09-22,780,0.11
2026-09-22,781,0.14
2026-09-22,782,0.19
2026-09-22,783,0.21
2026-09-22,784,0.18
2026-09-22,785,0.2
2026-09-22,786,0.2
2026-09-22,787,0.31
2026-09-22,788,0.27
2026-09-22,789,0.47
2026-09-22,790,0.4
2026-09-22,791,0.24
2026-09-22,792,0.23
2026-09-22,793,0.54
2026-09-22,794,0.41
2026-09-22,795,0.3
2026-09-22,796,0.67
2026-09-22,797,0.45
2026-09-22,798,0.23
2026-09-22,799,0.1
2026-09-22,800,0.36
2026-09-22,801,0.25
2026-09-22,802,0.21
2026-09-22,803,0.21
2026-09-22,804,0.2
2026-09-22,805,0.12
2026-09-22,806,0.17
2026-09-22,807,0.11
2026-09-22,808,0.36
2026-09-22,809,0.29
2026-09-22,810,0.21
2026-09-22,811,0.25
2026-09-22,812,0.24
2026-09-22,813,0.13
2026-09-22,814,0.16
2026-09-22,815,0.12
2026-09-22,816,0.22
2026-09-22,817,0.32
2026-09-22,818,0.39
2026-09-22,819,0.31
2026-09-22,820,0.25
2026-09-22,821,0.28
2026-09-22,822,0.2
2026-09-22,823,0.24
2026-09-22,824,0.1
2026-09-22,825,0.19
2026-09-22,826,0.37
2026-09-22,827,0.27
2026-09-22,828,0.19
2026-09-22,829,0.21
2026-09-22,830,0.19
2026-09-22,831,0.21
2026-09-22,832,0.25
2026-09-22,833,0.26
2026-09-22,834,0.11
2026-09-22,835,0.27
2026-09-22,836,0.19
2026-09-22,837,0.2
2026-09-22,838,0.2
2026-09-22,839,0.37
2026-09-22,840,0.13
2026-09-22,841,0.13
2026-09-22,842,0.19
2026-09-22,843,0.2
2026-09-22,844,0.14
2026-09-22,845,0.16
2026-09-22,846,0.19
2026-09-22,847,0.28
2026-09-22,848,0.15
2026-09-22,849,0.24
2026-09-22,850,0.19
2026-09-22,851,0.17
2026-09-22,852,0.16
2026-09-22,853,0.22
2026-09-22,854,0.2
2026-09-22,855,0.17
2026-09-22,856,0.2
2026-09-22,857,0.2
2026-09-22,858,0.22
2026-09-22,859,0.24
2026-09-22,860,0.22
2026-09-22,861,0.29
2026-09-22,862,0.22
2026-09-22,863,0.27
2026-09-22,864,0.28
2026-09-22,865,0.18
2026-09-22,866,0.25
2026-09-22,867,0.22
2026-09-22,868,0.25
2026-09-22,869,0.21
2026-09-22,870,0.19
2026-09-22,871,0.31
2026-09-22,872,0.57
2026-09-22,873,0.3
2026-09-22,874,0.58
2026-09-22,875,0.23
2026-09-22,876,0.46
2026-09-22,877,0.37
2026-09-22,878,0.3
2026-09-22,879,0.16
2026-09-22,880,0.22
2026-09-22,881,0.23
2026-09-22,882,0.18
2026-09-22,883,0.23
2026-09-22,884,0.22
2026-09-22,885,0.23
2026-09-22,886,0.18
2026-09-22,887,0.12
2026-09-22,888,0.2
2026-09-22,889,0.2
2026-09-22,890,0.18
2026-09-22,891,0.18
2026-09-22,892,0.18
2026-09-22,893,0.29
2026-09-22,894,0.22
2026-09-22,895,0.15
2026-09-22,896,0.21
2026-09-22,897,0.22
2026-09-22,898,0.13
2026-09-22,899,0.21
2026-09-22,900,0.19
2026-09-22,901,0.19
2026-09-22,902,0.21
2026-09-22,903,0.21
2026-09-22,904,0.23
2026-09-22,905,0.16
2026-09-22,906,0.18
2026-09-22,907,0.2
2026-09-22,908,0.18
2026-09-22,909,0.21
2026-09-22,910,0.19
2026-09-22,911,0.17
2026-09-22,912,0.19
2026-09-22,913,0.13
2026-09-22,914,0.22
2026-09-22,915,0.12
2026-09-22,916,0.18
2026-09-22,917,0.23
2026-09-22,918,0.2
2026-09-22,919,0.22
2026-09-22,920,0.26
2026-09-22,921,0.25
2026-09-22,922,0.2
2026-09-22,923,0.17
2026-09-22,924,0.13
2026-09-22,925,0.14
2026-09-22,926,0.17
2026-09-22,927,0.17
2026-09-22,928,0.25
2026-09-22,929,0.25
2026-09-22,930,0.1
2026-09-22,931,0.11
2026-09-22,932,0.15
2026-09-22,933,0.17
2026-09-22,934,0.2
2026-09-22,935,0.19
2026-09-22,936,0.15
2026-09-22,937,0.1
2026-09-22,938,0.15
2026-09-22,939,0.22
2026-09-22,940,0.16
2026-09-22,941,0.1
2026-09-22,942,0.13
2026-09-22,943,0.21
2026-09-22,944,0.18
2026-09-22,945,0.13
2026-09-22,946,0.23
2026-09-22,947,0.2
2026-09-22,948,0.13
2026-09-22,949,0.16
2026-09-22,950,0.1
2026-09-22,951,0.16
2026-09-22,952,0.16
2026-09-22,953,0.17
2026-09-22,954,0.18
2026-09-22,955,0.21
2026-09-22,956,0.25
2026-09-22,957,0.12
2026-09-22,958,0.15
2026-09-22,959,0.12
2026-09-22,960,0.18
2026-09-22,961,0.23
2026-09-22,962,0.2
2026-09-22,963,0.14
2026-09-22,964,0.15
2026-09-22,965,0.16
2026-09-22,966,0.16
2026-09-22,967,0.1
2026-09-22,968,0.1
2026-09-22,969,0.11
2026-09-22,970,0.19
2026-09-22,971,0.3
2026-09-22,972,0.16
2026-09-22,973,0.23
2026-09-22,974,0.11
2026-09-22,975,0.15
2026-09-22,976,0.06
2026-09-22,977,0.09
2026-09-22,978,0.07
2026-09-22,979,0.1
2026-09-22,980,0.1
2026-09-22,981,0.12
2026-09-22,982,0.25
2026-09-22,983,0.18
2026-09-22,984,0.11
2026-09-22,985,0.08
2026-09-22,986,0.11
2026-09-22,987,0.17
2026-09-22,988,0.13
2026-09-22,989,0.09
2026-09-22,990,0.11
2026-09-22,991,0.16
2026-09-22,992,0.19
2026-09-22,993,0.19
2026-09-22,994,0.29
2026-09-22,995,0.41
2026-09-22,996,0.28
2026-09-22,997,0.34
2026-09-22,998,0.14
2026-09-22,999,0.15
2026-09-22,1000,0.07
2026-09-22,1001,0.22
2026-09-22,1002,0.31
2026-09-22,1003,0.11
2026-09-22,1004,0.15
2026-09-22,1005,0.12
2026-09-22,1006,0.13
2026-09-22,1007,0.09
2026-09-22,1008,0.09
2026-09-22,1009,0.18
2026-09-22,1010,0.28
2026-09-22,1011,0.1
2026-09-22,1012,0.12
2026-09-22,1013,0.11
2026-09-22,1014,0.12
2026-09-22,1015,0.08
2026-09-22,1016,0.18
2026-09-22,1017,0.14
2026-09-22,1018,0.26
2026-09-22,1019,0.1
2026-09-22,1020,0.11
2026-09-22,1021,0.13
2026-09-22,1022,0.23
2026-09-22,1023,0.19
2026-09-22,1024,0.1
2026-09-22,1025,0.21
2026-09-22,1026,0.1
2026-09-22,1027,0.13
2026-09-22,1028,0.12
2026-09-22,1029,0.06
2026-09-22,1030,0.17
2026-09-22,1031,0.2
2026-09-22,1032,0.1
2026-09-22,1033,0.16
2026-09-22,1034,0.12
2026-09-22,1035,0.08
2026-09-22,1036,0.19
2026-09-22,1037,0.09
2026-09-22,1038,0.11
2026-09-22,1039,0.04
2026-09-22,1040,0.18
2026-09-22,1041,0.18
2026-09-22,1042,0.09
2026-09-22,1043,0.38
2026-09-22,1044,0.32
2026-09-22,1045,0.23
2026-09-22,1046,0.71
2026-09-22,1047,0.49
2026-09-22,1048,0.43
2026-09-22,1049,0.98
2026-09-22,1050,0.84
2026-09-22,1051,0.39
2026-09-22,1052,0.77
2026-09-22,1053,0.38
2026-09-22,1054,0.3
2026-09-22,1055,0.58
2026-09-22,1056,0.32
2026-09-22,1057,0.26
2026-09-22,1058,0.43
2026-09-22,1059,0.29
2026-09-22,1060,0.12
2026-09-22,1061,0.28
2026-09-22,1062,0.25
2026-09-22,1063,0.46
2026-09-22,1064,0.26
2026-09-22,1065,0.24
2026-09-22,1066,0.26
2026-09-22,1067,0.13
2026-09-22,1068,0.37
2026-09-22,1069,0.2
2026-09-22,1070,0.17
2026-09-22,1071,0.09
2026-09-22,1072,0.37
2026-09-22,1073,0.16
2026-09-22,1074,0.25
2026-09-22,1075,0.31
2026-09-22,1076,0.26
2026-09-22,1077,0.38
2026-09-22,1078,0.31
2026-09-22,1079,0.15
2026-09-22,1080,0.13
2026-09-22,1081,0.26
2026-09-22,1082,0.09
2026-09-22,1083,0.21
2026-09-22,1084,0.22
2026-09-22,1085,0.35
2026-09-22,1086,0.22
2026-09-22,1087,0.15
2026-09-22,1088,0.27
2026-09-22,1089,0.41
2026-09-22,1090,0.63
2026-09-22,1091,0.22
2026-09-22,1092,0.45
2026-09-22,1093,0.25
2026-09-22,1094,0.21
2026-09-22,1095,0.1
2026-09-22,1096,0.1
2026-09-22,1097,0.21
2026-09-22,1098,0.21
2026-09-22,1099,0.27
2026-09-22,1100,0.14
2026-09-22,1101,0.26
2026-09-22,1102,0.24
2026-09-22,1103,0.24
2026-09-22,1104,0.19
2026-09-22,1105,0.1
2026-09-22,1106,0.16
2026-09-22,1107,0.14
2026-09-22,1108,0.21
2026-09-22,1109,0.1
2026-09-22,1110,0.1
2026-09-22,1111,0.13
2026-09-22,1112,0.2
2026-09-22,1113,0.2
2026-09-22,1114,0.34
2026-09-22,1115,0.14
2026-09-22,1116,0.17
2026-09-22,1117,0.38
2026-09-22,1118,0.18
2026-09-22,1119,0.2
2026-09-22,1120,0.16
2026-09-22,1121,0.14
2026-09-22,1122,0.15
2026-09-22,1123,0.15
2026-09-22,1124,0.15
2026-09-22,1125,0.1
2026-09-22,1126,0.23
2026-09-22,1127,0.1
2026-09-22,1128,0.14
2026-09-22,1129,0.07
2026-09-22,1130,0.14
2026-09-22,1131,0.2
2026-09-22,1132,0.15
2026-09-22,1133,0.08
2026-09-22,1134,0.14
2026-09-22,1135,0.12
2026-09-22,1136,0.2
2026-09-22,1137,0.16
2026-09-22,1138,0.22
2026-09-22,1139,0.12
2026-09-22,1140,0.09
2026-09-22,1141,0.12
2026-09-22,1142,0.18
2026-09-22,1143,0.07
2026-09-22,1144,0.11
2026-09-22,1145,0.13
2026-09-22,1146,0.1
2026-09-22,1147,0.1
2026-09-22,1148,0.14
2026-09-22,1149,0.15
2026-09-22,1150,0.15
2026-09-22,1151,0.11
2026-09-22,1152,0.09
2026-09-22,1153,0.19
2026-09-22,1154,0.2
2026-09-22,1155,0.11
2026-09-22,1156,0.15
2026-09-22,1157,0.21
2026-09-22,1158,0.24
2026-09-22,1159,0.24
2026-09-22,1160,0.19
2026-09-22,1161,0.08
2026-09-22,1162,0.22
2026-09-22,1163,0.37
2026-09-22,1164,0.13
2026-09-22,1165,0.18
2026-09-22,1166,0.14
2026-09-22,1167,0.22
2026-09-22,1168,0.23
2026-09-22,1169,0.22
2026-09-22,1170,0.15
2026-09-22,1171,0.08
2026-09-22,1172,0.11
2026-09-22,1173,0.17
2026-09-22,1174,0.13
2026-09-22,1175,0.09
2026-09-22,1176,0.13
2026-09-22,1177,0.1
2026-09-22,1178,0.19
2026-09-22,1179,0.12
2026-09-22,1180,0.08
2026-09-22,1181,0.1
2026-09-22,1182,0.05
2026-09-22,1183,0.14
2026-09-22,1184,0.04
2026-09-22,1185,0.26
2026-09-22,1186,0.15
2026-09-22,1187,0.07
2026-09-22,1188,0.14
2026-09-22,1189,0.07
2026-09-22,1190,0.11
2026-09-22,1191,0.13
2026-09-22,1192,0.11
2026-09-22,1193,0.09
2026-09-22,1194,0.16
2026-09-22,1195,0.09
2026-09-22,1196,0.1
2026-09-22,1197,0.03
2026-09-22,1198,0.1
2026-09-22,1199,0.09
2026-09-22,1200,0.08
2026-09-22,1201,0.09
2026-09-22,1202,0.09
2026-09-22,1203,0.1
2026-09-22,1204,0.14
2026-09-22,1205,0.1
2026-09-22,1206,0.2
2026-09-22,1207,0.39
2026-09-22,1208,0.38
2026-09-22,1209,0.32
2026-09-22,1210,0.13
2026-09-22,1211,0.19
2026-09-22,1212,0.43
2026-09-22,1213,0.23
2026-09-22,1214,0.23
2026-09-22,1215,0.09
2026-09-22,1216,0.09
2026-09-22,1217,0.09
2026-09-22,1218,0.1
2026-09-22,1219,0.08
2026-09-22,1220,0.09
2026-09-22,1221,0.04
2026-09-22,1222,0.12
2026-09-22,1223,0.08
2026-09-22,1224,0.04
2026-09-22,1225,0.08
2026-09-22,1226,0.08
2026-09-22,1227,0.03
2026-09-22,1228,0.15
2026-09-22,1229,0.15
2026-09-22,1230,0.13
2026-09-22,1231,0.1
2026-09-22,1232,0.1
2026-09-22,1233,0.05
2026-09-22,1234,0.09
2026-09-22,1235,0.08
2026-09-22,1236,0.07
2026-09-22,1237,0.1
2026-09-22,1238,0.13
2026-09-22,1239,0.13
2026-09-22,1240,0.1
2026-09-22,1241,0.11
2026-09-22,1242,0.23
2026-09-22,1243,0.3
2026-09-22,1244,0.2
2026-09-22,1245,0.22
2026-09-22,1246,0.24
2026-09-22,1247,0.21
2026-09-22,1248,0.17
2026-09-22,1249,0.1
2026-09-22,1250,0.12
2026-09-22,1251,0.15
2026-09-22,1252,0.12
2026-09-22,1253,0.23
2026-09-22,1254,0.13
2026-09-22,1255,0.21
2026-09-22,1256,0.21
2026-09-22,1257,0.18
2026-09-22,1258,0.17
2026-09-22,1259,0.13
2026-09-22,1260,0.19
2026-09-22,1261,0.1
2026-09-22,1262,0.08
2026-09-22,1263,0.1
2026-09-22,1264,0.09
2026-09-22,1265,0.09
2026-09-22,1266,0.12
2026-09-22,1267,0.05
2026-09-22,1268,0.17
2026-09-22,1269,0.18
2026-09-22,1270,0.09
2026-09-22,1271,0.18
2026-09-22,1272,0.17
2026-09-22,1273,0.11
2026-09-22,1274,0.08
2026-09-22,1275,0.09
2026-09-22,1276,0.15
2026-09-22,1277,0.04
2026-09-22,1278,0.08
2026-09-22,1279,0.11
2026-09-22,1280,0.1
2026-09-22,1281,0.21
2026-09-22,1282,0.19
2026-09-22,1283,0.09
2026-09-22,1284,0.1
2026-09-22,1285,0.09
2026-09-22,1286,0.11
2026-09-22,1287,0.1
2026-09-22,1288,0.1
2026-09-22,1289,0.1
2026-09-22,1290,0.06
2026-09-22,1291,0.09
2026-09-22,1292,0.19
2026-09-22,1293,0.16
2026-09-22,1294,0.1
2026-09-22,1295,0.14
2026-09-22,1296,0.19
2026-09-22,1297,0.16
2026-09-22,1298,0.1
2026-09-22,1299,0.09
2026-09-22,1300,0.13
2026-09-22,1301,0.1
2026-09-22,1302,0.06
2026-09-22,1303,0.13
2026-09-22,1304,0.2
2026-09-22,1305,0.12
2026-09-22,1306,0.15
2026-09-22,1307,0.15
2026-09-22,1308,0.29
2026-09-22,1309,0.1
2026-09-22,1310,0.18
2026-09-22,1311,0.15
2026-09-22,1312,0.09
2026-09-22,1313,0.14
2026-09-22,1314,0.32
2026-09-22,1315,0.12
2026-09-22,1316,0.13
2026-09-22,1317,0.14
2026-09-22,1318,0.17
2026-09-22,1319,0.18
2026-09-22,1320,0.2
2026-09-22,1321,0.22
2026-09-22,1322,0.68
2026-09-22,1323,0.14
2026-09-22,1324,0.27
2026-09-22,1325,0.95
2026-09-22,1326,0.41
2026-09-22,1327,0.53
2026-09-22,1328,0.82
2026-09-22,1329,0.33
2026-09-22,1330,0.99
2026-09-22,1331,1.07
2026-09-22,1332,0.64
2026-09-22,1333,0.9
2026-09-22,1334,0.4
2026-09-22,1335,0.35
2026-09-22,1336,0.47
2026-09-22,1337,0.2
2026-09-22,1338,0.32
2026-09-22,1339,0.57
2026-09-22,1340,0.27
2026-09-22,1341,0.7
2026-09-22,1342,0.14
2026-09-22,1343,0.32
2026-09-22,1344,0.54
2026-09-22,1345,0.17
2026-09-22,1346,0.51
2026-09-22,1347,0.37
2026-09-22,1348,0.31
2026-09-22,1349,0.11
2026-09-22,1350,0.12
2026-09-22,1351,0.45
2026-09-22,1352,0.9
2026-09-22,1353,0.2
2026-09-22,1354,0.4
2026-09-22,1355,0.33
2026-09-22,1356,0.42
2026-09-22,1357,0.21
2026-09-22,1358,0.21
2026-09-22,1359,0.57
2026-09-22,1360,0.23
2026-09-22,1361,0.21
2026-09-22,1362,0.27
2026-09-22,1363,0.2
2026-09-22,1364,0.3
2026-09-22,1365,0.59
2026-09-22,1366,0.55
2026-09-22,1367,0.12
2026-09-22,1368,0.32
2026-09-22,1369,0.19
2026-09-22,1370,0.26
2026-09-22,1371,0.44
2026-09-22,1372,0.18
2026-09-22,1373,0.1
2026-09-22,1374,0.43
2026-09-22,1375,0.6
2026-09-22,1376,0.53
2026-09-22,1377,0.49
2026-09-22,1378,0.19
2026-09-22,1379,0.07
2026-09-22,1380,0.54
2026-09-22,1381,0.57
2026-09-22,1382,0.42
2026-09-22,1383,0.19
2026-09-22,1384,0.18
2026-09-22,1385,0.07
2026-09-22,1386,0.15
2026-09-22,1387,0.11
2026-09-22,1388,0.15
2026-09-22,1389,0.09
2026-09-22,1390,0.06
2026-09-22,1391,0.13
2026-09-22,1392,0.14
2026-09-22,1393,0.17
2026-09-22,1394,0.1
2026-09-22,1395,0.08
2026-09-22,1396,0.2
2026-09-22,1397,0.11
2026-09-22,1398,0.14
2026-09-22,1399,0.12
2026-09-22,1400,0.11
2026-09-22,1401,0.2
2026-09-22,1402,0.11
2026-09-22,1403,0.08
2026-09-22,1404,0.02
2026-09-22,1405,0.1
2026-09-22,1406,0.07
2026-09-22,1407,0.08
2026-09-22,1408,0.02
2026-09-22,1409,0.11
2026-09-22,1410,0.07
2026-09-22,1411,0.1
2026-09-22,1412,0.12
2026-09-22,1413,0.1
2026-09-22,1414,0.07
2026-09-22,1415,0.12
2026-09-22,1416,0.08
2026-09-22,1417,0.1
2026-09-22,1418,0.15
2026-09-22,1419,0.16
2026-09-22,1420,0.1
2026-09-22,1421,0.08
2026-09-22,1422,0.07
2026-09-22,1423,0.08
2026-09-22,1424,0.11
2026-09-22,1425,0.08
2026-09-22,1426,0.12
2026-09-22,1427,0.16
2026-09-22,1428,0.12
2026-09-22,1429,0.2
2026-09-22,1430,0.2
2026-09-22,1431,0.16
2026-09-22,1432,0.16
2026-09-22,1433,0.12
2026-09-22,1434,0.09
2026-09-22,1435,0.1
2026-09-22,1436,0.26
2026-09-22,1437,0.18
2026-09-22,1438,0.11
2026-09-22,1439,0.22
2026-09-23,1,0.3
2026-09-23,2,0.15
2026-09-23,3,0.12
2026-09-23,4,0.32
2026-09-23,5,0.27
2026-09-23,6,0.1
2026-09-23,7,0.19
2026-09-23,8,0.19
2026-09-23,9,0.22
2026-09-23,10,0.14
2026-09-23,11,0.16
2026-09-23,12,0.15
2026-09-23,13,0.13
2026-09-23,14,0.14
2026-09-23,15,0.1
2026-09-23,16,0.21
2026-09-23,17,0.15
2026-09-23,18,0.07
2026-09-23,19,0.17
2026-09-23,20,0.25
2026-09-23,21,0.34
2026-09-23,22,0.15
2026-09-23,23,0.65
2026-09-23,24,0.41
2026-09-23,25,0.21
2026-09-23,26,0.71
2026-09-23,27,0.5
2026-09-23,28,0.47
2026-09-23,29,0.1
2026-09-23,30,0.2
2026-09-23,31,0.13
2026-09-23,32,0.2
2026-09-23,33,0.23
2026-09-23,34,0.15
2026-09-23,35,0.17
2026-09-23,36,0.17
2026-09-23,37,0.24
2026-09-23,38,0.24
2026-09-23,39,0.2
2026-09-23,40,0.08
2026-09-23,41,0.3
2026-09-23,42,0.14
2026-09-23,43,0.21
2026-09-23,44,0.27
2026-09-23,45,0.08
2026-09-23,46,0.19
2026-09-23,47,0.1
2026-09-23,48,0.1
2026-09-23,49,0.09
2026-09-23,50,0.09
2026-09-23,51,0.11
2026-09-23,52,0.02
2026-09-23,53,0.13
2026-09-23,54,0.04
2026-09-23,55,0.11
2026-09-23,56,0.2
2026-09-23,57,0.07
2026-09-23,58,0.1
2026-09-23,59,0.13
2026-09-23,60,0.09
2026-09-23,61,0.12
2026-09-23,62,0.12
2026-09-23,63,0.2
2026-09-23,64,0.2
2026-09-23,65,0.06
2026-09-23,66,0.12
2026-09-23,67,0.16
2026-09-23,68,0.1
2026-09-23,69,0.12
2026-09-23,70,0.15
2026-09-23,71,0.05
2026-09-23,72,0.1
2026-09-23,73,0.09
2026-09-23,74,0.02
2026-09-23,75,0.15
2026-09-23,76,0.1
2026-09-23,77,0.09
2026-09-23,78,0.07
2026-09-23,79,0.11
2026-09-23,80,0.1
2026-09-23,81,0.18
2026-09-23,82,0.22
2026-09-23,83,0.43
2026-09-23,84,0.49
2026-09-23,85,0.36
2026-09-23,86,0.22
2026-09-23,87,0.35
2026-09-23,88,0.23
2026-09-23,89,0.08
2026-09-23,90,0.1
2026-09-23,91,0.16
2026-09-23,92,0.09
2026-09-23,93,0.14
2026-09-23,94,0.15
2026-09-23,95,0.26
2026-09-23,96,0.14
2026-09-23,97,0.1
2026-09-23,98,0.3
2026-09-23,99,0.15
2026-09-23,100,0.12
2026-09-23,101,0.12
2026-09-23,102,0.1
2026-09-23,103,0.2
2026-09-23,104,0.19
2026-09-23,105,0.09
2026-09-23,106,0.1
2026-09-23,107,0.13
2026-09-23,108,0.12
2026-09-23,109,0.12
2026-09-23,110,0.16
2026-09-23,111,0.1
2026-09-23,112,0.07
2026-09-23,113,0.11
2026-09-23,114,0.11
2026-09-23,115,0.05
2026-09-23,116,0.1
2026-09-23,117,0.15
2026-09-23,118,0.18
2026-09-23,119,0.13
2026-09-23,120,0.2
2026-09-23,121,0.2
2026-09-23,122,0.1
2026-09-23,123,0.16
2026-09-23,124,0.16
2026-09-23,125,0.13
2026-09-23,126,0.12
2026-09-23,127,0.1
2026-09-23,128,0.16
2026-09-23,129,0.1
2026-09-23,130,0.12
2026-09-23,131,0.1
2026-09-23,132,0.26
2026-09-23,133,0.29
2026-09-23,134,0.23
2026-09-23,135,0.12
2026-09-23,136,0.17
2026-09-23,137,0.07
2026-09-23,138,0.05
2026-09-23,139,0.17
2026-09-23,140,0.11
2026-09-23,141,0.34
2026-09-23,142,0.27
2026-09-23,143,0.41
2026-09-23,144,0.09
2026-09-23,145,0.36
2026-09-23,146,0.15
2026-09-23,147,0.03
2026-09-23,148,0.43
2026-09-23,149,0.51
2026-09-23,150,0.8
2026-09-23,151,0.31
2026-09-23,152,0.58
2026-09-23,153,0.15
2026-09-23,154,0.1
2026-09-23,155,0.1
2026-09-23,156,0.1
2026-09-23,157,0.11
2026-09-23,158,0.05
2026-09-23,159,0.11
2026-09-23,160,0.14
2026-09-23,161,0.16
2026-09-23,162,0.13
2026-09-23,163,0.19
2026-09-23,164,0.22
2026-09-23,165,0.2
2026-09-23,166,0.18
2026-09-23,167,0.1
2026-09-23,168,0.19
2026-09-23,169,0.14
2026-09-23,170,0.26
2026-09-23,171,0.22
2026-09-23,172,0.39
2026-09-23,173,0.19
2026-09-23,174,0.47
2026-09-23,175,0.18
2026-09-23,176,0.1
2026-09-23,177,0.2
2026-09-23,178,0.29
2026-09-23,179,0.24
2026-09-23,180,0.1
2026-09-23,181,0.17
2026-09-23,182,0.35
2026-09-23,183,0.25
2026-09-23,184,0.31
2026-09-23,185,0.17
2026-09-23,186,0.18
2026-09-23,187,0.29
2026-09-23,188,0.18
2026-09-23,189,0.14
2026-09-23,190,0.13
2026-09-23,191,0.08
2026-09-23,192,0.1
2026-09-23,193,0.24
2026-09-23,194,0.32
2026-09-23,195,0.11
2026-09-23,196,0.17
2026-09-23,197,0.19
2026-09-23,198,0.11
2026-09-23,199,0.1
2026-09-23,200,0.11
2026-09-23,201,0.32
2026-09-23,202,0.24
2026-09-23,203,0.2
2026-09-23,204,0.23
2026-09-23,205,0.12
2026-09-23,206,0.06
2026-09-23,207,0.12
2026-09-23,208,0.11
2026-09-23,209,0.37
2026-09-23,210,0.13
2026-09-23,211,0.1
2026-09-23,212,0.12
2026-09-23,213,0.1
2026-09-23,214,0.21
2026-09-23,215,0.2
2026-09-23,216,0.2
2026-09-23,217,0.27
2026-09-23,218,0.37
2026-09-23,219,0.46
2026-09-23,220,0.12
2026-09-23,221,0.32
2026-09-23,222,0.35
2026-09-23,223,0.29
2026-09-23,224,0.26
2026-09-23,225,0.29
2026-09-23,226,0.09
2026-09-23,227,0.12
2026-09-23,228,0.23
2026-09-23,229,0.2
2026-09-23,230,0.1
2026-09-23,231,0.13
2026-09-23,232,0.23
2026-09-23,233,0.11
2026-09-23,234,0.06
2026-09-23,235,0.1
2026-09-23,236,0.14
2026-09-23,237,0.15
2026-09-23,238,0.13
2026-09-23,239,0.07
2026-09-23,240,0.2
2026-09-23,241,0.1
2026-09-23,242,0.29
2026-09-23,243,0.13
2026-09-23,244,0.1
2026-09-23,245,0.32
2026-09-23,246,0.17
2026-09-23,247,0.14
2026-09-23,248,0.2
2026-09-23,249,0.1
2026-09-23,250,0.09
2026-09-23,251,0.16
2026-09-23,252,0.16
2026-09-23,253,0.18
2026-09-23,254,0.14
2026-09-23,255,0.14
2026-09-23,256,0.17
2026-09-23,257,0.09
2026-09-23,258,0.17
2026-09-23,259,0.16
2026-09-23,260,0.13
2026-09-23,261,0.18
2026-09-23,262,0.21
2026-09-23,263,0.12
2026-09-23,264,0.19
2026-09-23,265,0.15
2026-09-23,266,0.17
2026-09-23,267,0.24
2026-09-23,268,0.1
2026-09-23,269,0.2
2026-09-23,270,0.19
2026-09-23,271,0.08
2026-09-23,272,0.15
2026-09-23,273,0.11
2026-09-23,274,0.19
2026-09-23,275,0.2
2026-09-23,276,0.05
2026-09-23,277,0.14
2026-09-23,278,0.21
2026-09-23,279,0.17
2026-09-23,280,0.14
2026-09-23,281,0.11
2026-09-23,282,0.15
2026-09-23,283,0.19
2026-09-23,284,0.18
2026-09-23,285,0.07
2026-09-23,286,0.08
2026-09-23,287,0.12
2026-09-23,288,0.12
2026-09-23,289,0.24
2026-09-23,290,0.41
2026-09-23,291,0.32
2026-09-23,292,0.44
2026-09-23,293,0.15
2026-09-23,294,0.1
2026-09-23,295,0.22
2026-09-23,296,0.28
2026-09-23,297,0.29
2026-09-23,298,0.3
2026-09-23,299,0.32
2026-09-23,300,0.32
2026-09-23,301,0.14
2026-09-23,302,0.14
2026-09-23,303,0.19
2026-09-23,304,0.2
2026-09-23,305,0.44
2026-09-23,306,0.27
2026-09-23,307,0.28
2026-09-23,308,0.26
2026-09-23,309,0.34
2026-09-23,310,0.26
2026-09-23,311,0.19
2026-09-23,312,0.25
2026-09-23,313,0.21
2026-09-23,314,0.25
2026-09-23,315,0.27
2026-09-23,316,0.12
2026-09-23,317,0.18
2026-09-23,318,0.17
2026-09-23,319,0.25
2026-09-23,320,0.21
2026-09-23,321,0.31
2026-09-23,322,0.05
2026-09-23,323,0.14
2026-09-23,324,0.12
2026-09-23,325,0.13
2026-09-23,326,0.14
2026-09-23,327,0.16
2026-09-23,328,0.06
2026-09-23,329,0.15
2026-09-23,330,0.13
2026-09-23,331,0.11
2026-09-23,332,0.2
2026-09-23,333,0.08
2026-09-23,334,0.2
2026-09-23,335,0.11
2026-09-23,336,0.11
2026-09-23,337,0.17
2026-09-23,338,0.2
2026-09-23,339,0.11
2026-09-23,340,0.08
2026-09-23,341,0.18
2026-09-23,342,0.11
2026-09-23,343,0.08
2026-09-23,344,0.16
2026-09-23,345,0.23
2026-09-23,346,0.3
2026-09-23,347,0.19
2026-09-23,348,0.1
2026-09-23,349,0.2
2026-09-23,350,0.16
2026-09-23,351,0.2
2026-09-23,352,0.1
2026-09-23,353,0.17
2026-09-23,354,0.13
2026-09-23,355,0.09
2026-09-23,356,0.23
2026-09-23,357,0.29
2026-09-23,358,0.22
2026-09-23,359,0.23
2026-09-23,360,0.27
2026-09-23,361,0.22
2026-09-23,362,0.11
2026-09-23,363,0.11
2026-09-23,364,0.17
2026-09-23,365,0.12
2026-09-23,366,0.18
2026-09-23,367,0.14
2026-09-23,368,0.18
2026-09-23,369,0.23
2026-09-23,370,0.16
2026-09-23,371,0.26
2026-09-23,372,0.25
2026-09-23,373,0.21
2026-09-23,374,0.09
2026-09-23,375,0.21
2026-09-23,376,0.17
2026-09-23,377,0.18
2026-09-23,378,0.26
2026-09-23,379,0.11
2026-09-23,380,0.19
2026-09-23,381,0.23
2026-09-23,382,0.25
2026-09-23,383,0.14
2026-09-23,384,0.24
2026-09-23,385,0.2
2026-09-23,386,0.36
2026-09-23,387,0.3
2026-09-23,388,0.33
2026-09-23,389,0.3
2026-09-23,390,0.14
2026-09-23,391,0.13
2026-09-23,392,0.11
2026-09-23,393,0.32
2026-09-23,394,0.14
2026-09-23,395,0.18
2026-09-23,396,0.21
2026-09-23,397,0.2
2026-09-23,398,0.26
2026-09-23,399,0.14
2026-09-23,400,0.2
2026-09-23,401,0.11
2026-09-23,402,0.22
2026-09-23,403,0.28
2026-09-23,404,0.28
2026-09-23,405,0.19
2026-09-23,406,0.26
2026-09-23,407,0.13
2026-09-23,408,0.16
2026-09-23,409,0.22
2026-09-23,410,0.1
2026-09-23,411,0.29
2026-09-23,412,0.21
2026-09-23,413,0.26
2026-09-23,414,0.26
2026-09-23,415,0.13
2026-09-23,416,0.21
2026-09-23,417,0.22
2026-09-23,418,0.21
2026-09-23,419,0.18
2026-09-23,420,0.2
2026-09-23,421,0.21
2026-09-23,422,0.25
2026-09-23,423,0.16
2026-09-23,424,0.16
2026-09-23,425,0.23
2026-09-23,426,0.25
2026-09-23,427,0.35
2026-09-23,428,0.23
2026-09-23,429,0.22
2026-09-23,430,0.19
2026-09-23,431,0.13
2026-09-23,432,0.14
2026-09-23,433,0.19
2026-09-23,434,0.18
2026-09-23,435,0.16
2026-09-23,436,0.19
2026-09-23,437,0.24
2026-09-23,438,0.17
2026-09-23,439,0.12
2026-09-23,440,0.26
2026-09-23,441,0.24
2026-09-23,442,0.17
2026-09-23,443,0.2
2026-09-23,444,0.11
2026-09-23,445,0.13
2026-09-23,446,0.1
2026-09-23,447,0.2
2026-09-23,448,0.18
2026-09-23,449,0.17
2026-09-23,450,0.14
2026-09-23,451,0.12
2026-09-23,452,0.19
2026-09-23,453,0.17
2026-09-23,454,0.1
2026-09-23,455,0.09
2026-09-23,456,0.15
2026-09-23,457,0.1
2026-09-23,458,0.12
2026-09-23,459,0.14
2026-09-23,460,0.15
2026-09-23,461,0.12
2026-09-23,462,0.26
2026-09-23,463,0.16
2026-09-23,464,0.19
2026-09-23,465,0.21
2026-09-23,466,0.15
2026-09-23,467,0.26
2026-09-23,468,0.16
2026-09-23,469,0.38
2026-09-23,470,0.37
2026-09-23,471,0.23
2026-09-23,472,0.2
2026-09-23,473,0.15
2026-09-23,474,0.12
2026-09-23,475,0.15
2026-09-23,476,0.19
2026-09-23,477,0.1
2026-09-23,478,0.1
2026-09-23,479,0.1
2026-09-23,480,0.19
2026-09-23,481,0.25
2026-09-23,482,0.21
2026-09-23,483,0.23
2026-09-23,484,0.12
2026-09-23,485,0.11
2026-09-23,486,0.13
2026-09-23,487,0.27
2026-09-23,488,0.11
2026-09-23,489,0.13
2026-09-23,490,0.14
2026-09-23,491,0.13
2026-09-23,492,0.11
2026-09-23,493,0.2
2026-09-23,494,0.23
2026-09-23,495,0.21
2026-09-23,496,0.12
2026-09-23,497,0.17
2026-09-23,498,0.11
2026-09-23,499,0.19
2026-09-23,500,0.18
2026-09-23,501,0.11
2026-09-23,502,0.18
2026-09-23,503,0.19
2026-09-23,504,0.12
2026-09-23,505,0.23
2026-09-23,506,0.22
2026-09-23,507,0.2
2026-09-23,508,0.2
2026-09-23,509,0.29
2026-09-23,510,0.31
2026-09-23,511,0.23
2026-09-23,512,0.2
2026-09-23,513,0.27
2026-09-23,514,0.15
2026-09-23,515,0.26
2026-09-23,516,0.33
2026-09-23,517,0.16
2026-09-23,518,0.18
2026-09-23,519,0.2
2026-09-23,520,0.18
2026-09-23,521,0.13
2026-09-23,522,0.12
2026-09-23,523,0.13
2026-09-23,524,0.17
2026-09-23,525,0.24
2026-09-23,526,0.1
2026-09-23,527,0.11
2026-09-23,528,0.2
2026-09-23,529,0.1
2026-09-23,530,0.23
2026-09-23,531,0.3
2026-09-23,532,0.27
2026-09-23,533,0.1
2026-09-23,534,0.25
2026-09-23,535,0.16
2026-09-23,536,0.51
2026-09-23,537,0.31
2026-09-23,538,0.22
2026-09-23,539,0.13
2026-09-23,540,0.15
2026-09-23,541,0.12
2026-09-23,542,0.34
2026-09-23,543,0.19
2026-09-23,544,0.21
2026-09-23,545,0.27
2026-09-23,546,0.19
2026-09-23,547,0.15
2026-09-23,548,0.46
2026-09-23,549,0.39
2026-09-23,550,0.21
2026-09-23,551,0.19
2026-09-23,552,0.53
2026-09-23,553,0.36
2026-09-23,554,0.25
2026-09-23,555,0.43
2026-09-23,556,0.41
2026-09-23,557,0.47
2026-09-23,558,0.26
2026-09-23,559,0.2
2026-09-23,560,0.23
2026-09-23,561,0.22
2026-09-23,562,0.34
2026-09-23,563,0.21
2026-09-23,564,0.09
2026-09-23,565,0.16
2026-09-23,566,0.23
2026-09-23,567,0.33
2026-09-23,568,0.17
2026-09-23,569,0.19
2026-09-23,570,0.2
2026-09-23,571,0.33
2026-09-23,572,0.13
2026-09-23,573,0.17
2026-09-23,574,0.2
2026-09-23,575,0.5
2026-09-23,576,0.54
2026-09-23,577,0.4
2026-09-23,578,0.24
2026-09-23,579,0.26
2026-09-23,580,0.22
2026-09-23,581,0.2
2026-09-23,582,0.23
2026-09-23,583,0.1
2026-09-23,584,0.45
2026-09-23,585,0.32
2026-09-23,586,0.21
2026-09-23,587,0.26
2026-09-23,588,0.34
2026-09-23,589,0.2
2026-09-23,590,0.19
2026-09-23,591,0.33
2026-09-23,592,0.3
2026-09-23,593,0.28
2026-09-23,594,0.22
2026-09-23,595,0.31
2026-09-23,596,0.35
2026-09-23,597,0.45
2026-09-23,598,0.55
2026-09-23,599,0.37
2026-09-23,600,0.38
2026-09-23,601,0.14
2026-09-23,602,0.2
2026-09-23,603,0.26
2026-09-23,604,0.25
2026-09-23,605,0.1
2026-09-23,606,0.3
2026-09-23,607,0.38
2026-09-23,608,0.2
2026-09-23,609,0.21
2026-09-23,610,0.18
2026-09-23,611,0.31
2026-09-23,612,0.27
2026-09-23,613,0.19
2026-09-23,614,0.23
2026-09-23,615,0.58
2026-09-23,616,0.52
2026-09-23,617,0.47
2026-09-23,618,0.45
2026-09-23,619,0.55
2026-09-23,620,0.51
2026-09-23,621,0.52
2026-09-23,622,0.66
2026-09-23,623,0.4
2026-09-23,624,0.49
2026-09-23,625,0.41
2026-09-23,626,0.1
2026-09-23,627,0.1
2026-09-23,628,0.17
2026-09-23,629,0.32
2026-09-23,630,0.55
2026-09-23,631,0.43
2026-09-23,632,0.4
2026-09-23,633,0.62
2026-09-23,634,0.46
2026-09-23,635,0.31
2026-09-23,636,0.44
2026-09-23,637,0.58
2026-09-23,638,0.46
2026-09-23,639,0.35
2026-09-23,640,0.52
2026-09-23,641,0.47
2026-09-23,642,0.39
2026-09-23,643,0.2
2026-09-23,644,0.21
2026-09-23,645,0.38
2026-09-23,646,0.34
2026-09-23,647,0.42
2026-09-23,648,0.36
2026-09-23,649,0.49
2026-09-23,650,0.61
2026-09-23,651,0.4
2026-09-23,652,0.41
2026-09-23,653,0.28
2026-09-23,654,0.34
2026-09-23,655,0.29
2026-09-23,656,0.36
2026-09-23,657,0.36
2026-09-23,658,0.37
2026-09-23,659,0.39
2026-09-23,660,0.39
2026-09-23,661,0.4
2026-09-23,662,0.38
2026-09-23,663,0.27
2026-09-23,664,0.37
2026-09-23,665,0.28
2026-09-23,666,0.31
2026-09-23,667,0.35
2026-09-23,668,0.25
2026-09-23,669,0.44
2026-09-23,670,0.79
2026-09-23,671,0.73
2026-09-23,672,0.5
2026-09-23,673,0.54
2026-09-23,674,0.49
2026-09-23,675,0.35
2026-09-23,676,0.29
2026-09-23,677,0.29
2026-09-23,678,0.27
2026-09-23,679,0.13
2026-09-23,680,0.31
2026-09-23,681,0.31
2026-09-23,682,0.2
2026-09-23,683,0.38
2026-09-23,684,0.65
2026-09-23,685,0.4
2026-09-23,686,0.31
2026-09-23,687,0.3
2026-09-23,688,0.27
2026-09-23,689,0.18
2026-09-23,690,0.28
2026-09-23,691,0.42
2026-09-23,692,0.35
2026-09-23,693,0.27
2026-09-23,694,0.32
2026-09-23,695,0.31
2026-09-23,696,0.27
2026-09-23,697,0.6
2026-09-23,698,0.51
2026-09-23,699,0.5
2026-09-23,700,0.49
2026-09-23,701,0.33
2026-09-23,702,0.42
2026-09-23,703,0.25
2026-09-23,704,0.37
2026-09-23,705,0.43
2026-09-23,706,0.4
2026-09-23,707,0.37
2026-09-23,708,0.33
2026-09-23,709,0.38
2026-09-23,710,0.59
2026-09-23,711,0.55
2026-09-23,712,0.27
2026-09-23,713,0.29
2026-09-23,714,0.51
2026-09-23,715,0.31
2026-09-23,716,0.28
2026-09-23,717,0.33
2026-09-23,718,0.22
2026-09-23,719,0.28
2026-09-23,720,0.16
2026-09-23,721,0.11
2026-09-23,722,0.19
2026-09-23,723,0.12
2026-09-23,724,0.29
2026-09-23,725,0.22
2026-09-23,726,0.11
2026-09-23,727,0.38
2026-09-23,728,0.3
2026-09-23,729,0.15
2026-09-23,730,0.3
2026-09-23,731,0.19
2026-09-23,732,0.13
2026-09-23,733,0.1
2026-09-23,734,0.35
2026-09-23,735,0.75
2026-09-23,736,0.6
2026-09-23,737,0.28
2026-09-23,738,0.74
2026-09-23,739,1.34
2026-09-23,740,1.33
2026-09-23,741,0.63
2026-09-23,742,0.21
2026-09-23,743,0.12
2026-09-23,744,0.13
2026-09-23,745,0.17
2026-09-23,746,0.17
2026-09-23,747,0.21
2026-09-23,748,0.13
2026-09-23,749,0.15
2026-09-23,750,0.33
2026-09-23,751,0.19
2026-09-23,752,0.52
2026-09-23,753,0.52
2026-09-23,754,0.51
2026-09-23,755,0.5
2026-09-23,756,0.33
2026-09-23,757,0.78
2026-09-23,758,0.49
2026-09-23,759,0.41
2026-09-23,760,0.34
2026-09-23,761,0.2
2026-09-23,762,0.19
2026-09-23,763,0.1
2026-09-23,764,0.2
2026-09-23,765,0.06
2026-09-23,766,0.17
2026-09-23,767,0.14
2026-09-23,768,0.15
2026-09-23,769,0.12
2026-09-23,770,0.23
2026-09-23,771,0.25
2026-09-23,772,0.41
2026-09-23,773,0.06
2026-09-23,774,0.06
2026-09-23,775,0.3
2026-09-23,776,0.25
2026-09-23,777,0.14
2026-09-23,778,0.11
2026-09-23,779,0.1
2026-09-23,780,0.18
2026-09-23,781,0.17
2026-09-23,782,0.15
2026-09-23,783,0.1
2026-09-23,784,0.12
2026-09-23,785,0.17
2026-09-23,786,0.09
2026-09-23,787,0.17
2026-09-23,788,0.1
2026-09-23,789,0.14
2026-09-23,790,0.25
2026-09-23,791,0.29
2026-09-23,792,0.4
2026-09-23,793,0.79
2026-09-23,794,0.4
2026-09-23,795,0.54
2026-09-23,796,0.66
2026-09-23,797,0.49
2026-09-23,798,0.2
2026-09-23,799,0.23
2026-09-23,800,0.44
2026-09-23,801,0.43
2026-09-23,802,0.33
2026-09-23,803,0.35
2026-09-23,804,0.3
2026-09-23,805,0.4
2026-09-23,806,0.26
2026-09-23,807,0.33
2026-09-23,808,0.29
2026-09-23,809,0.38
2026-09-23,810,0.17
2026-09-23,811,0.36
2026-09-23,812,0.23
2026-09-23,813,0.43
2026-09-23,814,0.28
2026-09-23,815,0.37
2026-09-23,816,0.37
2026-09-23,817,0.25
2026-09-23,818,0.22
2026-09-23,819,0.12
2026-09-23,820,0.19
2026-09-23,821,0.14
2026-09-23,822,0.12
2026-09-23,823,0.15
2026-09-23,824,0.21
2026-09-23,825,0.22
2026-09-23,826,0.28
2026-09-23,827,0.26
2026-09-23,828,0.2
2026-09-23,829,0.23
2026-09-23,830,0.1
2026-09-23,831,0.25
2026-09-23,832,0.53
2026-09-23,833,0.37
2026-09-23,834,0.16
2026-09-23,835,0.37
2026-09-23,836,0.1
2026-09-23,837,0.33
2026-09-23,838,0.4
2026-09-23,839,0.45
2026-09-23,840,0.54
2026-09-23,841,0.36
2026-09-23,842,0.19
2026-09-23,843,0.2
2026-09-23,844,0.29
2026-09-23,845,0.22
2026-09-23,846,0.29
2026-09-23,847,0.17
2026-09-23,848,0.17
2026-09-23,849,0.24
2026-09-23,850,0.18
2026-09-23,851,0.23
2026-09-23,852,0.22
2026-09-23,853,0.14
2026-09-23,854,0.18
2026-09-23,855,0.2
2026-09-23,856,0.33
2026-09-23,857,0.42
2026-09-23,858,0.17
2026-09-23,859,0.18
2026-09-23,860,0.2
2026-09-23,861,0.14
2026-09-23,862,0.18
2026-09-23,863,0.23
2026-09-23,864,0.17
2026-09-23,865,0.11
2026-09-23,866,0.2
2026-09-23,867,0.21
2026-09-23,868,0.3
2026-09-23,869,0.24
2026-09-23,870,0.14
2026-09-23,871,0.18
2026-09-23,872,0.3
2026-09-23,873,0.26
2026-09-23,874,0.21
2026-09-23,875,0.29
2026-09-23,876,0.1
2026-09-23,877,0.2
2026-09-23,878,0.2
2026-09-23,879,0.21
2026-09-23,880,0.24
2026-09-23,881,0.47
2026-09-23,882,0.41
2026-09-23,883,0.29
2026-09-23,884,0.29
2026-09-23,885,0.33
2026-09-23,886,0.1
2026-09-23,887,0.2
2026-09-23,888,0.1
2026-09-23,889,0.25
2026-09-23,890,0.28
2026-09-23,891,0.22
2026-09-23,892,0.31
2026-09-23,893,0.28
2026-09-23,894,0.19
2026-09-23,895,0.27
2026-09-23,896,0.42
2026-09-23,897,0.22
2026-09-23,898,0.2
2026-09-23,899,0.24
2026-09-23,900,0.4
2026-09-23,901,0.1
2026-09-23,902,0.12
2026-09-23,903,0.16
2026-09-23,904,0.23
2026-09-23,905,0.15
2026-09-23,906,0.22
2026-09-23,907,0.2
2026-09-23,908,0.12
2026-09-23,909,0.19
2026-09-23,910,0.4
2026-09-23,911,0.33
2026-09-23,912,0.25
2026-09-23,913,0.23
2026-09-23,914,0.18
2026-09-23,915,0.23
2026-09-23,916,0.19
2026-09-23,917,0.28
2026-09-23,918,0.22
2026-09-23,919,0.21
2026-09-23,920,0.21
2026-09-23,921,0.2
2026-09-23,922,0.2
2026-09-23,923,0.17
2026-09-23,924,0.21
2026-09-23,925,0.16
2026-09-23,926,0.2
2026-09-23,927,0.13
2026-09-23,928,0.2
2026-09-23,929,0.19
2026-09-23,930,0.14
2026-09-23,931,0.11
2026-09-23,932,0.09
2026-09-23,933,0.15
2026-09-23,934,0.1
2026-09-23,935,0.19
2026-09-23,936,0.19
2026-09-23,937,0.3
2026-09-23,938,0.34
2026-09-23,939,0.18
2026-09-23,940,0.3
2026-09-23,941,0.23
2026-09-23,942,0.29
2026-09-23,943,0.24
2026-09-23,944,0.19
2026-09-23,945,0.18
2026-09-23,946,0.19
2026-09-23,947,0.18
2026-09-23,948,0.25
2026-09-23,949,0.2
2026-09-23,950,0.2
2026-09-23,951,0.24
2026-09-23,952,0.53
2026-09-23,953,0.24
2026-09-23,954,0.11
2026-09-23,955,0.07
2026-09-23,956,0.19
2026-09-23,957,0.27
2026-09-23,958,0.12
2026-09-23,959,0.26
2026-09-23,960,0.13
2026-09-23,961,0.15
2026-09-23,962,0.35
2026-09-23,963,0.3
2026-09-23,964,0.2
2026-09-23,965,0.11
2026-09-23,966,0.12
2026-09-23,967,0.11
2026-09-23,968,0.11
2026-09-23,969,0.1
2026-09-23,970,0.07
2026-09-23,971,0.11
2026-09-23,972,0.24
2026-09-23,973,0.29
2026-09-23,974,0.54
2026-09-23,975,1.42
2026-09-23,976,0.92
2026-09-23,977,0.76
2026-09-23,978,0.84
2026-09-23,979,0.43
2026-09-23,980,0.24
2026-09-23,981,0.2
2026-09-23,982,0.36
2026-09-23,983,0.19
2026-09-23,984,0.16
2026-09-23,985,0.18
2026-09-23,986,0.21
2026-09-23,987,0.13
2026-09-23,988,0.2
2026-09-23,989,0.11
2026-09-23,990,0.15
2026-09-23,991,0.16
2026-09-23,992,0.09
2026-09-23,993,0.08
2026-09-23,994,0.12
2026-09-23,995,0.19
2026-09-23,996,0.33
2026-09-23,997,0.19
2026-09-23,998,0.12
2026-09-23,999,0.21
2026-09-23,1000,0.13
2026-09-23,1001,0.06
2026-09-23,1002,0.23
2026-09-23,1003,0.27
2026-09-23,1004,0.19
2026-09-23,1005,0.24
2026-09-23,1006,0.25
2026-09-23,1007,0.39
2026-09-23,1008,0.1
2026-09-23,1009,0.21
2026-09-23,1010,0.08
2026-09-23,1011,0.17
2026-09-23,1012,0.17
2026-09-23,1013,0.15
2026-09-23,1014,0.11
2026-09-23,1015,0.08
2026-09-23,1016,0.11
2026-09-23,1017,0.12
2026-09-23,1018,0.08
2026-09-23,1019,0.16
2026-09-23,1020,0.25
2026-09-23,1021,0.07
2026-09-23,1022,0.22
2026-09-23,1023,0.23
2026-09-23,1024,0.09
2026-09-23,1025,0.18
2026-09-23,1026,0.18
2026-09-23,1027,0.18
2026-09-23,1028,0.12
2026-09-23,1029,0.05
2026-09-23,1030,0.12
2026-09-23,1031,0.09
2026-09-23,1032,0.2
2026-09-23,1033,0.27
2026-09-23,1034,0.25
2026-09-23,1035,0.16
2026-09-23,1036,0.2
2026-09-23,1037,0.18
2026-09-23,1038,0.1
2026-09-23,1039,0.15
2026-09-23,1040,0.23
2026-09-23,1041,0.22
2026-09-23,1042,0.26
2026-09-23,1043,0.11
2026-09-23,1044,0.32
2026-09-23,1045,0.29
2026-09-23,1046,0.26
2026-09-23,1047,0.5
2026-09-23,1048,0.26
2026-09-23,1049,0.3
2026-09-23,1050,0.2
2026-09-23,1051,0.25
2026-09-23,1052,0.12
2026-09-23,1053,0.08
2026-09-23,1054,0.13
2026-09-23,1055,0.08
2026-09-23,1056,0.12
2026-09-23,1057,0.17
2026-09-23,1058,0.22
2026-09-23,1059,0.12
2026-09-23,1060,0.1
2026-09-23,1061,0.24
2026-09-23,1062,0.21
2026-09-23,1063,0.08
2026-09-23,1064,0.4
2026-09-23,1065,0.5
2026-09-23,1066,0.54
2026-09-23,1067,0.32
2026-09-23,1068,0.18
2026-09-23,1069,0.25
2026-09-23,1070,0.28
2026-09-23,1071,0.3
2026-09-23,1072,0.45
2026-09-23,1073,0.44
2026-09-23,1074,0.32
2026-09-23,1075,0.12
2026-09-23,1076,0.17
2026-09-23,1077,0.18
2026-09-23,1078,0.18
2026-09-23,1079,0.22
2026-09-23,1080,0.23
2026-09-23,1081,0.27
2026-09-23,1082,0.2
2026-09-23,1083,0.34
2026-09-23,1084,0.18
2026-09-23,1085,0.11
2026-09-23,1086,0.22
2026-09-23,1087,0.1
2026-09-23,1088,0.28
2026-09-23,1089,0.18
2026-09-23,1090,0.25
2026-09-23,1091,0.3
2026-09-23,1092,0.17
2026-09-23,1093,0.34
2026-09-23,1094,0.88
2026-09-23,1095,0.68
2026-09-23,1096,1.02
2026-09-23,1097,1.5
2026-09-23,1098,1.13
2026-09-23,1099,0.75
2026-09-23,1100,0.5
2026-09-23,1101,0.45
2026-09-23,1102,0.86
2026-09-23,1103,0.92
2026-09-23,1104,0.85
2026-09-23,1105,0.82
2026-09-23,1106,0.67
2026-09-23,1107,0.71
2026-09-23,1108,0.69
2026-09-23,1109,0.26
2026-09-23,1110,0.48
2026-09-23,1111,0.6
2026-09-23,1112,0.41
2026-09-23,1113,0.27
2026-09-23,1114,0.34
2026-09-23,1115,0.59
2026-09-23,1116,0.43
2026-09-23,1117,0.3
2026-09-23,1118,0.32
2026-09-23,1119,0.13
2026-09-23,1120,0.11
2026-09-23,1121,0.15
2026-09-23,1122,0.17
2026-09-23,1123,0.08
2026-09-23,1124,0.33
2026-09-23,1125,0.18
2026-09-23,1126,0.21
2026-09-23,1127,0.62
2026-09-23,1128,0.45
2026-09-23,1129,0.28
2026-09-23,1130,0.48
2026-09-23,1131,0.48
2026-09-23,1132,0.29
2026-09-23,1133,0.08
2026-09-23,1134,0.35
2026-09-23,1135,0.42
2026-09-23,1136,0.49
2026-09-23,1137,0.24
2026-09-23,1138,0.16
2026-09-23,1139,0.42
2026-09-23,1140,0.18
2026-09-23,1141,0.07
2026-09-23,1142,0.12
2026-09-23,1143,0.25
2026-09-23,1144,0.2
2026-09-23,1145,0.21
2026-09-23,1146,0.07
2026-09-23,1147,0.1
2026-09-23,1148,0.1
2026-09-23,1149,0.21
2026-09-23,1150,0.15
2026-09-23,1151,0.2
2026-09-23,1152,0.42
2026-09-23,1153,0.69
2026-09-23,1154,0.75
2026-09-23,1155,0.56
2026-09-23,1156,0.65
2026-09-23,1157,0.1
2026-09-23,1158,0.28
2026-09-23,1159,0.53
2026-09-23,1160,0.95
2026-09-23,1161,1.5
2026-09-23,1162,1.87
2026-09-23,1163,1.23
2026-09-23,1164,0.65
2026-09-23,1165,0.84
2026-09-23,1166,1.09
2026-09-23,1167,1.46
2026-09-23,1168,0.91
2026-09-23,1169,0.61
2026-09-23,1170,0.28
2026-09-23,1171,0.25
2026-09-23,1172,0.2
2026-09-23,1173,0.19
2026-09-23,1174,0.15
2026-09-23,1175,0.15
2026-09-23,1176,0.16
2026-09-23,1177,0.22
2026-09-23,1178,0.41
2026-09-23,1179,0.34
2026-09-23,1180,0.33
2026-09-23,1181,0.18
2026-09-23,1182,0.25
2026-09-23,1183,0.14
2026-09-23,1184,0.11
2026-09-23,1185,0.18
2026-09-23,1186,0.18
2026-09-23,1187,0.21
2026-09-23,1188,0.18
2026-09-23,1189,0.31
2026-09-23,1190,0.73
2026-09-23,1191,1.23
2026-09-23,1192,0.94
2026-09-23,1193,1.39
2026-09-23,1194,1.64
2026-09-23,1195,1.72
2026-09-23,1196,1.04
2026-09-23,1197,0.84
2026-09-23,1198,0.51
2026-09-23,1199,0.51
2026-09-23,1200,0.43
2026-09-23,1201,0.46
2026-09-23,1202,0.25
2026-09-23,1203,0.07
2026-09-23,1204,0.11
2026-09-23,1205,0.11
2026-09-23,1206,0.16
2026-09-23,1207,0.39
2026-09-23,1208,0.34
2026-09-23,1209,0.28
2026-09-23,1210,0.18
2026-09-23,1211,0.31
2026-09-23,1212,0.2
2026-09-23,1213,0.16
2026-09-23,1214,0.18
2026-09-23,1215,0.13
2026-09-23,1216,0.11
2026-09-23,1217,0.07
2026-09-23,1218,0.2
2026-09-23,1219,0.3
2026-09-23,1220,0.19
2026-09-23,1221,0.4
2026-09-23,1222,0.5
2026-09-23,1223,0.4
2026-09-23,1224,0.44
2026-09-23,1225,0.68
2026-09-23,1226,0.24
2026-09-23,1227,0.49
2026-09-23,1228,0.36
2026-09-23,1229,0.29
2026-09-23,1230,0.4
2026-09-23,1231,0.2
2026-09-23,1232,0.18
2026-09-23,1233,0.11
2026-09-23,1234,0.4
2026-09-23,1235,0.51
2026-09-23,1236,0.75
2026-09-23,1237,0.83
2026-09-23,1238,0.82
2026-09-23,1239,1.05
2026-09-23,1240,0.74
2026-09-23,1241,0.32
2026-09-23,1242,0.19
2026-09-23,1243,0.27
2026-09-23,1244,0.4
2026-09-23,1245,0.52
2026-09-23,1246,0.55
2026-09-23,1247,0.33
2026-09-23,1248,0.24
2026-09-23,1249,0.38
2026-09-23,1250,0.52
2026-09-23,1251,0.71
2026-09-23,1252,0.83
2026-09-23,1253,0.4
2026-09-23,1254,0.77
2026-09-23,1255,1.22
2026-09-23,1256,1.26
2026-09-23,1257,0.84
2026-09-23,1258,0.55
2026-09-23,1259,0.6
2026-09-23,1260,0.21
2026-09-23,1261,0.38
2026-09-23,1262,0.41
2026-09-23,1263,0.22
2026-09-23,1264,0.43
2026-09-23,1265,0.1
2026-09-23,1266,0.28
2026-09-23,1267,0.45
2026-09-23,1268,0.28
2026-09-23,1269,0.2
2026-09-23,1270,0.11
2026-09-23,1271,0.1
2026-09-23,1272,0.2
2026-09-23,1273,0.2
2026-09-23,1274,0.31
2026-09-23,1275,0.14
2026-09-23,1276,0.61
2026-09-23,1277,0.52
2026-09-23,1278,0.4
2026-09-23,1279,0.37
2026-09-23,1280,0.57
2026-09-23,1281,0.51
2026-09-23,1282,0.61
2026-09-23,1283,0.6
2026-09-23,1284,0.1
2026-09-23,1285,0.78
2026-09-23,1286,1.17
2026-09-23,1287,0.77
2026-09-23,1288,0.88
2026-09-23,1289,0.69
2026-09-23,1290,0.5
2026-09-23,1291,0.34
2026-09-23,1292,0.49
2026-09-23,1293,0.86
2026-09-23,1294,0.85
2026-09-23,1295,1.22
2026-09-23,1296,0.93
2026-09-23,1297,0.32
2026-09-23,1298,1.32
2026-09-23,1299,1.94
2026-09-23,1300,2.0
2026-09-23,1301,1.16
2026-09-23,1302,0.43
2026-09-23,1303,0.5
2026-09-23,1304,1.03
2026-09-23,1305,0.88
2026-09-23,1306,0.57
2026-09-23,1307,0.38
2026-09-23,1308,0.36
2026-09-23,1309,0.52
2026-09-23,1310,0.2
2026-09-23,1311,0.18
2026-09-23,1312,0.37
2026-09-23,1313,0.32
2026-09-23,1314,0.6
2026-09-23,1315,0.11
2026-09-23,1316,0.61
2026-09-23,1317,0.71
2026-09-23,1318,0.28
2026-09-23,1319,0.18
2026-09-23,1320,0.3
2026-09-23,1321,0.28
2026-09-23,1322,0.68
2026-09-23,1323,0.5
2026-09-23,1324,0.27
2026-09-23,1325,0.15
2026-09-23,1326,0.48
2026-09-23,1327,2.51
2026-09-23,1328,3.4
2026-09-23,1329,2.73
2026-09-23,1330,1.1
2026-09-23,1331,0.25
2026-09-23,1332,0.71
2026-09-23,1333,0.8
2026-09-23,1334,1.12
2026-09-23,1335,1.18
2026-09-23,1336,0.37
2026-09-23,1337,0.3
2026-09-23,1338,0.1
2026-09-23,1339,0.1
2026-09-23,1340,0.15
2026-09-23,1341,0.18
2026-09-23,1342,0.09
2026-09-23,1343,0.13
2026-09-23,1344,0.21
2026-09-23,1345,0.1
2026-09-23,1346,0.37
2026-09-23,1347,0.45
2026-09-23,1348,0.2
2026-09-23,1349,0.27
2026-09-23,1350,0.15
2026-09-23,1351,0.12
2026-09-23,1352,0.13
2026-09-23,1353,0.27
2026-09-23,1354,0.1
2026-09-23,1355,0.25
2026-09-23,1356,0.1
2026-09-23,1357,0.32
2026-09-23,1358,0.35
2026-09-23,1359,0.28
2026-09-23,1360,0.1
2026-09-23,1361,0.17
2026-09-23,1362,0.24
2026-09-23,1363,0.03
2026-09-23,1364,0.16
2026-09-23,1365,0.1
2026-09-23,1366,0.17
2026-09-23,1367,0.14
2026-09-23,1368,0.18
2026-09-23,1369,0.07
2026-09-23,1370,0.1
2026-09-23,1371,0.22
2026-09-23,1372,0.18
2026-09-23,1373,0.11
2026-09-23,1374,0.3
2026-09-23,1375,0.1
2026-09-23,1376,0.11
2026-09-23,1377,0.47
2026-09-23,1378,0.44
2026-09-23,1379,0.1
2026-09-23,1380,0.41
2026-09-23,1381,0.32
2026-09-23,1382,0.28
2026-09-23,1383,0.22
2026-09-23,1384,0.21
2026-09-23,1385,0.42
2026-09-23,1386,0.36
2026-09-23,1387,0.72
2026-09-23,1388,0.88
2026-09-23,1389,0.76
2026-09-23,1390,0.31
2026-09-23,1391,0.54
2026-09-23,1392,0.84
2026-09-23,1393,0.31
2026-09-23,1394,0.56
2026-09-23,1395,0.77
2026-09-23,1396,0.15
2026-09-23,1397,0.66
2026-09-23,1398,0.25
2026-09-23,1399,0.6
2026-09-23,1400,0.65
2026-09-23,1401,0.31
2026-09-23,1402,1.65
2026-09-23,1403,0.44
2026-09-23,1404,0.8
2026-09-23,1405,0.87
2026-09-23,1406,0.82
2026-09-23,1407,0.34
2026-09-23,1408,0.51
2026-09-23,1409,0.89
2026-09-23,1410,0.85
2026-09-23,1411,0.66
2026-09-23,1412,0.38
2026-09-23,1413,0.45
2026-09-23,1414,0.39
2026-09-23,1415,0.34
2026-09-23,1416,0.32
2026-09-23,1417,0.56
2026-09-23,1418,0.18
2026-09-23,1419,0.24
2026-09-23,1420,0.61
2026-09-23,1421,0.59
2026-09-23,1422,0.51
2026-09-23,1423,0.25
2026-09-23,1424,0.58
2026-09-23,1425,0.43
2026-09-23,1426,0.25
2026-09-23,1427,0.22
2026-09-23,1428,0.38
2026-09-23,1429,0.27
2026-09-23,1430,0.44
2026-09-23,1431,0.28
2026-09-23,1432,0.49
2026-09-23,1433,0.63
2026-09-23,1434,0.44
2026-09-23,1435,0.49
2026-09-23,1436,0.54
2026-09-23,1437,0.27
2026-09-23,1438,0.46
2026-09-23,1439,0.52
2026-09-25,1,2.02
2026-09-25,2,1.98
2026-09-25,3,1.98
2026-09-25,4,2.06
2026-09-25,5,0.8
2026-09-25,6,1.88
2026-09-25,7,0.74
2026-09-25,8,1.29
2026-09-25,9,0.8
2026-09-25,10,1.43
2026-09-25,11,1.11
2026-09-25,12,1.27
2026-09-25,13,1.65
2026-09-25,14,1.43
2026-09-25,15,0.89
2026-09-25,16,0.37
2026-09-25,17,0.32
2026-09-25,18,1.15
2026-09-25,19,0.45
2026-09-25,20,0.74
2026-09-25,21,0.74
2026-09-25,22,1.11
2026-09-25,23,0.86
2026-09-25,24,1.55
2026-09-25,25,1.48
2026-09-25,26,0.91
2026-09-25,27,0.45
2026-09-25,28,0.73
2026-09-25,29,1.37
2026-09-25,30,0.87
2026-09-25,31,1.05
2026-09-25,32,0.88
2026-09-25,33,0.69
2026-09-25,34,0.51
2026-09-25,35,0.68
2026-09-25,36,0.99
2026-09-25,37,0.89
2026-09-25,38,0.6
2026-09-25,39,0.73
2026-09-25,40,0.57
2026-09-25,41,0.53
2026-09-25,42,0.31
2026-09-25,43,0.62
2026-09-25,44,0.3
2026-09-25,45,0.32
2026-09-25,46,0.17
2026-09-25,47,0.2
2026-09-25,48,0.34
2026-09-25,49,0.48
2026-09-25,50,0.56
2026-09-25,51,0.7
2026-09-25,52,0.29
2026-09-25,53,0.5
2026-09-25,54,0.43
2026-09-25,55,0.25
2026-09-25,56,0.4
2026-09-25,57,0.37
2026-09-25,58,0.5
2026-09-25,59,0.42
2026-09-25,60,0.78
2026-09-25,61,0.42
2026-09-25,62,0.34
2026-09-25,63,0.64
2026-09-25,64,0.69
2026-09-25,65,0.67
2026-09-25,66,0.2
2026-09-25,67,0.58
2026-09-25,68,1.61
2026-09-25,69,0.86
2026-09-25,70,0.9
2026-09-25,71,0.56
2026-09-25,72,1.23
2026-09-25,73,0.56
2026-09-25,74,0.7
2026-09-25,75,1.11
2026-09-25,76,0.28
2026-09-25,77,0.79
2026-09-25,78,1.26
2026-09-25,79,0.77
2026-09-25,80,0.74
2026-09-25,81,1.19
2026-09-25,82,1.25
2026-09-25,83,0.93
2026-09-25,84,1.32
2026-09-25,85,2.34
2026-09-25,86,2.5
2026-09-25,87,1.14
2026-09-25,88,1.18
2026-09-25,89,1.16
2026-09-25,90,1.24
2026-09-25,91,1.3
2026-09-25,92,2.34
2026-09-25,93,1.77
2026-09-25,94,2.01
2026-09-25,95,1.61
2026-09-25,96,0.87
2026-09-25,97,0.19
2026-09-25,98,0.69
2026-09-25,99,0.78
2026-09-25,100,1.06
2026-09-25,101,1.0
2026-09-25,102,1.06
2026-09-25,103,0.67
2026-09-25,104,1.1
2026-09-25,105,0.98
2026-09-25,106,0.42
2026-09-25,107,0.44
2026-09-25,108,0.6
2026-09-25,109,0.78
2026-09-25,110,1.45
2026-09-25,111,1.7
2026-09-25,112,1.48
2026-09-25,113,1.22
2026-09-25,114,1.47
2026-09-25,115,1.23
2026-09-25,116,1.35
2026-09-25,117,1.17
2026-09-25,118,1.62
2026-09-25,119,1.57
2026-09-25,120,1.63
2026-09-25,121,1.73
2026-09-25,122,1.49
2026-09-25,123,1.49
2026-09-25,124,1.37
2026-09-25,125,1.08
2026-09-25,126,0.69
2026-09-25,127,1.01
2026-09-25,128,1.09
2026-09-25,129,0.92
2026-09-25,130,0.63
2026-09-25,131,0.35
2026-09-25,132,0.23
2026-09-25,133,0.59
2026-09-25,134,0.67
2026-09-25,135,0.89
2026-09-25,136,0.75
2026-09-25,137,0.6
2026-09-25,138,0.51
2026-09-25,139,0.7
2026-09-25,140,0.7
2026-09-25,141,0.64
2026-09-25,142,0.38
2026-09-25,143,0.3
2026-09-25,144,0.31
2026-09-25,145,0.61
2026-09-25,146,0.52
2026-09-25,147,0.67
2026-09-25,148,0.8
2026-09-25,149,0.91
2026-09-25,150,0.81
2026-09-25,151,0.6
2026-09-25,152,0.78
2026-09-25,153,1.06
2026-09-25,154,0.97
2026-09-25,155,0.48
2026-09-25,156,0.4
2026-09-25,157,0.11
2026-09-25,158,0.07
2026-09-25,159,0.36
2026-09-25,160,0.29
2026-09-25,161,1.0
2026-09-25,162,0.81
2026-09-25,163,0.93
2026-09-25,164,0.79
2026-09-25,165,0.62
2026-09-25,166,0.47
2026-09-25,167,0.48
2026-09-25,168,0.59
2026-09-25,169,0.75
2026-09-25,170,0.54
2026-09-25,171,0.4
2026-09-25,172,0.65
2026-09-25,173,0.74
2026-09-25,174,0.8
2026-09-25,175,0.94
2026-09-25,176,0.81
2026-09-25,177,0.28
2026-09-25,178,0.21
2026-09-25,179,0.35
2026-09-25,180,0.24
2026-09-25,181,0.41
2026-09-25,182,0.14
2026-09-25,183,0.18
2026-09-25,184,0.54
2026-09-25,185,0.88
2026-09-25,186,1.1
2026-09-25,187,1.21
2026-09-25,188,1.2
2026-09-25,189,0.72
2026-09-25,190,0.51
2026-09-25,191,0.46
2026-09-25,192,0.63
2026-09-25,193,0.92
2026-09-25,194,1.21
2026-09-25,195,0.81
2026-09-25,196,0.67
2026-09-25,197,0.56
2026-09-25,198,0.74
2026-09-25,199,1.02
2026-09-25,200,1.5
2026-09-25,201,1.09
2026-09-25,202,1.38
2026-09-25,203,1.08
2026-09-25,204,0.72
2026-09-25,205,0.66
2026-09-25,206,0.66
2026-09-25,207,0.41
2026-09-25,208,0.41
2026-09-25,209,0.38
2026-09-25,210,0.39
2026-09-25,211,0.3
2026-09-25,212,0.2
2026-09-25,213,0.39
2026-09-25,214,0.38
2026-09-25,215,0.79
2026-09-25,216,0.38
2026-09-25,217,0.14
2026-09-25,218,0.36
2026-09-25,219,0.42
2026-09-25,220,0.19
2026-09-25,221,0.1
2026-09-25,222,0.38
2026-09-25,223,0.28
2026-09-25,224,0.65
2026-09-25,225,0.61
2026-09-25,226,0.48
2026-09-25,227,0.75
2026-09-25,228,0.7
2026-09-25,229,1.11
2026-09-25,230,0.95
2026-09-25,231,0.49
2026-09-25,232,0.2
2026-09-25,233,0.39
2026-09-25,234,0.57
2026-09-25,235,0.14
2026-09-25,236,0.18
2026-09-25,237,0.37
2026-09-25,238,0.5
2026-09-25,239,0.16
2026-09-25,240,0.31
2026-09-25,241,0.55
2026-09-25,242,0.15
2026-09-25,243,0.18
2026-09-25,244,0.24
2026-09-25,245,0.27
2026-09-25,246,0.13
2026-09-25,247,0.39
2026-09-25,248,0.61
2026-09-25,249,0.58
2026-09-25,250,0.34
2026-09-25,251,0.33
2026-09-25,252,0.45
2026-09-25,253,0.53
2026-09-25,254,0.38
2026-09-25,255,0.45
2026-09-25,256,0.3
2026-09-25,257,0.51
2026-09-25,258,0.58
2026-09-25,259,0.42
2026-09-25,260,0.66
2026-09-25,261,0.46
2026-09-25,262,0.55
2026-09-25,263,0.98
2026-09-25,264,0.76
2026-09-25,265,0.84
2026-09-25,266,0.42
2026-09-25,267,1.05
2026-09-25,268,0.4
2026-09-25,269,0.71
2026-09-25,270,0.72
2026-09-25,271,1.21
2026-09-25,272,0.96
2026-09-25,273,1.25
2026-09-25,274,1.04
2026-09-25,275,1.09
2026-09-25,276,0.78
2026-09-25,277,0.23
2026-09-25,278,0.36
2026-09-25,279,0.27
2026-09-25,280,0.41
2026-09-25,281,0.42
2026-09-25,282,0.46
2026-09-25,283,0.51
2026-09-25,284,0.62
2026-09-25,285,0.93
2026-09-25,286,0.73
2026-09-25,287,0.14
2026-09-25,288,0.69
2026-09-25,289,0.86
2026-09-25,290,0.61
2026-09-25,291,0.64
2026-09-25,292,0.45
2026-09-25,293,0.45
2026-09-25,294,0.41
2026-09-25,295,0.84
2026-09-25,296,0.69
2026-09-25,297,0.09
2026-09-25,298,0.38
2026-09-25,299,0.38
2026-09-25,300,0.65
2026-09-25,301,0.28
2026-09-25,302,0.25
2026-09-25,303,0.25
2026-09-25,304,0.45
2026-09-25,305,0.29
2026-09-25,306,0.17
2026-09-25,307,0.29
2026-09-25,308,0.4
2026-09-25,309,0.6
2026-09-25,310,0.94
2026-09-25,311,0.39
2026-09-25,312,0.87
2026-09-25,313,0.9
2026-09-25,314,0.45
2026-09-25,315,0.39
2026-09-25,316,0.57
2026-09-25,317,1.25
2026-09-25,318,1.13
2026-09-25,319,1.34
2026-09-25,320,1.18
2026-09-25,321,0.81
2026-09-25,322,0.53
2026-09-25,323,0.41
2026-09-25,324,0.75
2026-09-25,325,1.68
2026-09-25,326,0.63
2026-09-25,327,0.32
2026-09-25,328,1.15
2026-09-25,329,0.86
2026-09-25,330,1.23
2026-09-25,331,0.83
2026-09-25,332,1.02
2026-09-25,333,0.97
2026-09-25,334,0.38
2026-09-25,335,0.31
2026-09-25,336,0.25
2026-09-25,337,0.45
2026-09-25,338,0.18
2026-09-25,339,0.23
2026-09-25,340,0.37
2026-09-25,341,0.8
2026-09-25,342,1.18
2026-09-25,343,0.65
2026-09-25,344,0.92
2026-09-25,345,2.17
2026-09-25,346,3.06
2026-09-25,347,2.63
2026-09-25,348,1.73
2026-09-25,349,0.77
2026-09-25,350,0.61
2026-09-25,351,1.51
2026-09-25,352,0.57
2026-09-25,353,0.83
2026-09-25,354,0.79
2026-09-25,355,0.62
2026-09-25,356,1.19
2026-09-25,357,0.8
2026-09-25,358,0.73
2026-09-25,359,0.56
2026-09-25,360,0.79
2026-09-25,361,0.41
2026-09-25,362,1.07
2026-09-25,363,1.74
2026-09-25,364,0.81
2026-09-25,365,0.78
2026-09-25,366,1.07
2026-09-25,367,0.77
2026-09-25,368,1.03
2026-09-25,369,2.22
2026-09-25,370,1.35
2026-09-25,371,0.97
2026-09-25,372,1.52
2026-09-25,373,1.27
2026-09-25,374,0.36
2026-09-25,375,0.74
2026-09-25,376,0.38
2026-09-25,377,0.41
2026-09-25,378,0.51
2026-09-25,379,0.35
2026-09-25,380,0.93
2026-09-25,381,1.01
2026-09-25,382,1.11
2026-09-25,383,1.07
2026-09-25,384,1.35
2026-09-25,385,0.94
2026-09-25,386,0.66
2026-09-25,387,0.32
2026-09-25,388,0.4
2026-09-25,389,0.22
2026-09-25,390,0.44
2026-09-25,391,0.4
2026-09-25,392,0.65
2026-09-25,393,0.69
2026-09-25,394,0.36
2026-09-25,395,0.65
2026-09-25,396,0.6
2026-09-25,397,0.59
2026-09-25,398,1.36
2026-09-25,399,0.19
2026-09-25,400,0.58
2026-09-25,401,1.18
2026-09-25,402,1.41
2026-09-25,403,0.14
2026-09-25,404,0.46
2026-09-25,405,0.84
2026-09-25,406,0.31
2026-09-25,407,0.81
2026-09-25,408,0.94
2026-09-25,409,0.9
2026-09-25,410,0.74
2026-09-25,411,0.26
2026-09-25,412,0.64
2026-09-25,413,0.68
2026-09-25,414,0.95
2026-09-25,415,0.9
2026-09-25,416,0.64
2026-09-25,417,1.33
2026-09-25,418,0.25
2026-09-25,419,1.3
2026-09-25,420,0.8
2026-09-25,421,0.95
2026-09-25,422,0.97
2026-09-25,423,1.5
2026-09-25,424,0.81
2026-09-25,425,1.28
2026-09-25,426,0.62
2026-09-25,427,0.69
2026-09-25,428,0.94
2026-09-25,429,0.6
2026-09-25,430,1.18
2026-09-25,431,0.27
2026-09-25,432,0.34
2026-09-25,433,0.66
2026-09-25,434,0.79
2026-09-25,435,0.66
2026-09-25,436,2.09
2026-09-25,437,0.58
2026-09-25,438,0.4
2026-09-25,439,0.16
2026-09-25,440,0.6
2026-09-25,441,0.44
2026-09-25,442,0.39
2026-09-25,443,0.43
2026-09-25,444,0.84
2026-09-25,445,0.8
2026-09-25,446,0.77
2026-09-25,447,1.08
2026-09-25,448,1.34
2026-09-25,449,0.79
2026-09-25,450,0.99
2026-09-25,451,0.84
2026-09-25,452,1.36
2026-09-25,453,0.61
2026-09-25,454,0.85
2026-09-25,455,1.86
2026-09-25,456,0.5
2026-09-25,457,1.01
2026-09-25,458,1.01
2026-09-25,459,0.56
2026-09-25,460,0.48
2026-09-25,461,0.31
2026-09-25,462,1.61
2026-09-25,463,2.91
2026-09-25,464,4.22
2026-09-25,465,1.71
2026-09-25,466,1.7
2026-09-25,467,2.27
2026-09-25,468,0.27
2026-09-25,469,0.55
2026-09-25,470,0.81
2026-09-25,471,0.4
2026-09-25,472,1.12
2026-09-25,473,0.26
2026-09-25,474,0.69
2026-09-25,475,0.65
2026-09-25,476,0.65
2026-09-25,477,0.21
2026-09-25,478,0.58
2026-09-25,479,0.28
2026-09-25,480,0.68
2026-09-25,481,1.23
2026-09-25,482,1.45
2026-09-25,483,2.49
2026-09-25,484,2.63
2026-09-25,485,0.49
2026-09-25,486,1.69
2026-09-25,487,0.57
2026-09-25,488,2.53
2026-09-25,489,1.17
2026-09-25,490,1.81
2026-09-25,491,3.19
2026-09-25,492,0.7
2026-09-25,493,1.0
2026-09-25,494,0.63
2026-09-25,495,1.41
2026-09-25,496,0.67
2026-09-25,497,0.6
2026-09-25,498,1.77
2026-09-25,499,1.66
2026-09-25,500,0.75
2026-09-25,501,0.44
2026-09-25,502,0.65
2026-09-25,503,0.55
2026-09-25,504,0.77
2026-09-25,505,1.0
2026-09-25,506,0.99
2026-09-25,507,0.39
2026-09-25,508,0.81
2026-09-25,509,0.48
2026-09-25,510,0.4
2026-09-25,511,1.11
2026-09-25,512,0.79
2026-09-25,513,0.74
2026-09-25,514,0.18
2026-09-25,515,0.58
2026-09-25,516,0.6
2026-09-25,517,1.01
2026-09-25,518,1.46
2026-09-25,519,0.65
2026-09-25,520,0.3
2026-09-25,521,0.45
2026-09-25,522,0.37
2026-09-25,523,0.26
2026-09-25,524,1.15
2026-09-25,525,0.32
2026-09-25,526,0.79
2026-09-25,527,0.53
2026-09-25,528,1.05
2026-09-25,529,0.27
2026-09-25,530,1.18
2026-09-25,531,0.93
2026-09-25,532,0.32
2026-09-25,533,0.32
2026-09-25,534,0.68
2026-09-25,535,0.96
2026-09-25,536,1.01
2026-09-25,537,0.74
2026-09-25,538,0.69
2026-09-25,539,1.18
2026-09-25,540,1.09
2026-09-25,541,1.11
2026-09-25,542,1.09
2026-09-25,543,0.56
2026-09-25,544,1.72
2026-09-25,545,1.46
2026-09-25,546,1.58
2026-09-25,547,1.02
2026-09-25,548,0.99
2026-09-25,549,0.82
2026-09-25,550,0.78
2026-09-25,551,1.05
2026-09-25,552,1.2
2026-09-25,553,1.11
2026-09-25,554,1.08
2026-09-25,555,0.6
2026-09-25,556,0.33
2026-09-25,557,0.31
2026-09-25,558,0.4
2026-09-25,559,1.1
2026-09-25,560,0.58
2026-09-25,561,0.47
2026-09-25,562,0.89
2026-09-25,563,0.49
2026-09-25,564,1.78
2026-09-25,565,1.45
2026-09-25,566,0.55
2026-09-25,567,2.31
2026-09-25,568,1.09
2026-09-25,569,0.47
2026-09-25,570,0.88
2026-09-25,571,0.96
2026-09-25,572,0.58
2026-09-25,573,0.65
2026-09-25,574,1.7
2026-09-25,575,2.02
2026-09-25,576,3.32
2026-09-25,577,2.26
2026-09-25,578,1.1
2026-09-25,579,0.58
2026-09-25,580,0.5
2026-09-25,581,0.56
2026-09-25,582,1.0
2026-09-25,583,1.65
2026-09-25,584,0.71
2026-09-25,585,0.35
2026-09-25,586,0.41
2026-09-25,587,1.0
2026-09-25,588,1.4
2026-09-25,589,0.51
2026-09-25,590,1.03
2026-09-25,591,1.12
2026-09-25,592,0.35
2026-09-25,593,1.16
2026-09-25,594,0.88
2026-09-25,595,0.93
2026-09-25,596,0.57
2026-09-25,597,0.53
2026-09-25,598,1.03
2026-09-25,599,1.18
2026-09-25,600,1.64
2026-09-25,601,0.99
2026-09-25,602,1.75
2026-09-25,603,1.18
2026-09-25,604,0.58
2026-09-25,605,1.22
2026-09-25,606,0.67
2026-09-25,607,0.3
2026-09-25,608,0.52
2026-09-25,609,0.48
2026-09-25,610,1.15
2026-09-25,611,1.4
2026-09-25,612,0.39
2026-09-25,613,0.8
2026-09-25,614,0.4
2026-09-25,615,0.26
2026-09-25,616,0.79
2026-09-25,617,0.86
2026-09-25,618,1.17
2026-09-25,619,1.15
2026-09-25,620,0.58
2026-09-25,621,0.6
2026-09-25,622,0.18
2026-09-25,623,0.32
2026-09-25,624,0.51
2026-09-25,625,0.47
2026-09-25,626,1.16
2026-09-25,627,1.72
2026-09-25,628,1.27
2026-09-25,629,1.07
2026-09-25,630,1.48
2026-09-25,631,2.36
2026-09-25,632,2.13
2026-09-25,633,2.76
2026-09-25,634,1.63
2026-09-25,635,1.41
2026-09-25,636,1.12
2026-09-25,637,1.14
2026-09-25,638,0.93
2026-09-25,639,1.29
2026-09-25,640,1.12
2026-09-25,641,0.77
2026-09-25,642,0.27
2026-09-25,643,0.15
2026-09-25,644,0.8
2026-09-25,645,0.67
2026-09-25,646,0.71
2026-09-25,647,1.42
2026-09-25,648,0.56
2026-09-25,649,3.3
2026-09-25,650,1.15
2026-09-25,651,3.1
2026-09-25,652,0.52
2026-09-25,653,1.53
2026-09-25,654,0.51
2026-09-25,655,0.89
2026-09-25,656,0.65
2026-09-25,657,0.77
2026-09-25,658,1.53
2026-09-25,659,1.17
2026-09-25,660,1.03
2026-09-25,661,0.18
2026-09-25,662,1.28
2026-09-25,663,0.9
2026-09-25,664,0.55
2026-09-25,665,2.64
2026-09-25,666,0.41
2026-09-25,667,0.37
2026-09-25,668,0.55
2026-09-25,669,0.5
2026-09-25,670,1.14
2026-09-25,671,0.39
2026-09-25,672,0.17
2026-09-25,673,0.65
2026-09-25,674,2.43
2026-09-25,675,1.9
2026-09-25,676,1.2
2026-09-25,677,0.53
2026-09-25,678,0.85
2026-09-25,679,0.23
2026-09-25,680,0.75
2026-09-25,681,0.53
2026-09-25,682,0.45
2026-09-25,683,0.3
2026-09-25,684,1.0
2026-09-25,685,0.5
2026-09-25,686,0.45
2026-09-25,687,0.5
2026-09-25,688,0.74
2026-09-25,689,0.91
2026-09-25,690,0.89
2026-09-25,691,0.28
2026-09-25,692,0.72
2026-09-25,693,0.31
2026-09-25,694,0.55
2026-09-25,695,0.6
2026-09-25,696,1.49
2026-09-25,697,0.51
2026-09-25,698,0.68
2026-09-25,699,0.65
2026-09-25,700,0.59
2026-09-25,701,0.55
2026-09-25,702,0.35
2026-09-25,703,1.18
2026-09-25,704,0.86
2026-09-25,705,0.75
2026-09-25,706,0.58
2026-09-25,707,0.97
2026-09-25,708,0.28
2026-09-25,709,0.99
2026-09-25,710,0.5
2026-09-25,711,1.79
2026-09-25,712,0.6
2026-09-25,713,1.19
2026-09-25,714,1.5
2026-09-25,715,1.47
2026-09-25,716,1.3
2026-09-25,717,0.85
2026-09-25,718,0.52
2026-09-25,719,1.26
2026-09-25,720,0.55
2026-09-25,721,1.04
2026-09-25,722,0.31
2026-09-25,723,0.38
2026-09-25,724,0.73
2026-09-25,725,0.36
2026-09-25,726,0.72
2026-09-25,727,0.6
2026-09-25,728,1.09
2026-09-25,729,0.33
2026-09-25,730,0.25
2026-09-25,731,0.6
2026-09-25,732,0.47
2026-09-25,733,1.02
2026-09-25,734,0.86
2026-09-25,735,1.08
2026-09-25,736,0.52
2026-09-25,737,0.55
2026-09-25,738,1.5
2026-09-25,739,0.69
2026-09-25,740,0.51
2026-09-25,741,1.54
2026-09-25,742,1.35
2026-09-25,743,1.21
2026-09-25,744,0.8
2026-09-25,745,0.85
2026-09-25,746,0.88
2026-09-25,747,1.18
2026-09-25,748,0.64
2026-09-25,749,0.33
2026-09-25,750,0.24
2026-09-25,751,0.64
2026-09-25,752,0.35
2026-09-25,753,0.55
2026-09-25,754,1.39
2026-09-25,755,1.09
2026-09-25,756,0.58
2026-09-25,757,0.53
2026-09-25,758,1.21
2026-09-25,759,0.78
2026-09-25,760,1.44
2026-09-25,761,0.52
2026-09-25,762,0.81
2026-09-25,763,1.76
2026-09-25,764,0.78
2026-09-25,765,0.54
2026-09-25,766,0.32
2026-09-25,767,0.33
2026-09-25,768,0.4
2026-09-25,769,1.16
2026-09-25,770,1.63
2026-09-25,771,1.46
2026-09-25,772,0.65
2026-09-25,773,1.2
2026-09-25,774,1.5
2026-09-25,775,0.42
2026-09-25,776,1.67
2026-09-25,777,1.4
2026-09-25,778,0.81
2026-09-25,779,1.06
2026-09-25,780,0.58
2026-09-25,781,0.66
2026-09-25,782,0.49
2026-09-25,783,0.52
2026-09-25,784,0.45
2026-09-25,785,0.79
2026-09-25,786,0.5
2026-09-25,787,0.65
2026-09-25,788,0.77
2026-09-25,789,0.33
2026-09-25,790,0.28
2026-09-25,791,0.24
2026-09-25,792,0.47
2026-09-25,793,0.27
2026-09-25,794,0.22
2026-09-25,795,0.54
2026-09-25,796,0.5
2026-09-25,797,0.5
2026-09-25,798,0.41
2026-09-25,799,0.57
2026-09-25,800,0.24
2026-09-25,801,0.58
2026-09-25,802,0.3
2026-09-25,803,0.7
2026-09-25,804,0.27
2026-09-25,805,0.35
2026-09-25,806,0.58
2026-09-25,807,0.5
2026-09-25,808,0.5
2026-09-25,809,0.81
2026-09-25,810,0.51
2026-09-25,811,0.29
2026-09-25,812,0.61
2026-09-25,813,0.86
2026-09-25,814,0.57
2026-09-25,815,0.44
2026-09-25,816,0.75
2026-09-25,817,0.57
2026-09-25,818,0.64
2026-09-25,819,1.01
2026-09-25,820,0.42
2026-09-25,821,0.27
2026-09-25,822,0.26
2026-09-25,823,0.83
2026-09-25,824,0.96
2026-09-25,825,1.1
2026-09-25,826,0.8
2026-09-25,827,1.12
2026-09-25,828,0.26
2026-09-25,829,1.25
2026-09-25,830,1.98
2026-09-25,831,1.55
2026-09-25,832,0.46
2026-09-25,833,0.8
2026-09-25,834,1.07
2026-09-25,835,2.49
2026-09-25,836,1.91
2026-09-25,837,0.6
2026-09-25,838,0.75
2026-09-25,839,1.07
2026-09-25,840,1.56
2026-09-25,841,1.6
2026-09-25,842,1.5
2026-09-25,843,1.75
2026-09-25,844,2.08
2026-09-25,845,1.9
2026-09-25,846,1.37
2026-09-25,847,2.02
2026-09-25,848,0.79
2026-09-25,849,1.09
2026-09-25,850,1.45
2026-09-25,851,1.77
2026-09-25,852,0.68
2026-09-25,853,1.7
2026-09-25,854,1.35
2026-09-25,855,0.68
2026-09-25,856,1.83
2026-09-25,857,0.45
2026-09-25,858,0.78
2026-09-25,859,1.4
2026-09-25,860,0.52
2026-09-25,861,0.67
2026-09-25,862,0.56
2026-09-25,863,0.24
2026-09-25,864,0.36
2026-09-25,865,0.84
2026-09-25,866,1.54
2026-09-25,867,0.64
2026-09-25,868,0.8
2026-09-25,869,1.39
2026-09-25,870,2.68
2026-09-25,871,1.91
2026-09-25,872,0.81
2026-09-25,873,1.71
2026-09-25,874,0.72
2026-09-25,875,0.66
2026-09-25,876,0.84
2026-09-25,877,0.22
2026-09-25,878,0.69
2026-09-25,879,0.89
2026-09-25,880,1.12
2026-09-25,881,1.3
2026-09-25,882,0.88
2026-09-25,883,1.04
2026-09-25,884,0.48
2026-09-25,885,1.37
2026-09-25,886,0.59
2026-09-25,887,1.49
2026-09-25,888,3.16
2026-09-25,889,1.4
2026-09-25,890,1.07
2026-09-25,891,0.9
2026-09-25,892,0.8
2026-09-25,893,1.67
2026-09-25,894,0.99
2026-09-25,895,0.55
2026-09-25,896,1.75
2026-09-25,897,1.28
2026-09-25,898,1.77
2026-09-25,899,1.41
2026-09-25,900,1.12
2026-09-25,901,0.3
2026-09-25,902,1.49
2026-09-25,903,1.21
2026-09-25,904,0.74
2026-09-25,905,0.64
2026-09-25,906,0.9
2026-09-25,907,1.13
2026-09-25,908,0.95
2026-09-25,909,0.62
2026-09-25,910,1.61
2026-09-25,911,0.94
2026-09-25,912,0.94
2026-09-25,913,0.5
2026-09-25,914,0.82
2026-09-25,915,1.22
2026-09-25,916,1.48
2026-09-25,917,0.55
2026-09-25,918,0.75
2026-09-25,919,1.4
2026-09-25,920,1.22
2026-09-25,921,0.63
2026-09-25,922,0.29
2026-09-25,923,0.4
2026-09-25,924,0.72
2026-09-25,925,0.8
2026-09-25,926,0.45
2026-09-25,927,0.35
2026-09-25,928,0.53
2026-09-25,929,0.9
2026-09-25,930,0.64
2026-09-25,931,1.49
2026-09-25,932,0.38
2026-09-25,933,0.48
2026-09-25,934,0.84
2026-09-25,935,0.57
2026-09-25,936,0.59
2026-09-25,937,1.05
2026-09-25,938,0.81
2026-09-25,939,0.86
2026-09-25,940,0.59
2026-09-25,941,0.88
2026-09-25,942,0.35
2026-09-25,943,0.49
2026-09-25,944,0.56
2026-09-25,945,1.26
2026-09-25,946,0.86
2026-09-25,947,1.16
2026-09-25,948,1.3
2026-09-25,949,0.92
2026-09-25,950,0.4
2026-09-25,951,0.72
2026-09-25,952,0.7
2026-09-25,953,0.9
2026-09-25,954,0.68
2026-09-25,955,0.75
2026-09-25,956,1.06
2026-09-25,957,1.16
2026-09-25,958,0.72
2026-09-25,959,0.59
2026-09-25,960,0.66
2026-09-25,961,0.69
2026-09-25,962,0.78
2026-09-25,963,0.46
2026-09-25,964,0.34
2026-09-25,965,0.42
2026-09-25,966,0.48
2026-09-25,967,0.45
2026-09-25,968,0.31
2026-09-25,969,0.64
2026-09-25,970,0.91
2026-09-25,971,0.37
2026-09-25,972,0.24
2026-09-25,973,0.82
2026-09-25,974,1.54
2026-09-25,975,0.25
2026-09-25,976,1.13
2026-09-25,977,0.16
2026-09-25,978,1.06
2026-09-25,979,0.81
2026-09-25,980,0.76
2026-09-25,981,0.4
2026-09-25,982,0.43
2026-09-25,983,0.29
2026-09-25,984,0.49
2026-09-25,985,0.29
2026-09-25,986,0.31
2026-09-25,987,0.42
2026-09-25,988,0.78
2026-09-25,989,0.69
2026-09-25,990,0.32
2026-09-25,991,0.75
2026-09-25,992,0.94
2026-09-25,993,0.47
2026-09-25,994,0.98
2026-09-25,995,0.77
2026-09-25,996,1.13
2026-09-25,997,0.39
2026-09-25,998,0.6
2026-09-25,999,0.58
2026-09-25,1000,0.82
2026-09-25,1001,0.42
2026-09-25,1002,0.59
2026-09-25,1003,0.54
2026-09-25,1004,0.43
2026-09-25,1005,0.31
2026-09-25,1006,0.89
2026-09-25,1007,0.39
2026-09-25,1008,0.49
2026-09-25,1009,0.28
2026-09-25,1010,0.38
2026-09-25,1011,0.22
2026-09-25,1012,0.25
2026-09-25,1013,0.37
2026-09-25,1014,0.44
2026-09-25,1015,0.5
2026-09-25,1016,0.38
2026-09-25,1017,0.96
2026-09-25,1018,0.43
2026-09-25,1019,0.75
2026-09-25,1020,1.19
2026-09-25,1021,1.1
2026-09-25,1022,0.63
2026-09-25,1023,0.76
2026-09-25,1024,0.83
2026-09-25,1025,0.58
2026-09-25,1026,0.56
2026-09-25,1027,0.73
2026-09-25,1028,0.79
2026-09-25,1029,0.49
2026-09-25,1030,0.3
2026-09-25,1031,0.65
2026-09-25,1032,0.75
2026-09-25,1033,0.68
2026-09-25,1034,0.67
2026-09-25,1035,0.39
2026-09-25,1036,0.27
2026-09-25,1037,0.34
2026-09-25,1038,0.62
2026-09-25,1039,0.25
2026-09-25,1040,0.16
2026-09-25,1041,0.17
2026-09-25,1042,0.3
2026-09-25,1043,0.26
2026-09-25,1044,0.64
2026-09-25,1045,0.35
2026-09-25,1046,0.33
2026-09-25,1047,0.36
2026-09-25,1048,0.39
2026-09-25,1049,0.56
2026-09-25,1050,0.52
2026-09-25,1051,0.36
2026-09-25,1052,0.69
2026-09-25,1053,0.94
2026-09-25,1054,0.46
2026-09-25,1055,0.72
2026-09-25,1056,0.53
2026-09-25,1057,0.6
2026-09-25,1058,0.66
2026-09-25,1059,0.31
2026-09-25,1060,0.39
2026-09-25,1061,0.67
2026-09-25,1062,0.5
2026-09-25,1063,0.41
2026-09-25,1064,0.65
2026-09-25,1065,0.84
2026-09-25,1066,0.68
2026-09-25,1067,0.49
2026-09-25,1068,0.43
2026-09-25,1069,0.46
2026-09-25,1070,0.79
2026-09-25,1071,1.37
2026-09-25,1072,1.24
2026-09-25,1073,0.8
2026-09-25,1074,0.67
2026-09-25,1075,0.71
2026-09-25,1076,0.64
2026-09-25,1077,0.57
2026-09-25,1078,0.65
2026-09-25,1079,1.13
2026-09-25,1080,1.49
2026-09-25,1081,1.38
2026-09-25,1082,1.52
2026-09-25,1083,1.36
2026-09-25,1084,1.06
2026-09-25,1085,1.24
2026-09-25,1086,1.02
2026-09-25,1087,0.86
2026-09-25,1088,0.99
2026-09-25,1089,0.69
2026-09-25,1090,1.14
2026-09-25,1091,0.92
2026-09-25,1092,1.09
2026-09-25,1093,1.19
2026-09-25,1094,0.86
2026-09-25,1095,0.31
2026-09-25,1096,0.44
2026-09-25,1097,0.52
2026-09-25,1098,0.4
2026-09-25,1099,0.3
2026-09-25,1100,0.35
2026-09-25,1101,0.28
2026-09-25,1102,0.98
2026-09-25,1103,1.17
2026-09-25,1104,1.02
2026-09-25,1105,0.68
2026-09-25,1106,0.78
2026-09-25,1107,0.86
2026-09-25,1108,0.68
2026-09-25,1109,1.05
2026-09-25,1110,1.08
2026-09-25,1111,0.95
2026-09-25,1112,0.37
2026-09-25,1113,0.29
2026-09-25,1114,1.56
2026-09-25,1115,1.16
2026-09-25,1116,0.8
2026-09-25,1117,0.41
2026-09-25,1118,0.91
2026-09-25,1119,1.09
2026-09-25,1120,0.25
2026-09-25,1121,0.25
2026-09-25,1122,0.66
2026-09-25,1123,0.73
2026-09-25,1124,0.25
2026-09-25,1125,0.5
2026-09-25,1126,0.42
2026-09-25,1127,0.24
2026-09-25,1128,0.7
2026-09-25,1129,0.78
2026-09-25,1130,0.72
2026-09-25,1131,0.54
2026-09-25,1132,0.18
2026-09-25,1133,0.26
2026-09-25,1134,0.26
2026-09-25,1135,0.19
2026-09-25,1136,0.48
2026-09-25,1137,0.17
2026-09-25,1138,0.61
2026-09-25,1139,0.24
2026-09-25,1140,0.61
2026-09-25,1141,0.8
2026-09-25,1142,0.53
2026-09-25,1143,0.27
2026-09-25,1144,0.24
2026-09-25,1145,0.33
2026-09-25,1146,0.37
2026-09-25,1147,0.32
2026-09-25,1148,0.3
2026-09-25,1149,0.23
2026-09-25,1150,0.41
2026-09-25,1151,0.31
2026-09-25,1152,0.36
2026-09-25,1153,0.42
2026-09-25,1154,0.58
2026-09-25,1155,0.82
2026-09-25,1156,0.51
2026-09-25,1157,0.3
2026-09-25,1158,0.89
2026-09-25,1159,0.39
2026-09-25,1160,0.43
2026-09-25,1161,0.6
2026-09-25,1162,0.6
2026-09-25,1163,0.18
2026-09-25,1164,0.24
2026-09-25,1165,0.18
2026-09-25,1166,0.28
2026-09-25,1167,0.6
2026-09-25,1168,0.5
2026-09-25,1169,0.76
2026-09-25,1170,0.98
2026-09-25,1171,0.66
2026-09-25,1172,0.3
2026-09-25,1173,0.6
2026-09-25,1174,0.8
2026-09-25,1175,0.63
2026-09-25,1176,0.19
2026-09-25,1177,0.16
2026-09-25,1178,0.24
2026-09-25,1179,0.26
2026-09-25,1180,0.14
2026-09-25,1181,0.28
2026-09-25,1182,0.27
2026-09-25,1183,0.45
2026-09-25,1184,0.36
2026-09-25,1185,0.51
2026-09-25,1186,0.76
2026-09-25,1187,0.65
2026-09-25,1188,0.26
2026-09-25,1189,0.8
2026-09-25,1190,0.67
2026-09-25,1191,1.03
2026-09-25,1192,0.65
2026-09-25,1193,0.44
2026-09-25,1194,0.26
2026-09-25,1195,0.2
2026-09-25,1196,0.38
2026-09-25,1197,0.48
2026-09-25,1198,0.14
2026-09-25,1199,0.5
2026-09-25,1200,0.54
2026-09-25,1201,0.41
2026-09-25,1202,0.5
2026-09-25,1203,0.67
2026-09-25,1204,0.59
2026-09-25,1205,0.67
2026-09-25,1206,0.28
2026-09-25,1207,0.69
2026-09-25,1208,0.57
2026-09-25,1209,0.29
2026-09-25,1210,1.17
2026-09-25,1211,0.58
2026-09-25,1212,0.57
2026-09-25,1213,0.86
2026-09-25,1214,1.02
2026-09-25,1215,0.95
2026-09-25,1216,1.46
2026-09-25,1217,2.18
2026-09-25,1218,2.0
2026-09-25,1219,1.34
2026-09-25,1220,2.59
2026-09-25,1221,1.82
2026-09-25,1222,1.71
2026-09-25,1223,3.06
2026-09-25,1224,2.25
2026-09-25,1225,2.76
2026-09-25,1226,2.66
2026-09-25,1227,2.06
2026-09-25,1228,1.58
2026-09-25,1229,1.68
2026-09-25,1230,1.97
2026-09-25,1231,1.94
2026-09-25,1232,1.37
2026-09-25,1233,1.74
2026-09-25,1234,1.64
2026-09-25,1235,1.35
2026-09-25,1236,1.04
2026-09-25,1237,1.22
2026-09-25,1238,1.5
2026-09-25,1239,1.19
2026-09-25,1240,0.95
2026-09-25,1241,0.99
2026-09-25,1242,1.18
2026-09-25,1243,1.05
2026-09-25,1244,1.16
2026-09-25,1245,1.53
2026-09-25,1246,0.75
2026-09-25,1247,0.74
2026-09-25,1248,0.71
2026-09-25,1249,1.05
2026-09-25,1250,1.01
2026-09-25,1251,1.42
2026-09-25,1252,1.7
2026-09-25,1253,3.85
2026-09-25,1254,2.06
2026-09-25,1255,2.57
2026-09-25,1256,2.61
2026-09-25,1257,2.61
2026-09-25,1258,1.98
2026-09-25,1259,2.59
2026-09-25,1260,2.66
2026-09-25,1261,2.64
2026-09-25,1262,2.52
2026-09-25,1263,2.72
2026-09-25,1264,2.94
2026-09-25,1265,2.56
2026-09-25,1266,1.94
2026-09-25,1267,1.79
2026-09-25,1268,1.47
2026-09-25,1269,1.72
2026-09-25,1270,2.45
2026-09-25,1271,2.14
2026-09-25,1272,2.32
2026-09-25,1273,2.93
2026-09-25,1274,2.65
2026-09-25,1275,3.32
2026-09-25,1276,1.57
2026-09-25,1277,1.7
2026-09-25,1278,1.82
2026-09-25,1279,1.54
2026-09-25,1280,1.74
2026-09-25,1281,1.44
2026-09-25,1282,1.63
2026-09-25,1283,1.75
2026-09-25,1284,0.6
2026-09-25,1285,0.49
2026-09-25,1286,0.71
2026-09-25,1287,0.91
2026-09-25,1288,0.93
2026-09-25,1289,1.49
2026-09-25,1290,1.38
2026-09-25,1291,1.34
2026-09-25,1292,1.57
2026-09-25,1293,1.49
2026-09-25,1294,1.68
2026-09-25,1295,1.48
2026-09-25,1296,1.39
2026-09-25,1297,1.49
2026-09-25,1298,0.99
2026-09-25,1299,1.17
2026-09-25,1300,1.05
2026-09-25,1301,1.02
2026-09-25,1302,0.49
2026-09-25,1303,0.47
2026-09-25,1304,0.86
2026-09-25,1305,1.23
2026-09-25,1306,0.75
2026-09-25,1307,0.55
2026-09-25,1308,0.57
2026-09-25,1309,0.43
2026-09-25,1310,0.72
2026-09-25,1311,0.62
2026-09-25,1312,0.57
2026-09-25,1313,0.58
2026-09-25,1314,0.61
2026-09-25,1315,0.68
2026-09-25,1316,0.61
2026-09-25,1317,0.56
2026-09-25,1318,0.67
2026-09-25,1319,0.49
2026-09-25,1320,0.66
2026-09-25,1321,0.66
2026-09-25,1322,0.4
2026-09-25,1323,0.26
2026-09-25,1324,0.49
2026-09-25,1325,0.57
2026-09-25,1326,0.64
2026-09-25,1327,0.84
2026-09-25,1328,0.74
2026-09-25,1329,0.35
2026-09-25,1330,0.59
2026-09-25,1331,1.0
2026-09-25,1332,0.9
2026-09-25,1333,0.59
2026-09-25,1334,0.38
2026-09-25,1335,0.47
2026-09-25,1336,0.47
2026-09-25,1337,0.5
2026-09-25,1338,0.7
2026-09-25,1339,0.73
2026-09-25,1340,0.35
2026-09-25,1341,0.3
2026-09-25,1342,0.13
2026-09-25,1343,0.21
2026-09-25,1344,0.79
2026-09-25,1345,0.57
2026-09-25,1346,0.49
2026-09-25,1347,0.2
2026-09-25,1348,0.3
2026-09-25,1349,0.27
2026-09-25,1350,0.26
2026-09-25,1351,0.28
2026-09-25,1352,0.64
2026-09-25,1353,0.7
2026-09-25,1354,0.64
2026-09-25,1355,0.84
2026-09-25,1356,0.88
2026-09-25,1357,0.83
2026-09-25,1358,1.0
2026-09-25,1359,0.99
2026-09-25,1360,0.75
2026-09-25,1361,0.72
2026-09-25,1362,0.8
2026-09-25,1363,0.8
2026-09-25,1364,0.62
2026-09-25,1365,0.49
2026-09-25,1366,0.67
2026-09-25,1367,0.39
2026-09-25,1368,0.31
2026-09-25,1369,0.22
2026-09-25,1370,0.32
2026-09-25,1371,0.43
2026-09-25,1372,0.44
2026-09-25,1373,0.18
2026-09-25,1374,0.46
2026-09-25,1375,0.36
2026-09-25,1376,0.33
2026-09-25,1377,0.79
2026-09-25,1378,0.53
2026-09-25,1379,0.26
2026-09-25,1380,0.49
2026-09-25,1381,0.4
2026-09-25,1382,0.41
2026-09-25,1383,0.28
2026-09-25,1384,0.37
2026-09-25,1385,0.2
2026-09-25,1386,0.12
2026-09-25,1387,0.16
2026-09-25,1388,0.21
2026-09-25,1389,0.17
2026-09-25,1390,0.19
2026-09-25,1391,0.22
2026-09-25,1392,0.27
2026-09-25,1393,0.61
2026-09-25,1394,1.19
2026-09-25,1395,1.22
2026-09-25,1396,1.11
2026-09-25,1397,0.98
2026-09-25,1398,1.12
2026-09-25,1399,1.11
2026-09-25,1400,1.46
2026-09-25,1401,0.82
2026-09-25,1402,0.57
2026-09-25,1403,0.72
2026-09-25,1404,1.03
2026-09-25,1405,1.41
2026-09-25,1406,1.91
2026-09-25,1407,1.44
2026-09-25,1408,1.62
2026-09-25,1409,1.13
2026-09-25,1410,0.8
2026-09-25,1411,1.0
2026-09-25,1412,0.81
2026-09-25,1413,0.78
2026-09-25,1414,0.36
2026-09-25,1415,0.77
2026-09-25,1416,1.04
2026-09-25,1417,1.13
2026-09-25,1418,1.4
2026-09-25,1419,0.94
2026-09-25,1420,1.16
2026-09-25,1421,1.38
2026-09-25,1422,1.73
2026-09-25,1423,1.79
2026-09-25,1424,1.68
2026-09-25,1425,1.36
2026-09-25,1426,1.33
2026-09-25,1427,1.11
2026-09-25,1428,0.96
2026-09-25,1429,0.86
2026-09-25,1430,0.57
2026-09-25,1431,0.44
2026-09-25,1432,0.71
2026-09-25,1433,0.34
2026-09-25,1434,0.61
2026-09-25,1435,1.06
2026-09-25,1436,1.3
2026-09-25,1437,1.09
2026-09-25,1438,0.66
2026-09-25,1439,0.08
2026-09-26,1,0.52
2026-09-26,2,0.53
2026-09-26,3,0.58
2026-09-26,4,0.62
2026-09-26,5,0.41
2026-09-26,6,0.32
2026-09-26,7,0.16
2026-09-26,8,0.11
2026-09-26,9,0.55
2026-09-26,10,0.81
2026-09-26,11,0.66
2026-09-26,12,0.69
2026-09-26,13,0.83
2026-09-26,14,0.78
2026-09-26,15,0.7
2026-09-26,16,0.29
2026-09-26,17,0.83
2026-09-26,18,0.82
2026-09-26,19,0.55
2026-09-26,20,0.3
2026-09-26,21,0.74
2026-09-26,22,1.05
2026-09-26,23,1.24
2026-09-26,24,0.78
2026-09-26,25,0.67
2026-09-26,26,0.59
2026-09-26,27,0.47
2026-09-26,28,0.58
2026-09-26,29,0.3
2026-09-26,30,0.5
2026-09-26,31,0.58
2026-09-26,32,0.77
2026-09-26,33,1.06
2026-09-26,34,0.51
2026-09-26,35,0.6
2026-09-26,36,0.52
2026-09-26,37,0.81
2026-09-26,38,0.72
2026-09-26,39,0.49
2026-09-26,40,0.52
2026-09-26,41,0.74
2026-09-26,42,1.03
2026-09-26,43,0.46
2026-09-26,44,0.96
2026-09-26,45,0.82
2026-09-26,46,2.73
2026-09-26,47,1.58
2026-09-26,48,1.13
2026-09-26,49,0.98
2026-09-26,50,0.86
2026-09-26,51,0.81
2026-09-26,52,0.8
2026-09-26,53,0.23
2026-09-26,54,0.21
2026-09-26,55,0.48
2026-09-26,56,0.76
2026-09-26,57,0.8
2026-09-26,58,0.83
2026-09-26,59,0.74
2026-09-26,60,0.24
2026-09-26,61,0.13
2026-09-26,62,0.42
2026-09-26,63,1.28
2026-09-26,64,0.62
2026-09-26,65,0.41
2026-09-26,66,0.45
2026-09-26,67,0.22
2026-09-26,68,0.58
2026-09-26,69,0.21
2026-09-26,70,0.34
2026-09-26,71,0.55
2026-09-26,72,0.34
2026-09-26,73,0.12
2026-09-26,74,0.12
2026-09-26,75,0.44
2026-09-26,76,1.1
2026-09-26,77,0.88
2026-09-26,78,0.76
2026-09-26,79,0.41
2026-09-26,80,0.31
2026-09-26,81,0.14
2026-09-26,82,0.44
2026-09-26,83,0.42
2026-09-26,84,0.75
2026-09-26,85,0.82
2026-09-26,86,0.26
2026-09-26,87,0.44
2026-09-26,88,0.53
2026-09-26,89,0.43
2026-09-26,90,0.88
2026-09-26,91,1.82
2026-09-26,92,2.63
2026-09-26,93,1.83
2026-09-26,94,1.26
2026-09-26,95,1.72
2026-09-26,96,0.65
2026-09-26,97,1.33
2026-09-26,98,1.24
2026-09-26,99,1.63
2026-09-26,100,1.42
2026-09-26,101,1.4
2026-09-26,102,1.72
2026-09-26,103,1.39
2026-09-26,104,0.5
2026-09-26,105,0.62
2026-09-26,106,0.5
2026-09-26,107,0.58
2026-09-26,108,0.75
2026-09-26,109,1.25
2026-09-26,110,1.36
2026-09-26,111,1.52
2026-09-26,112,1.74
2026-09-26,113,1.36
2026-09-26,114,1.31
2026-09-26,115,1.18
2026-09-26,116,1.64
2026-09-26,117,1.35
2026-09-26,118,0.79
2026-09-26,119,0.74
2026-09-26,120,0.52
2026-09-26,121,0.78
2026-09-26,122,0.98
2026-09-26,123,0.67
2026-09-26,124,0.53
2026-09-26,125,0.66
2026-09-26,126,0.47
2026-09-26,127,0.61
2026-09-26,128,0.85
2026-09-26,129,0.63
2026-09-26,130,0.55
2026-09-26,131,0.11
2026-09-26,132,0.12
2026-09-26,133,0.31
2026-09-26,134,0.1
2026-09-26,135,0.4
2026-09-26,136,0.54
2026-09-26,137,0.37
2026-09-26,138,0.4
2026-09-26,139,0.64
2026-09-26,140,0.63
2026-09-26,141,0.14
2026-09-26,142,0.21
2026-09-26,143,0.47
2026-09-26,144,0.61
2026-09-26,145,0.54
2026-09-26,146,0.54
2026-09-26,147,0.37
2026-09-26,148,0.54
2026-09-26,149,0.6
2026-09-26,150,0.64
2026-09-26,151,0.69
2026-09-26,152,0.96
2026-09-26,153,0.74
2026-09-26,154,0.67
2026-09-26,155,0.43
2026-09-26,156,0.59
2026-09-26,157,0.91
2026-09-26,158,0.37
2026-09-26,159,0.39
2026-09-26,160,0.65
2026-09-26,161,0.61
2026-09-26,162,0.41
2026-09-26,163,0.31
2026-09-26,164,0.61
2026-09-26,165,0.52
2026-09-26,166,0.51
2026-09-26,167,0.53
2026-09-26,168,0.31
2026-09-26,169,0.47
2026-09-26,170,0.56
2026-09-26,171,0.16
2026-09-26,172,0.11
2026-09-26,173,0.24
2026-09-26,174,0.2
2026-09-26,175,0.22
2026-09-26,176,0.63
2026-09-26,177,0.57
2026-09-26,178,0.49
2026-09-26,179,0.57
2026-09-26,180,0.38
2026-09-26,181,0.54
2026-09-26,182,0.53
2026-09-26,183,0.39
2026-09-26,184,0.18
2026-09-26,185,0.11
2026-09-26,186,0.7
2026-09-26,187,0.67
2026-09-26,188,0.19
2026-09-26,189,0.58
2026-09-26,190,0.6
2026-09-26,191,0.2
2026-09-26,192,0.42
2026-09-26,193,0.34
2026-09-26,194,0.16
2026-09-26,195,0.35
2026-09-26,196,0.54
2026-09-26,197,0.28
2026-09-26,198,0.2
2026-09-26,199,0.39
2026-09-26,200,0.14
2026-09-26,201,0.35
2026-09-26,202,0.27
2026-09-26,203,0.37
2026-09-26,204,0.18
2026-09-26,205,0.56
2026-09-26,206,0.7
2026-09-26,207,0.62
2026-09-26,208,0.6
2026-09-26,209,0.41
2026-09-26,210,0.46
2026-09-26,211,0.34
2026-09-26,212,0.38
2026-09-26,213,0.46
2026-09-26,214,0.32
2026-09-26,215,0.34
2026-09-26,216,0.92
2026-09-26,217,0.81
2026-09-26,218,0.5
2026-09-26,219,0.13
2026-09-26,220,0.36
2026-09-26,221,0.22
2026-09-26,222,0.36
2026-09-26,223,0.59
2026-09-26,224,0.69
2026-09-26,225,0.52
2026-09-26,226,0.32
2026-09-26,227,0.15
2026-09-26,228,0.26
2026-09-26,229,0.26
2026-09-26,230,0.19
2026-09-26,231,0.5
2026-09-26,232,0.63
2026-09-26,233,0.43
2026-09-26,234,0.5
2026-09-26,235,0.32
2026-09-26,236,0.64
2026-09-26,237,1.59
2026-09-26,238,1.44
2026-09-26,239,1.88
2026-09-26,240,0.82
2026-09-26,241,1.08
2026-09-26,242,0.39
2026-09-26,243,0.23
2026-09-26,244,0.38
2026-09-26,245,0.35
2026-09-26,246,0.43
2026-09-26,247,0.29
2026-09-26,248,0.85
2026-09-26,249,0.23
2026-09-26,250,0.21
2026-09-26,251,0.5
2026-09-26,252,0.73
2026-09-26,253,0.53
2026-09-26,254,0.73
2026-09-26,255,0.81
2026-09-26,256,0.6
2026-09-26,257,0.62
2026-09-26,258,0.81
2026-09-26,259,0.88
2026-09-26,260,0.78
2026-09-26,261,0.55
2026-09-26,262,0.12
2026-09-26,263,0.29
2026-09-26,264,0.53
2026-09-26,265,0.92
2026-09-26,266,0.21
2026-09-26,267,0.3
2026-09-26,268,0.9
2026-09-26,269,0.97
2026-09-26,270,0.83
2026-09-26,271,0.41
2026-09-26,272,0.46
2026-09-26,273,0.81
2026-09-26,274,0.56
2026-09-26,275,0.83
2026-09-26,276,0.44
2026-09-26,277,0.19
2026-09-26,278,0.76
2026-09-26,279,0.53
2026-09-26,280,0.25
2026-09-26,281,0.18
2026-09-26,282,0.2
2026-09-26,283,0.17
2026-09-26,284,0.12
2026-09-26,285,0.25
2026-09-26,286,0.3
2026-09-26,287,0.24
2026-09-26,288,0.25
2026-09-26,289,0.55
2026-09-26,290,0.76
2026-09-26,291,0.7
2026-09-26,292,0.64
2026-09-26,293,1.08
2026-09-26,294,0.74
2026-09-26,295,0.45
2026-09-26,296,0.21
2026-09-26,297,0.29
2026-09-26,298,0.42
2026-09-26,299,0.79
2026-09-26,300,0.5
2026-09-26,301,0.45
2026-09-26,302,0.24
2026-09-26,303,0.94
2026-09-26,304,0.5
2026-09-26,305,0.42
2026-09-26,306,0.51
2026-09-26,307,0.32
2026-09-26,308,0.7
2026-09-26,309,0.31
2026-09-26,310,0.29
2026-09-26,311,0.24
2026-09-26,312,0.24
2026-09-26,313,0.27
2026-09-26,314,0.33
2026-09-26,315,0.3
2026-09-26,316,0.2
2026-09-26,317,0.43
2026-09-26,318,0.33
2026-09-26,319,0.25
2026-09-26,320,0.76
2026-09-26,321,0.72
2026-09-26,322,0.29
2026-09-26,323,0.74
2026-09-26,324,0.84
2026-09-26,325,0.48
2026-09-26,326,0.7
2026-09-26,327,1.14
2026-09-26,328,0.55
2026-09-26,329,0.38
2026-09-26,330,0.73
2026-09-26,331,0.55
2026-09-26,332,0.82
2026-09-26,333,0.83
2026-09-26,334,0.7
2026-09-26,335,1.17
2026-09-26,336,1.12
2026-09-26,337,0.48
2026-09-26,338,0.5
2026-09-26,339,0.9
2026-09-26,340,0.74
2026-09-26,341,0.58
2026-09-26,342,0.31
2026-09-26,343,0.35
2026-09-26,344,0.15
2026-09-26,345,0.5
2026-09-26,346,0.7
2026-09-26,347,0.35
2026-09-26,348,0.35
2026-09-26,349,0.65
2026-09-26,350,0.42
2026-09-26,351,0.7
2026-09-26,352,1.23
2026-09-26,353,0.8
2026-09-26,354,0.81
2026-09-26,355,0.41
2026-09-26,356,1.33
2026-09-26,357,0.97
2026-09-26,358,0.5
2026-09-26,359,0.21
2026-09-26,360,0.42
2026-09-26,361,0.23
2026-09-26,362,0.75
2026-09-26,363,0.38
2026-09-26,364,0.38
2026-09-26,365,0.31
2026-09-26,366,0.64
2026-09-26,367,1.11
2026-09-26,368,1.1
2026-09-26,369,0.81
2026-09-26,370,0.35
2026-09-26,371,0.27
2026-09-26,372,0.4
2026-09-26,373,1.1
2026-09-26,374,0.4
2026-09-26,375,0.34
2026-09-26,376,0.23
2026-09-26,377,0.6
2026-09-26,378,0.5
2026-09-26,379,1.04
2026-09-26,380,0.79
2026-09-26,381,0.27
2026-09-26,382,0.82
2026-09-26,383,0.22
2026-09-26,384,0.33
2026-09-26,385,0.11
2026-09-26,386,0.38
2026-09-26,387,0.65
2026-09-26,388,0.1
2026-09-26,389,0.26
2026-09-26,390,0.66
2026-09-26,391,0.38
2026-09-26,392,0.53
2026-09-26,393,0.51
2026-09-26,394,0.39
2026-09-26,395,1.01
2026-09-26,396,0.96
2026-09-26,397,1.17
2026-09-26,398,0.82
2026-09-26,399,0.31
2026-09-26,400,0.67
2026-09-26,401,0.84
2026-09-26,402,1.06
2026-09-26,403,0.89
2026-09-26,404,0.71
2026-09-26,405,0.45
2026-09-26,406,0.09
2026-09-26,407,0.49
2026-09-26,408,1.32
2026-09-26,409,0.45
2026-09-26,410,0.73
2026-09-26,411,0.9
2026-09-26,412,1.11
2026-09-26,413,0.92
2026-09-26,414,0.84
2026-09-26,415,0.51
2026-09-26,416,0.49
2026-09-26,417,0.23
2026-09-26,418,0.49
2026-09-26,419,0.62
2026-09-26,420,0.38
2026-09-26,421,0.55
2026-09-26,422,0.48
2026-09-26,423,0.56
2026-09-26,424,0.52
2026-09-26,425,0.34
2026-09-26,426,0.28
2026-09-26,427,0.42
2026-09-26,428,0.23
2026-09-26,429,0.21
2026-09-26,430,0.54
2026-09-26,431,0.64
2026-09-26,432,0.47
2026-09-26,433,0.35
2026-09-26,434,0.28
2026-09-26,435,0.53
2026-09-26,436,0.38
2026-09-26,437,0.84
2026-09-26,438,0.29
2026-09-26,439,0.67
2026-09-26,440,1.06
2026-09-26,441,1.01
2026-09-26,442,0.91
2026-09-26,443,0.3
2026-09-26,444,0.72
2026-09-26,445,0.88
2026-09-26,446,0.55
2026-09-26,447,0.87
2026-09-26,448,0.55
2026-09-26,449,0.55
2026-09-26,450,0.69
2026-09-26,451,0.84
2026-09-26,452,0.8
2026-09-26,453,1.02
2026-09-26,454,1.59
2026-09-26,455,0.82
2026-09-26,456,0.24
2026-09-26,457,0.55
2026-09-26,458,1.62
2026-09-26,459,1.16
2026-09-26,460,0.98
2026-09-26,461,0.8
2026-09-26,462,0.6
2026-09-26,463,0.8
2026-09-26,464,0.37
2026-09-26,465,1.0
2026-09-26,466,0.44
2026-09-26,467,1.26
2026-09-26,468,2.76
2026-09-26,469,1.35
2026-09-26,470,0.87
2026-09-26,471,0.78
2026-09-26,472,0.65
2026-09-26,473,0.94
2026-09-26,474,1.41
2026-09-26,475,1.25
2026-09-26,476,0.96
2026-09-26,477,1.13
2026-09-26,478,0.24
2026-09-26,479,1.48
2026-09-26,480,1.82
2026-09-26,481,0.63
2026-09-26,482,0.65
2026-09-26,483,0.85
2026-09-26,484,0.55
2026-09-26,485,1.25
2026-09-26,486,1.03
2026-09-26,487,0.56
2026-09-26,488,0.93
2026-09-26,489,0.67
2026-09-26,490,0.58
2026-09-26,491,0.98
2026-09-26,492,0.71
2026-09-26,493,0.2
2026-09-26,494,0.41
2026-09-26,495,0.43
2026-09-26,496,0.26
2026-09-26,497,0.85
2026-09-26,498,1.75
2026-09-26,499,0.42
2026-09-26,500,0.64
2026-09-26,501,0.65
2026-09-26,502,1.59
2026-09-26,503,1.22
2026-09-26,504,0.63
2026-09-26,505,0.58
2026-09-26,506,0.54
2026-09-26,507,0.3
2026-09-26,508,0.88
2026-09-26,509,0.93
2026-09-26,510,0.81
2026-09-26,511,1.48
2026-09-26,512,1.38
2026-09-26,513,0.67
2026-09-26,514,1.02
2026-09-26,515,0.25
2026-09-26,516,0.36
2026-09-26,517,1.3
2026-09-26,518,0.81
2026-09-26,519,0.68
2026-09-26,520,1.28
2026-09-26,521,0.95
2026-09-26,522,0.54
2026-09-26,523,0.49
2026-09-26,524,0.56
2026-09-26,525,0.32
2026-09-26,526,0.29
2026-09-26,527,0.24
2026-09-26,528,0.34
2026-09-26,529,0.77
2026-09-26,530,0.43
2026-09-26,531,0.5
2026-09-26,532,0.92
2026-09-26,533,0.25
2026-09-26,534,0.4
2026-09-26,535,0.27
2026-09-26,536,0.42
2026-09-26,537,0.38
2026-09-26,538,0.85
2026-09-26,539,1.24
2026-09-26,540,0.19
2026-09-26,541,0.8
2026-09-26,542,0.6
2026-09-26,543,0.53
2026-09-26,544,0.31
2026-09-26,545,0.62
2026-09-26,546,0.6
2026-09-26,547,0.27
2026-09-26,548,0.42
2026-09-26,549,0.56
2026-09-26,550,0.39
2026-09-26,551,0.36
2026-09-26,552,0.4
2026-09-26,553,1.24
2026-09-26,554,0.86
2026-09-26,555,1.57
2026-09-26,556,0.54
2026-09-26,557,0.5
2026-09-26,558,0.58
2026-09-26,559,0.57
2026-09-26,560,0.68
2026-09-26,561,0.69
2026-09-26,562,0.32
2026-09-26,563,0.46
2026-09-26,564,0.77
2026-09-26,565,1.02
2026-09-26,566,0.32
2026-09-26,567,0.28
2026-09-26,568,0.43
2026-09-26,569,0.32
2026-09-26,570,0.48
2026-09-26,571,0.47
2026-09-26,572,0.23
2026-09-26,573,0.52
2026-09-26,574,0.51
2026-09-26,575,0.64
2026-09-26,576,0.85
2026-09-26,577,0.51
2026-09-26,578,0.29
2026-09-26,579,0.22
2026-09-26,580,0.5
2026-09-26,581,0.31
2026-09-26,582,0.25
2026-09-26,583,0.37
2026-09-26,584,0.81
2026-09-26,585,0.46
2026-09-26,586,0.68
2026-09-26,587,0.59
2026-09-26,588,0.75
2026-09-26,589,1.21
2026-09-26,590,1.07
2026-09-26,591,0.63
2026-09-26,592,0.94
2026-09-26,593,1.57
2026-09-26,594,0.48
2026-09-26,595,0.6
2026-09-26,596,0.62
2026-09-26,597,0.34
2026-09-26,598,0.62
2026-09-26,599,0.8
2026-09-26,600,0.56
2026-09-26,601,1.12
2026-09-26,602,0.45
2026-09-26,603,0.63
2026-09-26,604,0.98
2026-09-26,605,0.46
2026-09-26,606,0.34
2026-09-26,607,0.57
2026-09-26,608,0.7
2026-09-26,609,0.7
2026-09-26,610,0.97
2026-09-26,611,0.55
2026-09-26,612,0.5
2026-09-26,613,1.03
2026-09-26,614,1.23
2026-09-26,615,0.95
2026-09-26,616,1.51
2026-09-26,617,1.78
2026-09-26,618,1.33
2026-09-26,619,0.66
2026-09-26,620,0.47
2026-09-26,621,0.57
2026-09-26,622,0.71
2026-09-26,623,0.52
2026-09-26,624,0.84
2026-09-26,625,1.37
2026-09-26,626,1.51
2026-09-26,627,0.58
2026-09-26,628,0.39
2026-09-26,629,1.98
2026-09-26,630,1.84
2026-09-26,631,0.44
2026-09-26,632,0.2
2026-09-26,633,0.3
2026-09-26,634,0.95
2026-09-26,635,0.4
2026-09-26,636,0.6
2026-09-26,637,0.39
2026-09-26,638,0.72
2026-09-26,639,0.96
2026-09-26,640,1.02
2026-09-26,641,0.61
2026-09-26,642,0.7
2026-09-26,643,0.31
2026-09-26,644,0.86
2026-09-26,645,0.7
2026-09-26,646,0.75
2026-09-26,647,0.62
2026-09-26,648,0.47
2026-09-26,649,0.5
2026-09-26,650,0.84
2026-09-26,651,1.06
2026-09-26,652,0.21
2026-09-26,653,0.57
2026-09-26,654,0.4
2026-09-26,655,0.18
2026-09-26,656,0.7
2026-09-26,657,0.67
2026-09-26,658,1.03
2026-09-26,659,0.65
2026-09-26,660,1.39
2026-09-26,661,3.04
2026-09-26,662,1.99
2026-09-26,663,2.61
2026-09-26,664,1.29
2026-09-26,665,4.87
2026-09-26,666,3.68
2026-09-26,667,2.38
2026-09-26,668,1.16
2026-09-26,669,0.43
2026-09-26,670,1.17
2026-09-26,671,2.59
2026-09-26,672,0.15
2026-09-26,673,0.96
2026-09-26,674,1.3
2026-09-26,675,0.73
2026-09-26,676,0.15
2026-09-26,677,0.68
2026-09-26,678,1.5
2026-09-26,679,1.85
2026-09-26,680,1.53
2026-09-26,681,2.07
2026-09-26,682,3.23
2026-09-26,683,0.95
2026-09-26,684,0.92
2026-09-26,685,2.35
2026-09-26,686,0.92
2026-09-26,687,1.41
2026-09-26,688,0.42
2026-09-26,689,1.99
2026-09-26,690,1.52
2026-09-26,691,0.5
2026-09-26,692,2.16
2026-09-26,693,0.69
2026-09-26,694,0.66
2026-09-26,695,0.86
2026-09-26,696,0.21
2026-09-26,697,1.26
2026-09-26,698,0.88
2026-09-26,699,0.99
2026-09-26,700,0.5
2026-09-26,701,0.47
2026-09-26,702,0.41
2026-09-26,703,0.7
2026-09-26,704,0.21
2026-09-26,705,0.78
2026-09-26,706,1.24
2026-09-26,707,0.42
2026-09-26,708,0.72
2026-09-26,709,0.56
2026-09-26,710,0.35
2026-09-26,711,0.34
2026-09-26,712,0.64
2026-09-26,713,0.58
2026-09-26,714,0.38
2026-09-26,715,0.68
2026-09-26,716,0.33
2026-09-26,717,1.15
2026-09-26,718,1.27
2026-09-26,719,0.45
2026-09-26,720,0.5
2026-09-26,721,0.41
2026-09-26,722,0.7
2026-09-26,723,1.79
2026-09-26,724,1.64
2026-09-26,725,1.56
2026-09-26,726,0.72
2026-09-26,727,0.26
2026-09-26,728,0.37
2026-09-26,729,0.39
2026-09-26,730,0.29
2026-09-26,731,0.43
2026-09-26,732,0.43
2026-09-26,733,0.4
2026-09-26,734,0.43
2026-09-26,735,0.65
2026-09-26,736,0.42
2026-09-26,737,0.79
2026-09-26,738,0.21
2026-09-26,739,0.23
2026-09-26,740,0.34
2026-09-26,741,0.85
2026-09-26,742,0.16
2026-09-26,743,0.27
2026-09-26,744,0.24
2026-09-26,745,0.22
2026-09-26,746,0.23
2026-09-26,747,0.78
2026-09-26,748,0.18
2026-09-26,749,0.53
2026-09-26,750,0.77
2026-09-26,751,0.39
2026-09-26,752,0.52
2026-09-26,753,0.92
2026-09-26,754,0.39
2026-09-26,755,0.61
2026-09-26,756,0.24
2026-09-26,757,0.38
2026-09-26,758,1.06
2026-09-26,759,0.63
2026-09-26,760,0.5
2026-09-26,761,0.08
2026-09-26,762,0.16
2026-09-26,763,0.65
2026-09-26,764,0.66
2026-09-26,765,0.16
2026-09-26,766,0.35
2026-09-26,767,0.85
2026-09-26,768,0.29
2026-09-26,769,0.25
2026-09-26,770,0.18
2026-09-26,771,0.37
2026-09-26,772,0.82
2026-09-26,773,0.43
2026-09-26,774,0.66
2026-09-26,775,0.86
2026-09-26,776,0.58
2026-09-26,777,0.72
2026-09-26,778,0.58
2026-09-26,779,0.87
2026-09-26,780,0.15
2026-09-26,781,0.42
2026-09-26,782,0.42
2026-09-26,783,1.3
2026-09-26,784,0.2
2026-09-26,785,0.7
2026-09-26,786,0.54
2026-09-26,787,0.61
2026-09-26,788,0.58
2026-09-26,789,0.35
2026-09-26,790,0.68
2026-09-26,791,0.41
2026-09-26,792,0.35
2026-09-26,793,0.09
2026-09-26,794,0.11
2026-09-26,795,0.4
2026-09-26,796,0.24
2026-09-26,797,0.19
2026-09-26,798,0.22
2026-09-26,799,0.08
2026-09-26,800,0.36
2026-09-26,801,0.13
2026-09-26,802,0.18
2026-09-26,803,0.19
2026-09-26,804,0.21
2026-09-26,805,0.26
2026-09-26,806,0.35
2026-09-26,807,0.68
2026-09-26,808,0.28
2026-09-26,809,0.46
2026-09-26,810,0.44
2026-09-26,811,0.18
2026-09-26,812,0.17
2026-09-26,813,0.11
2026-09-26,814,0.23
2026-09-26,815,0.32
2026-09-26,816,0.25
2026-09-26,817,0.28
2026-09-26,818,0.25
2026-09-26,819,0.49
2026-09-26,820,0.68
2026-09-26,821,1.86
2026-09-26,822,0.32
2026-09-26,823,1.77
2026-09-26,824,0.56
2026-09-26,825,0.23
2026-09-26,826,0.35
2026-09-26,827,0.34
2026-09-26,828,0.1
2026-09-26,829,0.4
2026-09-26,830,0.25
2026-09-26,831,0.27
2026-09-26,832,0.55
2026-09-26,833,0.9
2026-09-26,834,0.61
2026-09-26,835,0.3
2026-09-26,836,0.44
2026-09-26,837,0.22
2026-09-26,838,0.45
2026-09-26,839,0.23
2026-09-26,840,0.36
2026-09-26,841,0.67
2026-09-26,842,0.47
2026-09-26,843,0.34
2026-09-26,844,0.2
2026-09-26,845,0.42
2026-09-26,846,0.17
2026-09-26,847,0.25
2026-09-26,848,0.22
2026-09-26,849,0.32
2026-09-26,850,0.2
2026-09-26,851,0.2
2026-09-26,852,0.2
2026-09-26,853,0.63
2026-09-26,854,0.2
2026-09-26,855,0.14
2026-09-26,856,0.17
2026-09-26,857,0.51
2026-09-26,858,0.11
2026-09-26,859,0.1
2026-09-26,860,0.44
2026-09-26,861,0.18
2026-09-26,862,0.14
2026-09-26,863,0.15
2026-09-26,864,0.66
2026-09-26,865,0.35
2026-09-26,866,0.48
2026-09-26,867,0.54
2026-09-26,868,0.16
2026-09-26,869,0.13
2026-09-26,870,0.47
2026-09-26,871,0.87
2026-09-26,872,0.25
2026-09-26,873,0.22
2026-09-26,874,0.16
2026-09-26,875,0.18
2026-09-26,876,0.3
2026-09-26,877,0.13
2026-09-26,878,0.1
2026-09-26,879,0.15
2026-09-26,880,0.19
2026-09-26,881,0.18
2026-09-26,882,0.19
2026-09-26,883,0.17
2026-09-26,884,0.17
2026-09-26,885,0.14
2026-09-26,886,0.17
2026-09-26,887,0.2
2026-09-26,888,0.12
2026-09-26,889,0.7
2026-09-26,890,0.65
2026-09-26,891,0.37
2026-09-26,892,0.18
2026-09-26,893,0.42
2026-09-26,894,0.03
2026-09-26,895,0.1
2026-09-26,896,0.12
2026-09-26,897,0.21
2026-09-26,898,0.2
2026-09-26,899,0.21
2026-09-26,900,0.08
2026-09-26,901,0.16
2026-09-26,902,0.1
2026-09-26,903,0.1
2026-09-26,904,0.28
2026-09-26,905,0.1
2026-09-26,906,0.44
2026-09-26,907,0.19
2026-09-26,908,0.2
2026-09-26,909,0.16
2026-09-26,910,0.16
2026-09-26,911,0.2
2026-09-26,912,0.39
2026-09-26,913,0.57
2026-09-26,914,0.18
2026-09-26,915,0.11
2026-09-26,916,0.09
2026-09-26,917,0.12
2026-09-26,918,0.13
2026-09-26,919,0.11
2026-09-26,920,0.22
2026-09-26,921,0.09
2026-09-26,922,0.12
2026-09-26,923,0.11
2026-09-26,924,0.1
2026-09-26,925,0.38
2026-09-26,926,0.27
2026-09-26,927,0.1
2026-09-26,928,0.14
2026-09-26,929,0.48
2026-09-26,930,0.96
2026-09-26,931,1.05
2026-09-26,932,0.2
2026-09-26,933,0.57
2026-09-26,934,0.44
2026-09-26,935,0.64
2026-09-26,936,0.35
2026-09-26,937,0.92
2026-09-26,938,0.36
2026-09-26,939,0.23
2026-09-26,940,0.81
2026-09-26,941,0.86
2026-09-26,942,0.41
2026-09-26,943,0.52
2026-09-26,944,0.33
2026-09-26,945,0.14
2026-09-26,946,1.3
2026-09-26,947,1.47
2026-09-26,948,1.05
2026-09-26,949,0.18
2026-09-26,950,0.42
2026-09-26,951,0.4
2026-09-26,952,0.27
2026-09-26,953,0.3
2026-09-26,954,0.13
2026-09-26,955,0.12
2026-09-26,956,0.1
2026-09-26,957,0.11
2026-09-26,958,0.09
2026-09-26,959,0.15
2026-09-26,960,0.21
2026-09-26,961,0.1
2026-09-26,962,0.68
2026-09-26,963,0.3
2026-09-26,964,1.22
2026-09-26,965,0.92
2026-09-26,966,0.11
2026-09-26,967,1.33
2026-09-26,968,1.03
2026-09-26,969,0.26
2026-09-26,970,0.17
2026-09-26,971,0.19
2026-09-26,972,0.27
2026-09-26,973,0.22
2026-09-26,974,0.3
2026-09-26,975,0.31
2026-09-26,976,0.16
2026-09-26,977,0.2
2026-09-26,978,0.23
2026-09-26,979,0.37
2026-09-26,980,0.29
2026-09-26,981,0.2
2026-09-26,982,0.35
2026-09-26,983,0.3
2026-09-26,984,0.26
2026-09-26,985,0.24
2026-09-26,986,0.54
2026-09-26,987,0.22
2026-09-26,988,0.37
2026-09-26,989,0.41
2026-09-26,990,0.38
2026-09-26,991,0.27
2026-09-26,992,0.34
2026-09-26,993,0.31
2026-09-26,994,0.6
2026-09-26,995,0.52
2026-09-26,996,0.4
2026-09-26,997,0.16
2026-09-26,998,0.09
2026-09-26,999,0.25
2026-09-26,1000,0.09
2026-09-26,1001,0.13
2026-09-26,1002,0.13
2026-09-26,1003,0.25
2026-09-26,1004,0.5
2026-09-26,1005,0.33
2026-09-26,1006,0.32
2026-09-26,1007,0.48
2026-09-26,1008,0.42
2026-09-26,1009,0.27
2026-09-26,1010,0.25
2026-09-26,1011,0.34
2026-09-26,1012,0.49
2026-09-26,1013,0.15
2026-09-26,1014,0.32
2026-09-26,1015,0.38
2026-09-26,1016,0.4
2026-09-26,1017,0.28
2026-09-26,1018,0.27
2026-09-26,1019,0.31
2026-09-26,1020,0.08
2026-09-26,1021,0.1
2026-09-26,1022,0.15
2026-09-26,1023,0.42
2026-09-26,1024,0.44
2026-09-26,1025,0.44
2026-09-26,1026,0.84
2026-09-26,1027,0.5
2026-09-26,1028,0.68
2026-09-26,1029,0.21
2026-09-26,1030,0.71
2026-09-26,1031,0.57
2026-09-26,1032,0.41
2026-09-26,1033,0.19
2026-09-26,1034,0.45
2026-09-26,1035,0.45
2026-09-26,1036,0.57
2026-09-26,1037,0.32
2026-09-26,1038,0.21
2026-09-26,1039,0.39
2026-09-26,1040,0.68
2026-09-26,1041,0.74
2026-09-26,1042,0.34
2026-09-26,1043,0.96
2026-09-26,1044,0.5
2026-09-26,1045,1.3
2026-09-26,1046,0.45
2026-09-26,1047,1.0
2026-09-26,1048,0.32
2026-09-26,1049,1.18
2026-09-26,1050,1.49
2026-09-26,1051,0.3
2026-09-26,1052,1.91
2026-09-26,1053,0.27
2026-09-26,1054,0.96
2026-09-26,1055,0.9
2026-09-26,1056,0.24
2026-09-26,1057,0.7
2026-09-26,1058,0.81
2026-09-26,1059,0.21
2026-09-26,1060,0.47
2026-09-26,1061,0.66
2026-09-26,1062,0.24
2026-09-26,1063,0.55
2026-09-26,1064,0.44
2026-09-26,1065,0.54
2026-09-26,1066,0.35
2026-09-26,1067,0.12
2026-09-26,1068,0.51
2026-09-26,1069,0.33
2026-09-26,1070,0.43
2026-09-26,1071,0.08
2026-09-26,1072,0.43
2026-09-26,1073,0.5
2026-09-26,1074,0.43
2026-09-26,1075,0.92
2026-09-26,1076,0.64
2026-09-26,1077,1.12
2026-09-26,1078,0.78
2026-09-26,1079,0.27
2026-09-26,1080,0.3
2026-09-26,1081,0.47
2026-09-26,1082,1.49
2026-09-26,1083,1.0
2026-09-26,1084,0.62
2026-09-26,1085,0.3
2026-09-26,1086,0.41
2026-09-26,1087,0.23
2026-09-26,1088,0.48
2026-09-26,1089,0.68
2026-09-26,1090,0.41
2026-09-26,1091,0.89
2026-09-26,1092,0.95
2026-09-26,1093,0.6
2026-09-26,1094,0.41
2026-09-26,1095,0.66
2026-09-26,1096,0.58
2026-09-26,1097,0.39
2026-09-26,1098,0.45
2026-09-26,1099,0.36
2026-09-26,1100,0.41
2026-09-26,1101,0.75
2026-09-26,1102,0.67
2026-09-26,1103,0.81
2026-09-26,1104,0.9
2026-09-26,1105,0.67
2026-09-26,1106,0.42
2026-09-26,1107,0.47
2026-09-26,1108,0.72
2026-09-26,1109,0.86
2026-09-26,1110,0.67
2026-09-26,1111,0.65
2026-09-26,1112,0.63
2026-09-26,1113,0.27
2026-09-26,1114,0.7
2026-09-26,1115,1.11
2026-09-26,1116,0.85
2026-09-26,1117,0.56
2026-09-26,1118,0.7
2026-09-26,1119,0.32
2026-09-26,1120,0.54
2026-09-26,1121,0.73
2026-09-26,1122,1.13
2026-09-26,1123,0.5
2026-09-26,1124,0.68
2026-09-26,1125,1.4
2026-09-26,1126,1.61
2026-09-26,1127,0.91
2026-09-26,1128,0.78
2026-09-26,1129,0.28
2026-09-26,1130,0.44
2026-09-26,1131,0.59
2026-09-26,1132,0.5
2026-09-26,1133,0.49
2026-09-26,1134,0.47
2026-09-26,1135,0.48
2026-09-26,1136,0.17
2026-09-26,1137,0.53
2026-09-26,1138,0.26
2026-09-26,1139,0.48
2026-09-26,1140,0.2
2026-09-26,1141,0.52
2026-09-26,1142,0.14
2026-09-26,1143,0.19
2026-09-26,1144,0.33
2026-09-26,1145,0.57
2026-09-26,1146,0.29
2026-09-26,1147,0.51
2026-09-26,1148,0.31
2026-09-26,1149,0.3
2026-09-26,1150,0.34
2026-09-26,1151,0.3
2026-09-26,1152,0.2
2026-09-26,1153,0.18
2026-09-26,1154,0.32
2026-09-26,1155,0.17
2026-09-26,1156,0.33
2026-09-26,1157,0.3
2026-09-26,1158,0.37
2026-09-26,1159,0.52
2026-09-26,1160,1.32
2026-09-26,1161,1.26
2026-09-26,1162,0.49
2026-09-26,1163,0.49
2026-09-26,1164,0.16
2026-09-26,1165,0.29
2026-09-26,1166,0.21
2026-09-26,1167,0.22
2026-09-26,1168,0.31
2026-09-26,1169,0.44
2026-09-26,1170,0.39
2026-09-26,1171,0.29
2026-09-26,1172,0.52
2026-09-26,1173,0.44
2026-09-26,1174,0.45
2026-09-26,1175,0.61
2026-09-26,1176,0.62
2026-09-26,1177,0.68
2026-09-26,1178,0.39
2026-09-26,1179,0.4
2026-09-26,1180,0.86
2026-09-26,1181,0.88
2026-09-26,1182,0.79
2026-09-26,1183,0.41
2026-09-26,1184,1.01
2026-09-26,1185,1.0
2026-09-26,1186,0.51
2026-09-26,1187,0.55
2026-09-26,1188,0.25
2026-09-26,1189,0.62
2026-09-26,1190,0.52
2026-09-26,1191,0.79
2026-09-26,1192,0.62
2026-09-26,1193,0.81
2026-09-26,1194,0.63
2026-09-26,1195,0.42
2026-09-26,1196,0.46
2026-09-26,1197,0.81
2026-09-26,1198,0.83
2026-09-26,1199,0.5
2026-09-26,1200,0.51
2026-09-26,1201,0.14
2026-09-26,1202,0.59
2026-09-26,1203,0.73
2026-09-26,1204,0.7
2026-09-26,1205,0.73
2026-09-26,1206,0.23
2026-09-26,1207,0.41
2026-09-26,1208,0.53
2026-09-26,1209,0.51
2026-09-26,1210,0.66
2026-09-26,1211,0.44
2026-09-26,1212,0.23
2026-09-26,1213,0.29
2026-09-26,1214,0.86
2026-09-26,1215,0.86
2026-09-26,1216,0.94
2026-09-26,1217,0.99
2026-09-26,1218,0.52
2026-09-26,1219,0.52
2026-09-26,1220,0.9
2026-09-26,1221,0.78
2026-09-26,1222,0.9
2026-09-26,1223,0.44
2026-09-26,1224,0.52
2026-09-26,1225,0.79
2026-09-26,1226,0.85
2026-09-26,1227,0.77
2026-09-26,1228,0.47
2026-09-26,1229,0.55
2026-09-26,1230,0.54
2026-09-26,1231,0.59
2026-09-26,1232,0.77
2026-09-26,1233,0.38
2026-09-26,1234,0.38
2026-09-26,1235,0.62
2026-09-26,1236,0.57
2026-09-26,1237,0.59
2026-09-26,1238,0.09
2026-09-26,1239,0.32
2026-09-26,1240,0.31
2026-09-26,1241,0.14
2026-09-26,1242,0.2
2026-09-26,1243,0.99
2026-09-26,1244,1.4
2026-09-26,1245,1.0
2026-09-26,1246,0.78
2026-09-26,1247,0.33
2026-09-26,1248,1.05
2026-09-26,1249,1.09
2026-09-26,1250,1.22
2026-09-26,1251,0.42
2026-09-26,1252,0.49
2026-09-26,1253,0.62
2026-09-26,1254,1.0
2026-09-26,1255,0.3
2026-09-26,1256,0.96
2026-09-26,1257,0.57
2026-09-26,1258,0.15
2026-09-26,1259,0.23
2026-09-26,1260,0.34
2026-09-26,1261,0.17
2026-09-26,1262,0.34
2026-09-26,1263,0.87
2026-09-26,1264,0.56
2026-09-26,1265,0.49
2026-09-26,1266,0.36
2026-09-26,1267,0.24
2026-09-26,1268,0.49
2026-09-26,1269,0.75
2026-09-26,1270,0.45
2026-09-26,1271,0.24
2026-09-26,1272,0.15
2026-09-26,1273,0.19
2026-09-26,1274,0.27
2026-09-26,1275,0.25
2026-09-26,1276,0.39
2026-09-26,1277,0.28
2026-09-26,1278,0.5
2026-09-26,1279,1.07
2026-09-26,1280,0.86
2026-09-26,1281,1.46
2026-09-26,1282,1.68
2026-09-26,1283,1.05
2026-09-26,1284,1.66
2026-09-26,1285,1.06
2026-09-26,1286,1.58
2026-09-26,1287,0.8
2026-09-26,1288,1.43
2026-09-26,1289,1.09
2026-09-26,1290,0.75
2026-09-26,1291,0.81
2026-09-26,1292,1.75
2026-09-26,1293,1.61
2026-09-26,1294,0.63
2026-09-26,1295,0.55
2026-09-26,1296,0.33
2026-09-26,1297,0.34
2026-09-26,1298,0.45
2026-09-26,1299,0.2
2026-09-26,1300,1.26
2026-09-26,1301,1.4
2026-09-26,1302,0.91
2026-09-26,1303,1.64
2026-09-26,1304,1.09
2026-09-26,1305,0.8
2026-09-26,1306,0.71
2026-09-26,1307,1.06
2026-09-26,1308,1.06
2026-09-26,1309,1.06
2026-09-26,1310,1.62
2026-09-26,1311,1.75
2026-09-26,1312,1.44
2026-09-26,1313,1.19
2026-09-26,1314,1.32
2026-09-26,1315,1.29
2026-09-26,1316,1.15
2026-09-26,1317,1.17
2026-09-26,1318,1.22
2026-09-26,1319,0.7
2026-09-26,1320,0.38
2026-09-26,1321,1.01
2026-09-26,1322,1.29
2026-09-26,1323,0.91
2026-09-26,1324,0.65
2026-09-26,1325,0.59
2026-09-26,1326,0.74
2026-09-26,1327,0.79
2026-09-26,1328,0.86
2026-09-26,1329,0.77
2026-09-26,1330,0.59
2026-09-26,1331,0.53
2026-09-26,1332,0.41
2026-09-26,1333,0.35
2026-09-26,1334,0.28
2026-09-26,1335,0.28
2026-09-26,1336,0.42
2026-09-26,1337,0.28
2026-09-26,1338,0.15
2026-09-26,1339,0.33
2026-09-26,1340,0.84
2026-09-26,1341,0.7
2026-09-26,1342,0.2
2026-09-26,1343,0.46
2026-09-26,1344,0.31
2026-09-26,1345,0.4
2026-09-26,1346,0.27
2026-09-26,1347,0.1
2026-09-26,1348,0.12
2026-09-26,1349,0.34
2026-09-26,1350,0.1
2026-09-26,1351,0.44
2026-09-26,1352,0.38
2026-09-26,1353,0.6
2026-09-26,1354,0.6
2026-09-26,1355,0.11
2026-09-26,1356,0.32
2026-09-26,1357,0.31
2026-09-26,1358,0.2
2026-09-26,1359,0.19
2026-09-26,1360,0.25
2026-09-26,1361,0.15
2026-09-26,1362,0.29
2026-09-26,1363,0.62
2026-09-26,1364,0.46
2026-09-26,1365,0.27
2026-09-26,1366,0.2
2026-09-26,1367,0.23
2026-09-26,1368,0.19
2026-09-26,1369,0.12
2026-09-26,1370,0.17
2026-09-26,1371,0.22
2026-09-26,1372,0.75
2026-09-26,1373,0.9
2026-09-26,1374,0.86
2026-09-26,1375,0.48
2026-09-26,1376,0.62
2026-09-26,1377,1.49
2026-09-26,1378,0.95
2026-09-26,1379,0.85
2026-09-26,1380,0.55
2026-09-26,1381,0.22
2026-09-26,1382,0.61
2026-09-26,1383,0.36
2026-09-26,1384,0.15
2026-09-26,1385,0.21
2026-09-26,1386,0.33
2026-09-26,1387,0.48
2026-09-26,1388,0.35
2026-09-26,1389,0.23
2026-09-26,1390,0.21
2026-09-26,1391,0.3
2026-09-26,1392,0.36
2026-09-26,1393,0.36
2026-09-26,1394,0.61
2026-09-26,1395,0.61
2026-09-26,1396,0.64
2026-09-26,1397,0.57
2026-09-26,1398,0.25
2026-09-26,1399,0.22
2026-09-26,1400,0.5
2026-09-26,1401,0.49
2026-09-26,1402,0.58
2026-09-26,1403,0.89
2026-09-26,1404,0.58
2026-09-26,1405,0.3
2026-09-26,1406,0.39
2026-09-26,1407,0.18
2026-09-26,1408,0.2
2026-09-26,1409,0.65
2026-09-26,1410,0.65
2026-09-26,1411,0.38
2026-09-26,1412,1.08
2026-09-26,1413,1.38
2026-09-26,1414,0.9
2026-09-26,1415,1.15
2026-09-26,1416,1.18
2026-09-26,1417,0.63
2026-09-26,1418,0.26
2026-09-26,1419,0.28
2026-09-26,1420,0.62
2026-09-26,1421,0.49
2026-09-26,1422,0.52
2026-09-26,1423,0.33
2026-09-26,1424,0.3
2026-09-26,1425,1.03
2026-09-26,1426,1.34
2026-09-26,1427,2.55
2026-09-26,1428,0.72
2026-09-26,1429,0.56
2026-09-26,1430,0.65
2026-09-26,1431,0.73
2026-09-26,1432,0.89
2026-09-26,1433,0.92
2026-09-26,1434,0.82
2026-09-26,1435,0.61
2026-09-26,1436,0.44
2026-09-26,1437,0.52
2026-09-26,1438,0.37
2026-09-26,1439,0.47
2026-09-27,1,0.64
2026-09-27,2,0.46
2026-09-27,3,0.7
2026-09-27,4,0.3
2026-09-27,5,0.6
2026-09-27,6,3.17
2026-09-27,7,3.59
2026-09-27,8,2.76
2026-09-27,9,3.07
2026-09-27,10,2.84
2026-09-27,11,2.18
2026-09-27,12,2.74
2026-09-27,13,2.08
2026-09-27,14,2.31
2026-09-27,15,1.74
2026-09-27,16,1.36
2026-09-27,17,1.18
2026-09-27,18,0.66
2026-09-27,19,0.51
2026-09-27,20,0.86
2026-09-27,21,0.92
2026-09-27,22,0.21
2026-09-27,23,0.22
2026-09-27,24,0.38
2026-09-27,25,0.97
2026-09-27,26,0.75
2026-09-27,27,1.11
2026-09-27,28,1.03
2026-09-27,29,1.0
2026-09-27,30,0.76
2026-09-27,31,0.87
2026-09-27,32,1.21
2026-09-27,33,1.47
2026-09-27,34,1.63
2026-09-27,35,1.78
2026-09-27,36,1.71
2026-09-27,37,1.44
2026-09-27,38,1.85
2026-09-27,39,1.91
2026-09-27,40,1.44
2026-09-27,41,0.99
2026-09-27,42,1.1
2026-09-27,43,0.7
2026-09-27,44,0.59
2026-09-27,45,1.43
2026-09-27,46,0.7
2026-09-27,47,0.22
2026-09-27,48,0.1
2026-09-27,49,0.89
2026-09-27,50,0.74
2026-09-27,51,0.2
2026-09-27,52,0.29
2026-09-27,53,0.52
2026-09-27,54,0.74
2026-09-27,55,0.85
2026-09-27,56,0.32
2026-09-27,57,0.27
2026-09-27,58,0.24
2026-09-27,59,0.15
2026-09-27,60,0.14
2026-09-27,61,0.4
2026-09-27,62,0.44
2026-09-27,63,0.4
2026-09-27,64,0.1
2026-09-27,65,0.1
2026-09-27,66,0.5
2026-09-27,67,0.9
2026-09-27,68,0.89
2026-09-27,69,0.65
2026-09-27,70,0.7
2026-09-27,71,0.61
2026-09-27,72,1.3
2026-09-27,73,1.51
2026-09-27,74,0.39
2026-09-27,75,0.96
2026-09-27,76,0.88
2026-09-27,77,0.55
2026-09-27,78,0.38
2026-09-27,79,0.51
2026-09-27,80,0.6
2026-09-27,81,0.63
2026-09-27,82,0.52
2026-09-27,83,0.41
2026-09-27,84,0.37
2026-09-27,85,0.6
2026-09-27,86,0.68
2026-09-27,87,0.63
2026-09-27,88,0.65
2026-09-27,89,0.53
2026-09-27,90,0.44
2026-09-27,91,0.42
2026-09-27,92,0.3
2026-09-27,93,0.26
2026-09-27,94,0.35
2026-09-27,95,0.28
2026-09-27,96,0.19
2026-09-27,97,0.08
2026-09-27,98,0.99
2026-09-27,99,1.53
2026-09-27,100,1.25
2026-09-27,101,0.99
2026-09-27,102,0.51
2026-09-27,103,0.31
2026-09-27,104,0.4
2026-09-27,105,0.85
2026-09-27,106,0.76
2026-09-27,107,0.42
2026-09-27,108,0.35
2026-09-27,109,0.4
2026-09-27,110,0.38
2026-09-27,111,0.31
2026-09-27,112,0.23
2026-09-27,113,0.17
2026-09-27,114,0.11
2026-09-27,115,0.52
2026-09-27,116,0.49
2026-09-27,117,0.34
2026-09-27,118,0.15
2026-09-27,119,0.18
2026-09-27,120,0.15
2026-09-27,121,0.34
2026-09-27,122,0.35
2026-09-27,123,0.27
2026-09-27,124,0.18
2026-09-27,125,0.22
2026-09-27,126,0.55
2026-09-27,127,0.53
2026-09-27,128,0.47
2026-09-27,129,0.22
2026-09-27,130,0.2
2026-09-27,131,0.34
2026-09-27,132,0.3
2026-09-27,133,0.32
2026-09-27,134,0.26
2026-09-27,135,0.16
2026-09-27,136,0.14
2026-09-27,137,0.32
2026-09-27,138,0.44
2026-09-27,139,0.54
2026-09-27,140,0.35
2026-09-27,141,0.43
2026-09-27,142,0.14
2026-09-27,143,0.3
2026-09-27,144,0.17
2026-09-27,145,0.17
2026-09-27,146,0.2
2026-09-27,147,0.3
2026-09-27,148,0.49
2026-09-27,149,0.39
2026-09-27,150,0.3
2026-09-27,151,0.21
2026-09-27,152,0.33
2026-09-27,153,0.04
2026-09-27,154,0.33
2026-09-27,155,0.2
2026-09-27,156,0.24
2026-09-27,157,0.44
2026-09-27,158,0.34
2026-09-27,159,0.23
2026-09-27,160,0.57
2026-09-27,161,0.75
2026-09-27,162,0.73
2026-09-27,163,1.06
2026-09-27,164,1.09
2026-09-27,165,0.72
2026-09-27,166,0.92
2026-09-27,167,0.85
2026-09-27,168,1.15
2026-09-27,169,1.01
2026-09-27,170,0.93
2026-09-27,171,0.46
2026-09-27,172,0.7
2026-09-27,173,0.72
2026-09-27,174,0.53
2026-09-27,175,0.34
2026-09-27,176,0.19
2026-09-27,177,0.34
2026-09-27,178,0.77
2026-09-27,179,0.59
2026-09-27,180,0.73
2026-09-27,181,0.86
2026-09-27,182,0.88
2026-09-27,183,0.64
2026-09-27,184,0.28
2026-09-27,185,0.45
2026-09-27,186,0.41
2026-09-27,187,0.12
2026-09-27,188,0.39
2026-09-27,189,0.68
2026-09-27,190,0.53
2026-09-27,191,0.68
2026-09-27,192,0.53
2026-09-27,193,0.63
2026-09-27,194,0.7
2026-09-27,195,0.73
2026-09-27,196,0.67
2026-09-27,197,0.53
2026-09-27,198,0.45
2026-09-27,199,0.49
2026-09-27,200,0.38
2026-09-27,201,0.46
2026-09-27,202,0.35
2026-09-27,203,0.55
2026-09-27,204,0.64
2026-09-27,205,0.56
2026-09-27,206,0.2
2026-09-27,207,0.42
2026-09-27,208,0.36
2026-09-27,209,0.2
2026-09-27,210,0.34
2026-09-27,211,0.24
2026-09-27,212,0.33
2026-09-27,213,0.34
2026-09-27,214,0.28
2026-09-27,215,0.21
2026-09-27,216,0.29
2026-09-27,217,0.23
2026-09-27,218,0.14
2026-09-27,219,0.37
2026-09-27,220,0.15
2026-09-27,221,0.24
2026-09-27,222,0.34
2026-09-27,223,0.22
2026-09-27,224,0.21
2026-09-27,225,0.24
2026-09-27,226,0.1
2026-09-27,227,0.1
2026-09-27,228,0.2
2026-09-27,229,0.31
2026-09-27,230,0.7
2026-09-27,231,0.4
2026-09-27,232,0.19
2026-09-27,233,0.21
2026-09-27,234,0.22
2026-09-27,235,0.55
2026-09-27,236,0.18
2026-09-27,237,0.35
2026-09-27,238,0.93
2026-09-27,239,1.13
2026-09-27,240,0.65
2026-09-27,241,0.85
2026-09-27,242,0.61
2026-09-27,243,0.2
2026-09-27,244,0.28
2026-09-27,245,0.55
2026-09-27,246,0.39
2026-09-27,247,0.41
2026-09-27,248,0.4
2026-09-27,249,0.41
2026-09-27,250,0.31
2026-09-27,251,0.32
2026-09-27,252,0.35
2026-09-27,253,0.21
2026-09-27,254,0.2
2026-09-27,255,0.24
2026-09-27,256,0.35
2026-09-27,257,0.2
2026-09-27,258,0.25
2026-09-27,259,0.19
2026-09-27,260,0.1
2026-09-27,261,0.2
2026-09-27,262,0.32
2026-09-27,263,0.41
2026-09-27,264,0.25
2026-09-27,265,0.26
2026-09-27,266,0.47
2026-09-27,267,0.26
2026-09-27,268,0.28
2026-09-27,269,0.17
2026-09-27,270,0.43
2026-09-27,271,0.5
2026-09-27,272,0.38
2026-09-27,273,0.24
2026-09-27,274,0.34
2026-09-27,275,0.46
2026-09-27,276,0.6
2026-09-27,277,0.39
2026-09-27,278,0.28
2026-09-27,279,0.3
2026-09-27,280,0.32
2026-09-27,281,0.12
2026-09-27,282,0.1
2026-09-27,283,0.23
2026-09-27,284,0.26
2026-09-27,285,0.5
2026-09-27,286,0.24
2026-09-27,287,0.32
2026-09-27,288,0.23
2026-09-27,289,0.37
2026-09-27,290,0.22
2026-09-27,291,0.26
2026-09-27,292,0.19
2026-09-27,293,0.35
2026-09-27,294,0.12
2026-09-27,295,0.24
2026-09-27,296,0.13
2026-09-27,297,0.16
2026-09-27,298,0.19
2026-09-27,299,0.16
2026-09-27,300,0.3
2026-09-27,301,0.08
2026-09-27,302,0.3
2026-09-27,303,0.34
2026-09-27,304,0.42
2026-09-27,305,0.31
2026-09-27,306,0.12
2026-09-27,307,0.21
2026-09-27,308,0.25
2026-09-27,309,0.53
2026-09-27,310,0.31
2026-09-27,311,0.33
2026-09-27,312,0.4
2026-09-27,313,0.5
2026-09-27,314,0.33
2026-09-27,315,0.38
2026-09-27,316,0.51
2026-09-27,317,0.47
2026-09-27,318,0.35
2026-09-27,319,0.18
2026-09-27,320,0.11
2026-09-27,321,0.23
2026-09-27,322,0.25
2026-09-27,323,0.27
2026-09-27,324,0.2
2026-09-27,325,0.36
2026-09-27,326,0.1
2026-09-27,327,0.23
2026-09-27,328,0.32
2026-09-27,329,0.16
2026-09-27,330,0.18
2026-09-27,331,0.19
2026-09-27,332,0.24
2026-09-27,333,0.17
2026-09-27,334,0.19
2026-09-27,335,0.48
2026-09-27,336,0.24
2026-09-27,337,0.19
2026-09-27,338,0.3
2026-09-27,339,0.42
2026-09-27,340,0.26
2026-09-27,341,0.38
2026-09-27,342,0.17
2026-09-27,343,0.17
2026-09-27,344,0.16
2026-09-27,345,0.1
2026-09-27,346,0.19
2026-09-27,347,0.26
2026-09-27,348,0.41
2026-09-27,349,0.5
2026-09-27,350,0.28
2026-09-27,351,0.36
2026-09-27,352,0.13
2026-09-27,353,0.08
2026-09-27,354,0.11
2026-09-27,355,0.33
2026-09-27,356,0.1
2026-09-27,357,0.13
2026-09-27,358,0.47
2026-09-27,359,0.42
2026-09-27,360,0.2
2026-09-27,361,0.48
2026-09-27,362,0.21
2026-09-27,363,0.41
2026-09-27,364,0.31
2026-09-27,365,0.21
2026-09-27,366,0.54
2026-09-27,367,0.28
2026-09-27,368,0.32
2026-09-27,369,0.27
2026-09-27,370,0.2
2026-09-27,371,0.31
2026-09-27,372,0.09
2026-09-27,373,0.39
2026-09-27,374,0.19
2026-09-27,375,0.07
2026-09-27,376,0.15
2026-09-27,377,0.36
2026-09-27,378,0.37
2026-09-27,379,0.16
2026-09-27,380,0.57
2026-09-27,381,0.56
2026-09-27,382,0.18
2026-09-27,383,0.44
2026-09-27,384,0.4
2026-09-27,385,0.32
2026-09-27,386,0.38
2026-09-27,387,0.52
2026-09-27,388,0.34
2026-09-27,389,0.13
2026-09-27,390,0.24
2026-09-27,391,0.61
2026-09-27,392,0.24
2026-09-27,393,0.42
2026-09-27,394,0.39
2026-09-27,395,0.19
2026-09-27,396,0.71
2026-09-27,397,0.15
2026-09-27,398,0.18
2026-09-27,399,0.41
2026-09-27,400,0.75
2026-09-27,401,0.75
2026-09-27,402,0.35
2026-09-27,403,0.79
2026-09-27,404,0.48
2026-09-27,405,0.79
2026-09-27,406,0.7
2026-09-27,407,0.55
2026-09-27,408,0.9
2026-09-27,409,0.72
2026-09-27,410,0.57
2026-09-27,411,0.62
2026-09-27,412,0.4
2026-09-27,413,0.54
2026-09-27,414,0.41
2026-09-27,415,0.29
2026-09-27,416,0.2
2026-09-27,417,0.53
2026-09-27,418,0.57
2026-09-27,419,0.89
2026-09-27,420,0.26
2026-09-27,421,0.64
2026-09-27,422,0.97
2026-09-27,423,0.31
2026-09-27,424,0.34
2026-09-27,425,0.24
2026-09-27,426,0.2
2026-09-27,427,0.4
2026-09-27,428,0.49
2026-09-27,429,0.39
2026-09-27,430,0.45
2026-09-27,431,0.22
2026-09-27,432,0.26
2026-09-27,433,0.11
2026-09-27,434,0.56
2026-09-27,435,0.35
2026-09-27,436,0.81
2026-09-27,437,0.85
2026-09-27,438,0.16
2026-09-27,439,0.19
2026-09-27,440,0.48
2026-09-27,441,0.33
2026-09-27,442,0.25
2026-09-27,443,0.62
2026-09-27,444,0.26
2026-09-27,445,0.2
2026-09-27,446,0.2
2026-09-27,447,0.44
2026-09-27,448,0.32
2026-09-27,449,0.22
2026-09-27,450,0.67
2026-09-27,451,0.36
2026-09-27,452,0.1
2026-09-27,453,0.36
2026-09-27,454,0.39
2026-09-27,455,0.2
2026-09-27,456,0.25
2026-09-27,457,0.54
2026-09-27,458,0.38
2026-09-27,459,0.17
2026-09-27,460,0.41
2026-09-27,461,0.42
2026-09-27,462,0.36
2026-09-27,463,0.2
2026-09-27,464,0.31
2026-09-27,465,0.23
2026-09-27,466,0.35
2026-09-27,467,0.51
2026-09-27,468,0.53
2026-09-27,469,0.19
2026-09-27,470,0.32
2026-09-27,471,0.34
2026-09-27,472,0.74
2026-09-27,473,0.39
2026-09-27,474,0.28
2026-09-27,475,0.4
2026-09-27,476,0.26
2026-09-27,477,0.2
2026-09-27,478,0.52
2026-09-27,479,0.35
2026-09-27,480,0.62
2026-09-27,481,0.25
2026-09-27,482,0.45
2026-09-27,483,0.25
2026-09-27,484,0.19
2026-09-27,485,0.43
2026-09-27,486,0.64
2026-09-27,487,0.74
2026-09-27,488,0.88
2026-09-27,489,0.67
2026-09-27,490,0.41
2026-09-27,491,0.32
2026-09-27,492,0.3
2026-09-27,493,0.17
2026-09-27,494,0.34
2026-09-27,495,0.52
2026-09-27,496,0.35
2026-09-27,497,0.34
2026-09-27,498,0.28
2026-09-27,499,0.3
2026-09-27,500,0.44
2026-09-27,501,0.43
2026-09-27,502,0.38
2026-09-27,503,0.39
2026-09-27,504,0.29
2026-09-27,505,0.35
2026-09-27,506,0.95
2026-09-27,507,1.08
2026-09-27,508,0.75
2026-09-27,509,0.56
2026-09-27,510,0.61
2026-09-27,511,1.06
2026-09-27,512,0.86
2026-09-27,513,0.66
2026-09-27,514,0.87
2026-09-27,515,0.78
2026-09-27,516,0.62
2026-09-27,517,0.16
2026-09-27,518,0.36
2026-09-27,519,0.51
2026-09-27,520,0.23
2026-09-27,521,0.45
2026-09-27,522,0.38
2026-09-27,523,0.15
2026-09-27,524,0.21
2026-09-27,525,0.26
2026-09-27,526,0.18
2026-09-27,527,0.29
2026-09-27,528,0.24
2026-09-27,529,0.22
2026-09-27,530,0.3
2026-09-27,531,0.4
2026-09-27,532,0.34
2026-09-27,533,0.18
2026-09-27,534,0.28
2026-09-27,535,0.14
2026-09-27,536,0.1
2026-09-27,537,0.21
2026-09-27,538,0.23
2026-09-27,539,0.18
2026-09-27,540,0.11
2026-09-27,541,0.31
2026-09-27,542,0.32
2026-09-27,543,0.19
2026-09-27,544,0.27
2026-09-27,545,0.36
2026-09-27,546,0.2
2026-09-27,547,0.41
2026-09-27,548,0.5
2026-09-27,549,0.23
2026-09-27,550,0.46
2026-09-27,551,0.57
2026-09-27,552,0.59
2026-09-27,553,0.62
2026-09-27,554,0.44
2026-09-27,555,0.59
2026-09-27,556,0.44
2026-09-27,557,0.31
2026-09-27,558,0.35
2026-09-27,559,0.55
2026-09-27,560,0.41
2026-09-27,561,0.42
2026-09-27,562,0.43
2026-09-27,563,0.43
2026-09-27,564,0.2
2026-09-27,565,0.32
2026-09-27,566,0.75
2026-09-27,567,0.23
2026-09-27,568,0.2
2026-09-27,569,0.48
2026-09-27,570,0.59
2026-09-27,571,0.29
2026-09-27,572,1.23
2026-09-27,573,1.46
2026-09-27,574,0.71
2026-09-27,575,0.63
2026-09-27,576,0.27
2026-09-27,577,1.03
2026-09-27,578,0.32
2026-09-27,579,0.34
2026-09-27,580,0.19
2026-09-27,581,0.57
2026-09-27,582,1.05
2026-09-27,583,0.31
2026-09-27,584,0.52
2026-09-27,585,0.85
2026-09-27,586,0.16
2026-09-27,587,0.47
2026-09-27,588,0.3
2026-09-27,589,0.62
2026-09-27,590,0.32
2026-09-27,591,0.25
2026-09-27,592,0.49
2026-09-27,593,0.58
2026-09-27,594,0.2
2026-09-27,595,1.06
2026-09-27,596,0.81
2026-09-27,597,0.6
2026-09-27,598,0.41
2026-09-27,599,0.42
2026-09-27,600,0.63
2026-09-27,601,0.32
2026-09-27,602,0.21
2026-09-27,603,0.31
2026-09-27,604,0.2
2026-09-27,605,0.28
2026-09-27,606,0.76
2026-09-27,607,0.6
2026-09-27,608,0.43
2026-09-27,609,0.49
2026-09-27,610,0.33
2026-09-27,611,0.35
2026-09-27,612,0.47
2026-09-27,613,0.18
2026-09-27,614,0.4
2026-09-27,615,0.28
2026-09-27,616,0.73
2026-09-27,617,0.74
2026-09-27,618,0.79
2026-09-27,619,0.76
2026-09-27,620,0.63
2026-09-27,621,0.52
2026-09-27,622,0.5
2026-09-27,623,0.3
2026-09-27,624,0.8
2026-09-27,625,1.24
2026-09-27,626,0.5
2026-09-27,627,0.53
2026-09-27,628,0.88
2026-09-27,629,0.83
2026-09-27,630,0.68
2026-09-27,631,0.7
2026-09-27,632,0.53
2026-09-27,633,1.53
2026-09-27,634,0.62
2026-09-27,635,0.5
2026-09-27,636,0.56
2026-09-27,637,0.43
2026-09-27,638,0.81
2026-09-27,639,0.54
2026-09-27,640,0.65
2026-09-27,641,0.75
2026-09-27,642,0.42
2026-09-27,643,0.3
2026-09-27,644,0.88
2026-09-27,645,0.58
2026-09-27,646,0.33
2026-09-27,647,0.32
2026-09-27,648,0.13
2026-09-27,649,0.16
2026-09-27,650,0.38
2026-09-27,651,0.3
2026-09-27,652,0.43
2026-09-27,653,0.43
2026-09-27,654,0.39
2026-09-27,655,0.32
2026-09-27,656,0.44
2026-09-27,657,0.2
2026-09-27,658,0.43
2026-09-27,659,0.79
2026-09-27,660,0.79
2026-09-27,661,0.51
2026-09-27,662,0.2
2026-09-27,663,0.15
2026-09-27,664,0.3
2026-09-27,665,0.41
2026-09-27,666,0.34
2026-09-27,667,0.53
2026-09-27,668,1.03
2026-09-27,669,0.6
2026-09-27,670,0.2
2026-09-27,671,0.19
2026-09-27,672,0.26
2026-09-27,673,0.49
2026-09-27,674,0.26
2026-09-27,675,0.44
2026-09-27,676,0.48
2026-09-27,677,0.48
2026-09-27,678,0.21
2026-09-27,679,0.21
2026-09-27,680,0.36
2026-09-27,681,0.37
2026-09-27,682,0.12
2026-09-27,683,0.43
2026-09-27,684,0.18
2026-09-27,685,0.15
2026-09-27,686,0.32
2026-09-27,687,0.28
2026-09-27,688,0.45
2026-09-27,689,0.33
2026-09-27,690,0.2
2026-09-27,691,0.17
2026-09-27,692,0.34
2026-09-27,693,0.18
2026-09-27,694,0.35
2026-09-27,695,0.19
2026-09-27,696,0.89
2026-09-27,697,0.32
2026-09-27,698,0.26
2026-09-27,699,0.28
2026-09-27,700,0.3
2026-09-27,701,0.31
2026-09-27,702,0.25
2026-09-27,703,0.13
2026-09-27,704,0.24
2026-09-27,705,0.36
2026-09-27,706,0.18
2026-09-27,707,0.52
2026-09-27,708,0.19
2026-09-27,709,0.23
2026-09-27,710,0.16
2026-09-27,711,0.26
2026-09-27,712,0.22
2026-09-27,713,0.11
2026-09-27,714,0.36
2026-09-27,715,0.35
2026-09-27,716,0.38
2026-09-27,717,0.31
2026-09-27,718,0.27
2026-09-27,719,0.51
2026-09-27,720,0.53
2026-09-27,721,0.2
2026-09-27,722,0.53
2026-09-27,723,0.36
2026-09-27,724,0.32
2026-09-27,725,0.18
2026-09-27,726,0.27
2026-09-27,727,0.33
2026-09-27,728,0.58
2026-09-27,729,0.48
2026-09-27,730,0.2
2026-09-27,731,0.39
2026-09-27,732,0.37
2026-09-27,733,0.19
2026-09-27,734,0.28
2026-09-27,735,0.36
2026-09-27,736,0.3
2026-09-27,737,0.41
2026-09-27,738,0.36
2026-09-27,739,0.39
2026-09-27,740,0.55
2026-09-27,741,0.35
2026-09-27,742,0.24
2026-09-27,743,0.2
2026-09-27,744,0.15
2026-09-27,745,0.25
2026-09-27,746,0.15
2026-09-27,747,0.12
2026-09-27,748,0.15
2026-09-27,749,0.15
2026-09-27,750,0.1
2026-09-27,751,0.38
2026-09-27,752,0.23
2026-09-27,753,0.31
2026-09-27,754,0.2
2026-09-27,755,0.15
2026-09-27,756,0.46
2026-09-27,757,0.35
2026-09-27,758,0.44
2026-09-27,759,0.41
2026-09-27,760,0.11
2026-09-27,761,0.11
2026-09-27,762,0.21
2026-09-27,763,0.2
2026-09-27,764,0.38
2026-09-27,765,0.19
2026-09-27,766,0.21
2026-09-27,767,0.21
2026-09-27,768,0.33
2026-09-27,769,0.31
2026-09-27,770,0.16
2026-09-27,771,0.22
2026-09-27,772,0.32
2026-09-27,773,0.42
2026-09-27,774,0.19
2026-09-27,775,0.28
2026-09-27,776,0.48
2026-09-27,777,0.31
2026-09-27,778,0.27
2026-09-27,779,0.09
2026-09-27,780,0.36
2026-09-27,781,0.32
2026-09-27,782,0.5
2026-09-27,783,0.31
2026-09-27,784,0.69
2026-09-27,785,1.31
2026-09-27,786,0.63
2026-09-27,787,1.01
2026-09-27,788,0.61
2026-09-27,789,0.44
2026-09-27,790,0.16
2026-09-27,791,0.85
2026-09-27,792,0.9
2026-09-27,793,0.32
2026-09-27,794,0.47
2026-09-27,795,0.81
2026-09-27,796,0.51
2026-09-27,797,0.59
2026-09-27,798,0.4
2026-09-27,799,0.62
2026-09-27,800,0.2
2026-09-27,801,0.39
2026-09-27,802,0.62
2026-09-27,803,0.2
2026-09-27,804,0.52
2026-09-27,805,0.24
2026-09-27,806,0.61
2026-09-27,807,0.75
2026-09-27,808,0.43
2026-09-27,809,0.62
2026-09-27,810,0.74
2026-09-27,811,1.52
2026-09-27,812,0.7
2026-09-27,813,0.48
2026-09-27,814,0.51
2026-09-27,815,0.52
2026-09-27,816,0.4
2026-09-27,817,0.37
2026-09-27,818,0.2
2026-09-27,819,0.37
2026-09-27,820,0.12
2026-09-27,821,0.83
2026-09-27,822,1.21
2026-09-27,823,0.84
2026-09-27,824,0.55
2026-09-27,825,0.28
2026-09-27,826,0.25
2026-09-27,827,0.34
2026-09-27,828,0.52
2026-09-27,829,0.57
2026-09-27,830,0.41
2026-09-27,831,0.26
2026-09-27,832,0.35
2026-09-27,833,0.16
2026-09-27,834,0.13
2026-09-27,835,0.39
2026-09-27,836,0.37
2026-09-27,837,0.31
2026-09-27,838,0.23
2026-09-27,839,0.47
2026-09-27,840,0.25
2026-09-27,841,0.19
2026-09-27,842,0.35
2026-09-27,843,0.25
2026-09-27,844,0.15
2026-09-27,845,0.18
2026-09-27,846,0.24
2026-09-27,847,0.1
2026-09-27,848,0.17
2026-09-27,849,0.29
2026-09-27,850,0.18
2026-09-27,851,0.21
2026-09-27,852,0.18
2026-09-27,853,0.34
2026-09-27,854,0.29
2026-09-27,855,0.34
2026-09-27,856,0.11
2026-09-27,857,0.31
2026-09-27,858,0.2
2026-09-27,859,0.2
2026-09-27,860,0.1
2026-09-27,861,0.24
2026-09-27,862,0.12
2026-09-27,863,0.23
2026-09-27,864,0.31
2026-09-27,865,0.31
2026-09-27,866,0.35
2026-09-27,867,0.08
2026-09-27,868,0.15
2026-09-27,869,0.27
2026-09-27,870,0.19
2026-09-27,871,0.3
2026-09-27,872,0.13
2026-09-27,873,0.12
2026-09-27,874,0.1
2026-09-27,875,0.1
2026-09-27,876,0.27
2026-09-27,877,0.23
2026-09-27,878,0.1
2026-09-27,879,0.17
2026-09-27,880,0.15
2026-09-27,881,0.11
2026-09-27,882,0.18
2026-09-27,883,0.27
2026-09-27,884,0.11
2026-09-27,885,0.26
2026-09-27,886,0.26
2026-09-27,887,0.22
2026-09-27,888,0.17
2026-09-27,889,0.14
2026-09-27,890,0.18
2026-09-27,891,0.18
2026-09-27,892,0.24
2026-09-27,893,0.16
2026-09-27,894,0.13
2026-09-27,895,0.26
2026-09-27,896,0.17
2026-09-27,897,0.41
2026-09-27,898,0.37
2026-09-27,899,0.2
2026-09-27,900,0.19
2026-09-27,901,0.23
2026-09-27,902,0.2
2026-09-27,903,0.22
2026-09-27,904,0.19
2026-09-27,905,0.19
2026-09-27,906,0.26
2026-09-27,907,0.12
2026-09-27,908,0.23
2026-09-27,909,0.3
2026-09-27,910,0.25
2026-09-27,911,0.19
2026-09-27,912,0.1
2026-09-27,913,0.08
2026-09-27,914,0.26
2026-09-27,915,0.37
2026-09-27,916,0.14
2026-09-27,917,0.19
2026-09-27,918,0.09
2026-09-27,919,0.1
2026-09-27,920,0.17
2026-09-27,921,0.24
2026-09-27,922,0.29
2026-09-27,923,0.29
2026-09-27,924,0.37
2026-09-27,925,0.35
2026-09-27,926,0.29
2026-09-27,927,0.28
2026-09-27,928,0.39
2026-09-27,929,0.19
2026-09-27,930,0.33
2026-09-27,931,0.39
2026-09-27,932,0.4
2026-09-27,933,0.4
2026-09-27,934,0.36
2026-09-27,935,0.16
2026-09-27,936,0.13
2026-09-27,937,0.12
2026-09-27,938,0.1
2026-09-27,939,0.36
2026-09-27,940,0.35
2026-09-27,941,0.1
2026-09-27,942,0.13
2026-09-27,943,0.36
2026-09-27,944,0.09
2026-09-27,945,0.21
2026-09-27,946,0.23
2026-09-27,947,0.2
2026-09-27,948,0.25
2026-09-27,949,0.24
2026-09-27,950,0.21
2026-09-27,951,0.28
2026-09-27,952,0.17
2026-09-27,953,0.32
2026-09-27,954,0.22
2026-09-27,955,0.18
2026-09-27,956,0.14
2026-09-27,957,0.21
2026-09-27,958,0.26
2026-09-27,959,0.34
2026-09-27,960,0.22
2026-09-27,961,0.15
2026-09-27,962,0.22
2026-09-27,963,0.16
2026-09-27,964,0.09
2026-09-27,965,0.07
2026-09-27,966,0.22
2026-09-27,967,0.17
2026-09-27,968,0.23
2026-09-27,969,0.35
2026-09-27,970,0.32
2026-09-27,971,0.2
2026-09-27,972,0.09
2026-09-27,973,0.08
2026-09-27,974,0.1
2026-09-27,975,0.09
2026-09-27,976,0.16
2026-09-27,977,0.2
2026-09-27,978,0.12
2026-09-27,979,0.33
2026-09-27,980,0.35
2026-09-27,981,0.16
2026-09-27,982,0.18
2026-09-27,983,0.36
2026-09-27,984,0.31
2026-09-27,985,0.28
2026-09-27,986,0.2
2026-09-27,987,0.18
2026-09-27,988,0.18
2026-09-27,989,0.21
2026-09-27,990,0.1
2026-09-27,991,0.2
2026-09-27,992,0.13
2026-09-27,993,0.13
2026-09-27,994,0.17
2026-09-27,995,0.12
2026-09-27,996,0.16
2026-09-27,997,0.2
2026-09-27,998,0.12
2026-09-27,999,0.1
2026-09-27,1000,0.14
2026-09-27,1001,0.11
2026-09-27,1002,0.18
2026-09-27,1003,0.23
2026-09-27,1004,0.15
2026-09-27,1005,0.18
2026-09-27,1006,0.22
2026-09-27,1007,0.2
2026-09-27,1008,0.08
2026-09-27,1009,0.13
2026-09-27,1010,0.15
2026-09-27,1011,0.13
2026-09-27,1012,0.29
2026-09-27,1013,0.19
2026-09-27,1014,0.19
2026-09-27,1015,0.32
2026-09-27,1016,0.15
2026-09-27,1017,0.09
2026-09-27,1018,0.07
2026-09-27,1019,0.21
2026-09-27,1020,0.06
2026-09-27,1021,0.13
2026-09-27,1022,0.11
2026-09-27,1023,0.09
2026-09-27,1024,0.32
2026-09-27,1025,0.12
2026-09-27,1026,0.31
2026-09-27,1027,0.28
2026-09-27,1028,0.15
2026-09-27,1029,0.28
2026-09-27,1030,0.19
2026-09-27,1031,0.12
2026-09-27,1032,0.15
2026-09-27,1033,0.09
2026-09-27,1034,0.16
2026-09-27,1035,0.08
2026-09-27,1036,0.19
2026-09-27,1037,0.19
2026-09-27,1038,0.19
2026-09-27,1039,0.18
2026-09-27,1040,0.27
2026-09-27,1041,0.13
2026-09-27,1042,0.46
2026-09-27,1043,0.24
2026-09-27,1044,0.1
2026-09-27,1045,0.13
2026-09-27,1046,0.11
2026-09-27,1047,0.52
2026-09-27,1048,0.26
2026-09-27,1049,0.57
2026-09-27,1050,0.45
2026-09-27,1051,0.1
2026-09-27,1052,0.73
2026-09-27,1053,0.16
2026-09-27,1054,0.36
2026-09-27,1055,0.14
2026-09-27,1056,0.48
2026-09-27,1057,0.5
2026-09-27,1058,0.56
2026-09-27,1059,0.3
2026-09-27,1060,0.24
2026-09-27,1061,0.65
2026-09-27,1062,0.12
2026-09-27,1063,0.45
2026-09-27,1064,0.14
2026-09-27,1065,0.55
2026-09-27,1066,0.12
2026-09-27,1067,0.66
2026-09-27,1068,0.31
2026-09-27,1069,0.86
2026-09-27,1070,0.16
2026-09-27,1071,0.65
2026-09-27,1072,0.69
2026-09-27,1073,0.47
2026-09-27,1074,0.19
2026-09-27,1075,0.35
2026-09-27,1076,0.19
2026-09-27,1077,0.14
2026-09-27,1078,0.36
2026-09-27,1079,0.29
2026-09-27,1080,0.24
2026-09-27,1081,0.16
2026-09-27,1082,0.46
2026-09-27,1083,0.6
2026-09-27,1084,1.04
2026-09-27,1085,0.72
2026-09-27,1086,0.14
2026-09-27,1087,0.25
2026-09-27,1088,0.3
2026-09-27,1089,0.42
2026-09-27,1090,0.3
2026-09-27,1091,0.37
2026-09-27,1092,0.21
2026-09-27,1093,0.18
2026-09-27,1094,0.1
2026-09-27,1095,0.27
2026-09-27,1096,0.23
2026-09-27,1097,0.22
2026-09-27,1098,0.18
2026-09-27,1099,0.2
2026-09-27,1100,0.2
2026-09-27,1101,0.16
2026-09-27,1102,0.11
2026-09-27,1103,0.11
2026-09-27,1104,0.52
2026-09-27,1105,0.32
2026-09-27,1106,0.21
2026-09-27,1107,0.17
2026-09-27,1108,0.23
2026-09-27,1109,0.16
2026-09-27,1110,0.34
2026-09-27,1111,0.62
2026-09-27,1112,0.51
2026-09-27,1113,0.41
2026-09-27,1114,0.32
2026-09-27,1115,0.2
2026-09-27,1116,0.38
2026-09-27,1117,0.5
2026-09-27,1118,0.2
2026-09-27,1119,0.16
2026-09-27,1120,0.39
2026-09-27,1121,0.13
2026-09-27,1122,0.21
2026-09-27,1123,0.14
2026-09-27,1124,0.15
2026-09-27,1125,0.22
2026-09-27,1126,0.42
2026-09-27,1127,0.3
2026-09-27,1128,0.3
2026-09-27,1129,0.2
2026-09-27,1130,0.17
2026-09-27,1131,0.14
2026-09-27,1132,0.26
2026-09-27,1133,0.24
2026-09-27,1134,0.23
2026-09-27,1135,0.19
2026-09-27,1136,0.24
2026-09-27,1137,0.16
2026-09-27,1138,0.15
2026-09-27,1139,0.1
2026-09-27,1140,0.26
2026-09-27,1141,0.35
2026-09-27,1142,0.3
2026-09-27,1143,0.39
2026-09-27,1144,0.21
2026-09-27,1145,0.18
2026-09-27,1146,0.16
2026-09-27,1147,0.35
2026-09-27,1148,0.42
2026-09-27,1149,0.2
2026-09-27,1150,0.25
2026-09-27,1151,0.2
2026-09-27,1152,0.2
2026-09-27,1153,0.16
2026-09-27,1154,0.14
2026-09-27,1155,0.18
2026-09-27,1156,0.28
2026-09-27,1157,0.24
2026-09-27,1158,0.21
2026-09-27,1159,0.22
2026-09-27,1160,0.24
2026-09-27,1161,0.19
2026-09-27,1162,0.2
2026-09-27,1163,0.15
2026-09-27,1164,0.15
2026-09-27,1165,0.19
2026-09-27,1166,0.1
2026-09-27,1167,0.13
2026-09-27,1168,0.11
2026-09-27,1169,0.28
2026-09-27,1170,0.17
2026-09-27,1171,0.11
2026-09-27,1172,0.15
2026-09-27,1173,0.14
2026-09-27,1174,0.16
2026-09-27,1175,0.09
2026-09-27,1176,0.09
2026-09-27,1177,0.14
2026-09-27,1178,0.1
2026-09-27,1179,0.14
2026-09-27,1180,0.18
2026-09-27,1181,0.08
2026-09-27,1182,0.19
2026-09-27,1183,0.07
2026-09-27,1184,0.19
2026-09-27,1185,0.14
2026-09-27,1186,0.15
2026-09-27,1187,0.2
2026-09-27,1188,0.1
2026-09-27,1189,0.2
2026-09-27,1190,0.26
2026-09-27,1191,0.1
2026-09-27,1192,0.08
2026-09-27,1193,0.24
2026-09-27,1194,0.1
2026-09-27,1195,0.13
2026-09-27,1196,0.14
2026-09-27,1197,0.11
2026-09-27,1198,0.1
2026-09-27,1199,0.08
2026-09-27,1200,0.11
2026-09-27,1201,0.18
2026-09-27,1202,0.3
2026-09-27,1203,0.23
2026-09-27,1204,0.15
2026-09-27,1205,0.12
2026-09-27,1206,0.13
2026-09-27,1207,0.14
2026-09-27,1208,0.19
2026-09-27,1209,0.23
2026-09-27,1210,0.16
2026-09-27,1211,0.19
2026-09-27,1212,0.12
2026-09-27,1213,0.3
2026-09-27,1214,0.17
2026-09-27,1215,0.07
2026-09-27,1216,0.17
2026-09-27,1217,0.39
2026-09-27,1218,0.35
2026-09-27,1219,0.1
2026-09-27,1220,0.16
2026-09-27,1221,0.25
2026-09-27,1222,0.12
2026-09-27,1223,0.23
2026-09-27,1224,0.23
2026-09-27,1225,0.25
2026-09-27,1226,0.2
2026-09-27,1227,0.1
2026-09-27,1228,0.22
2026-09-27,1229,0.37
2026-09-27,1230,0.11
2026-09-27,1231,0.2
2026-09-27,1232,0.1
2026-09-27,1233,0.21
2026-09-27,1234,0.15
2026-09-27,1235,0.15
2026-09-27,1236,0.26
2026-09-27,1237,0.12
2026-09-27,1238,0.24
2026-09-27,1239,0.13
2026-09-27,1240,0.21
2026-09-27,1241,0.11
2026-09-27,1242,0.25
2026-09-27,1243,0.18
2026-09-27,1244,0.26
2026-09-27,1245,0.12
2026-09-27,1246,0.12
2026-09-27,1247,0.22
2026-09-27,1248,0.09
2026-09-27,1249,0.12
2026-09-27,1250,0.16
2026-09-27,1251,0.18
2026-09-27,1252,0.14
2026-09-27,1253,0.21
2026-09-27,1254,0.11
2026-09-27,1255,0.15
2026-09-27,1256,0.2
2026-09-27,1257,0.1
2026-09-27,1258,0.1
2026-09-27,1259,0.14
2026-09-27,1260,0.11
2026-09-27,1261,0.17
2026-09-27,1262,0.09
2026-09-27,1263,0.2
2026-09-27,1264,0.18
2026-09-27,1265,0.05
2026-09-27,1266,0.08
2026-09-27,1267,0.08
2026-09-27,1268,0.09
2026-09-27,1269,0.09
2026-09-27,1270,0.11
2026-09-27,1271,0.06
2026-09-27,1272,0.11
2026-09-27,1273,0.07
2026-09-27,1274,0.18
2026-09-27,1275,0.07
2026-09-27,1276,0.1
2026-09-27,1277,0.13
2026-09-27,1278,0.11
2026-09-27,1279,0.11
2026-09-27,1280,0.08
2026-09-27,1281,0.02
2026-09-27,1282,0.1
2026-09-27,1283,0.08
2026-09-27,1284,0.08
2026-09-27,1285,0.1
2026-09-27,1286,0.14
2026-09-27,1287,0.1
2026-09-27,1288,0.1
2026-09-27,1289,0.11
2026-09-27,1290,0.06
2026-09-27,1291,0.08
2026-09-27,1292,0.1
2026-09-27,1293,0.09
2026-09-27,1294,0.14
2026-09-27,1295,0.11
2026-09-27,1296,0.1
2026-09-27,1297,0.12
2026-09-27,1298,0.11
2026-09-27,1299,0.1
2026-09-27,1300,0.05
2026-09-27,1301,0.07
2026-09-27,1302,0.14
2026-09-27,1303,0.09
2026-09-27,1304,0.16
2026-09-27,1305,0.08
2026-09-27,1306,0.1
2026-09-27,1307,0.05
2026-09-27,1308,0.04
2026-09-27,1309,0.13
2026-09-27,1310,0.16
2026-09-27,1311,0.2
2026-09-27,1312,0.11
2026-09-27,1313,0.07
2026-09-27,1314,0.08
2026-09-27,1315,0.11
2026-09-27,1316,0.05
2026-09-27,1317,0.07
2026-09-27,1318,0.09
2026-09-27,1319,0.11
2026-09-27,1320,0.4
2026-09-27,1321,0.28
2026-09-27,1322,0.21
2026-09-27,1323,0.19
2026-09-27,1324,0.21
2026-09-27,1325,0.1
2026-09-27,1326,0.28
2026-09-27,1327,0.5
2026-09-27,1328,0.47
2026-09-27,1329,0.47
2026-09-27,1330,0.19
2026-09-27,1331,0.19
2026-09-27,1332,0.2
2026-09-27,1333,0.17
2026-09-27,1334,0.11
2026-09-27,1335,0.12
2026-09-27,1336,0.14
2026-09-27,1337,0.2
2026-09-27,1338,0.52
2026-09-27,1339,0.66
2026-09-27,1340,0.37
2026-09-27,1341,0.15
2026-09-27,1342,0.67
2026-09-27,1343,0.41
2026-09-27,1344,0.26
2026-09-27,1345,0.27
2026-09-27,1346,0.18
2026-09-27,1347,0.16
2026-09-27,1348,0.24
2026-09-27,1349,0.14
2026-09-27,1350,0.22
2026-09-27,1351,0.27
2026-09-27,1352,0.27
2026-09-27,1353,0.07
2026-09-27,1354,0.3
2026-09-27,1355,0.19
2026-09-27,1356,0.09
2026-09-27,1357,0.26
2026-09-27,1358,0.23
2026-09-27,1359,0.11
2026-09-27,1360,0.19
2026-09-27,1361,0.27
2026-09-27,1362,0.27
2026-09-27,1363,0.16
2026-09-27,1364,0.11
2026-09-27,1365,0.14
2026-09-27,1366,0.09
2026-09-27,1367,0.21
2026-09-27,1368,0.21
2026-09-27,1369,0.1
2026-09-27,1370,0.4
2026-09-27,1371,0.1
2026-09-27,1372,0.15
2026-09-27,1373,0.27
2026-09-27,1374,0.24
2026-09-27,1375,0.1
2026-09-27,1376,0.09
2026-09-27,1377,0.12
2026-09-27,1378,0.28
2026-09-27,1379,0.18
2026-09-27,1380,0.14
2026-09-27,1381,0.42
2026-09-27,1382,0.21
2026-09-27,1383,0.7
2026-09-27,1384,0.47
2026-09-27,1385,0.51
2026-09-27,1386,0.68
2026-09-27,1387,0.19
2026-09-27,1388,0.39
2026-09-27,1389,0.22
2026-09-27,1390,0.38
2026-09-27,1391,0.36
2026-09-27,1392,0.25
2026-09-27,1393,0.32
2026-09-27,1394,0.29
2026-09-27,1395,0.15
2026-09-27,1396,0.11
2026-09-27,1397,0.39
2026-09-27,1398,0.45
2026-09-27,1399,0.29
2026-09-27,1400,0.3
2026-09-27,1401,0.31
2026-09-27,1402,0.3
2026-09-27,1403,0.09
2026-09-27,1404,0.14
2026-09-27,1405,0.1
2026-09-27,1406,0.24
2026-09-27,1407,0.1
2026-09-27,1408,0.4
2026-09-27,1409,0.2
2026-09-27,1410,0.32
2026-09-27,1411,0.33
2026-09-27,1412,0.29
2026-09-27,1413,0.26
2026-09-27,1414,0.25
2026-09-27,1415,0.35
2026-09-27,1416,0.1
2026-09-27,1417,0.34
2026-09-27,1418,0.2
2026-09-27,1419,0.11
2026-09-27,1420,0.17
2026-09-27,1421,0.51
2026-09-27,1422,0.18
2026-09-27,1423,0.19
2026-09-27,1424,0.3
2026-09-27,1425,0.44
2026-09-27,1426,0.25
2026-09-27,1427,0.32
2026-09-27,1428,0.11
2026-09-27,1429,0.22
2026-09-27,1430,0.21
2026-09-27,1431,0.1
2026-09-27,1432,0.18
2026-09-27,1433,0.17
2026-09-27,1434,0.1
2026-09-27,1435,0.1
2026-09-27,1436,0.13
2026-09-27,1437,0.1
2026-09-27,1438,0.2
2026-09-27,1439,0.09
2026-09-28,1,0.17
2026-09-28,2,0.09
2026-09-28,3,0.2
2026-09-28,4,0.06
2026-09-28,5,0.26
2026-09-28,6,0.14
2026-09-28,7,0.35
2026-09-28,8,0.15
2026-09-28,9,0.15
2026-09-28,10,0.15
2026-09-28,11,0.13
2026-09-28,12,0.1
2026-09-28,13,0.16
2026-09-28,14,0.18
2026-09-28,15,0.18
2026-09-28,16,0.12
2026-09-28,17,0.33
2026-09-28,18,0.05
2026-09-28,19,0.14
2026-09-28,20,0.05
2026-09-28,21,0.17
2026-09-28,22,0.2
2026-09-28,23,0.14
2026-09-28,24,0.09
2026-09-28,25,0.09
2026-09-28,26,0.08
2026-09-28,27,0.14
2026-09-28,28,0.17
2026-09-28,29,0.14
2026-09-28,30,0.13
2026-09-28,31,0.08
2026-09-28,32,0.09
2026-09-28,33,0.05
2026-09-28,34,0.2
2026-09-28,35,0.39
2026-09-28,36,0.24
2026-09-28,37,0.37
2026-09-28,38,0.23
2026-09-28,39,0.07
2026-09-28,40,0.07
2026-09-28,41,0.1
2026-09-28,42,0.17
2026-09-28,43,0.19
2026-09-28,44,0.13
2026-09-28,45,0.1
2026-09-28,46,0.09
2026-09-28,47,0.18
2026-09-28,48,0.12
2026-09-28,49,0.11
2026-09-28,50,0.09
2026-09-28,51,0.1
2026-09-28,52,0.08
2026-09-28,53,0.06
2026-09-28,54,0.12
2026-09-28,55,0.11
2026-09-28,56,0.15
2026-09-28,57,0.09
2026-09-28,58,0.12
2026-09-28,59,0.2
2026-09-28,60,0.2
2026-09-28,61,0.08
2026-09-28,62,0.1
2026-09-28,63,0.09
2026-09-28,64,0.09
2026-09-28,65,0.1
2026-09-28,66,0.1
2026-09-28,67,0.13
2026-09-28,68,0.04
2026-09-28,69,0.11
2026-09-28,70,0.12
2026-09-28,71,0.11
2026-09-28,72,0.07
2026-09-28,73,0.04
2026-09-28,74,0.1
2026-09-28,75,0.06
2026-09-28,76,0.14
2026-09-28,77,0.19
2026-09-28,78,0.11
2026-09-28,79,0.09
2026-09-28,80,0.03
2026-09-28,81,0.11
2026-09-28,82,0.1
2026-09-28,83,0.11
2026-09-28,84,0.11
2026-09-28,85,0.27
2026-09-28,86,0.15
2026-09-28,87,0.2
2026-09-28,88,0.08
2026-09-28,89,0.17
2026-09-28,90,0.15
2026-09-28,91,0.18
2026-09-28,92,0.17
2026-09-28,93,0.2
2026-09-28,94,0.2
2026-09-28,95,0.2
2026-09-28,96,0.13
2026-09-28,97,0.17
2026-09-28,98,0.1
2026-09-28,99,0.09
2026-09-28,100,0.21
2026-09-28,101,0.11
2026-09-28,102,0.14
2026-09-28,103,0.11
2026-09-28,104,0.22
2026-09-28,105,0.19
2026-09-28,106,0.18
2026-09-28,107,0.1
2026-09-28,108,0.1
2026-09-28,109,0.08
2026-09-28,110,0.1
2026-09-28,111,0.16
2026-09-28,112,0.11
2026-09-28,113,0.18
2026-09-28,114,0.18
2026-09-28,115,0.1
2026-09-28,116,0.19
2026-09-28,117,0.09
2026-09-28,118,0.06
2026-09-28,119,0.09
2026-09-28,120,0.11
2026-09-28,121,0.13
2026-09-28,122,0.1
2026-09-28,123,0.12
2026-09-28,124,0.1
2026-09-28,125,0.27
2026-09-28,126,0.27
2026-09-28,127,0.1
2026-09-28,128,0.1
2026-09-28,129,0.2
2026-09-28,130,0.1
2026-09-28,131,0.19
2026-09-28,132,0.21
2026-09-28,133,0.11
2026-09-28,134,0.17
2026-09-28,135,0.1
2026-09-28,136,0.24
2026-09-28,137,0.3
2026-09-28,138,0.27
2026-09-28,139,0.31
2026-09-28,140,0.19
2026-09-28,141,0.09
2026-09-28,142,0.15
2026-09-28,143,0.08
2026-09-28,144,0.06
2026-09-28,145,0.07
2026-09-28,146,0.24
2026-09-28,147,0.15
2026-09-28,148,0.1
2026-09-28,149,0.1
2026-09-28,150,0.09
2026-09-28,151,0.16
2026-09-28,152,0.31
2026-09-28,153,0.16
2026-09-28,154,0.1
2026-09-28,155,0.17
2026-09-28,156,0.17
2026-09-28,157,0.29
2026-09-28,158,0.32
2026-09-28,159,0.36
2026-09-28,160,0.2
2026-09-28,161,0.13
2026-09-28,162,0.19
2026-09-28,163,0.22
2026-09-28,164,0.18
2026-09-28,165,0.17
2026-09-28,166,0.11
2026-09-28,167,0.17
2026-09-28,168,0.2
2026-09-28,169,0.31
2026-09-28,170,0.21
2026-09-28,171,0.1
2026-09-28,172,0.24
2026-09-28,173,0.21
2026-09-28,174,0.15
2026-09-28,175,0.2
2026-09-28,176,0.19
2026-09-28,177,0.25
2026-09-28,178,0.43
2026-09-28,179,0.22
2026-09-28,180,0.23
2026-09-28,181,0.2
2026-09-28,182,0.25
2026-09-28,183,0.15
2026-09-28,184,0.11
2026-09-28,185,0.37
2026-09-28,186,0.36
2026-09-28,187,0.47
2026-09-28,188,0.44
2026-09-28,189,0.32
2026-09-28,190,0.3
2026-09-28,191,0.61
2026-09-28,192,0.5
2026-09-28,193,0.78
2026-09-28,194,0.53
2026-09-28,195,0.47
2026-09-28,196,0.36
2026-09-28,197,0.36
2026-09-28,198,0.15
2026-09-28,199,0.09
2026-09-28,200,0.22
2026-09-28,201,0.48
2026-09-28,202,0.29
2026-09-28,203,0.24
2026-09-28,204,0.2
2026-09-28,205,0.14
2026-09-28,206,0.21
2026-09-28,207,0.16
2026-09-28,208,0.32
2026-09-28,209,0.35
2026-09-28,210,0.23
2026-09-28,211,0.26
2026-09-28,212,0.07
2026-09-28,213,0.28
2026-09-28,214,0.18
2026-09-28,215,0.09
2026-09-28,216,0.12
2026-09-28,217,0.1
2026-09-28,218,0.17
2026-09-28,219,0.19
2026-09-28,220,0.09
2026-09-28,221,0.12
2026-09-28,222,0.09
2026-09-28,223,0.1
2026-09-28,224,0.18
2026-09-28,225,0.22
2026-09-28,226,0.12
2026-09-28,227,0.39
2026-09-28,228,0.22
2026-09-28,229,0.22
2026-09-28,230,0.35
2026-09-28,231,0.15
2026-09-28,232,0.21
2026-09-28,233,0.2
2026-09-28,234,0.1
2026-09-28,235,0.16
2026-09-28,236,0.1
2026-09-28,237,0.19
2026-09-28,238,0.19
2026-09-28,239,0.27
2026-09-28,240,0.41
2026-09-28,241,0.43
2026-09-28,242,0.38
2026-09-28,243,0.29
2026-09-28,244,0.29
2026-09-28,245,0.22
2026-09-28,246,0.2
2026-09-28,247,0.66
2026-09-28,248,0.44
2026-09-28,249,0.88
2026-09-28,250,0.21
2026-09-28,251,1.04
2026-09-28,252,0.41
2026-09-28,253,0.43
2026-09-28,254,0.43
2026-09-28,255,0.64
2026-09-28,256,0.22
2026-09-28,257,0.39
2026-09-28,258,0.19
2026-09-28,259,0.32
2026-09-28,260,0.17
2026-09-28,261,0.18
2026-09-28,262,0.4
2026-09-28,263,0.32
2026-09-28,264,0.18
2026-09-28,265,0.27
2026-09-28,266,0.25
2026-09-28,267,0.24
2026-09-28,268,0.41
2026-09-28,269,0.32
2026-09-28,270,0.27
2026-09-28,271,0.33
2026-09-28,272,0.21
2026-09-28,273,0.73
2026-09-28,274,0.39
2026-09-28,275,0.06
2026-09-28,276,0.37
2026-09-28,277,0.42
2026-09-28,278,0.48
2026-09-28,279,0.22
2026-09-28,280,0.27
2026-09-28,281,0.14
2026-09-28,282,0.05
2026-09-28,283,0.15
2026-09-28,284,0.62
2026-09-28,285,0.15
2026-09-28,286,0.18
2026-09-28,287,0.27
2026-09-28,288,0.38
2026-09-28,289,0.22
2026-09-28,290,0.3
2026-09-28,291,0.18
2026-09-28,292,0.19
2026-09-28,293,0.18
2026-09-28,294,0.5
2026-09-28,295,0.36
2026-09-28,296,0.35
2026-09-28,297,0.36
2026-09-28,298,0.29
2026-09-28,299,0.15
2026-09-28,300,0.11
2026-09-28,301,0.16
2026-09-28,302,0.32
2026-09-28,303,0.15
2026-09-28,304,0.3
2026-09-28,305,0.35
2026-09-28,306,0.16
2026-09-28,307,0.37
2026-09-28,308,0.47
2026-09-28,309,0.37
2026-09-28,310,0.23
2026-09-28,311,0.65
2026-09-28,312,0.3
2026-09-28,313,0.25
2026-09-28,314,0.45
2026-09-28,315,0.24
2026-09-28,316,0.19
2026-09-28,317,0.49
2026-09-28,318,0.19
2026-09-28,319,0.35
2026-09-28,320,0.16
2026-09-28,321,0.49
2026-09-28,322,0.21
2026-09-28,323,0.3
2026-09-28,324,0.09
2026-09-28,325,0.33
2026-09-28,326,0.3
2026-09-28,327,0.21
2026-09-28,328,0.77
2026-09-28,329,0.11
2026-09-28,330,0.29
2026-09-28,331,0.46
2026-09-28,332,0.28
2026-09-28,333,0.3
2026-09-28,334,0.76
2026-09-28,335,0.11
2026-09-28,336,0.1
2026-09-28,337,0.42
2026-09-28,338,0.27
2026-09-28,339,0.15
2026-09-28,340,0.52
2026-09-28,341,0.14
2026-09-28,342,0.55
2026-09-28,343,0.31
2026-09-28,344,0.62
2026-09-28,345,0.32
2026-09-28,346,0.2
2026-09-28,347,0.51
2026-09-28,348,0.63
2026-09-28,349,0.76
2026-09-28,350,0.59
2026-09-28,351,0.24
2026-09-28,352,0.97
2026-09-28,353,0.53
2026-09-28,354,0.48
2026-09-28,355,0.29
2026-09-28,356,0.3
2026-09-28,357,0.25
2026-09-28,358,0.59
2026-09-28,359,0.64
2026-09-28,360,0.21
2026-09-28,361,0.53
2026-09-28,362,0.48
2026-09-28,363,0.25
2026-09-28,364,0.71
2026-09-28,365,0.16
2026-09-28,366,0.5
2026-09-28,367,0.72
2026-09-28,368,0.59
2026-09-28,369,0.45
2026-09-28,370,0.16
2026-09-28,371,0.19
2026-09-28,372,0.42
2026-09-28,373,0.43
2026-09-28,374,0.42
2026-09-28,375,0.22
2026-09-28,376,0.84
2026-09-28,377,0.19
2026-09-28,378,0.67
2026-09-28,379,0.51
2026-09-28,380,0.12
2026-09-28,381,0.62
2026-09-28,382,0.28
2026-09-28,383,0.39
2026-09-28,384,0.31
2026-09-28,385,0.61
2026-09-28,386,0.61
2026-09-28,387,0.35
2026-09-28,388,0.12
2026-09-28,389,0.22
2026-09-28,390,0.23
2026-09-28,391,0.11
2026-09-28,392,0.36
2026-09-28,393,0.39
2026-09-28,394,0.2
2026-09-28,395,0.32
2026-09-28,396,0.18
2026-09-28,397,0.21
2026-09-28,398,0.58
2026-09-28,399,0.7
2026-09-28,400,0.29
2026-09-28,401,0.52
2026-09-28,402,0.5
2026-09-28,403,0.39
2026-09-28,404,0.33
2026-09-28,405,0.21
2026-09-28,406,0.65
2026-09-28,407,0.45
2026-09-28,408,0.5
2026-09-28,409,0.41
2026-09-28,410,0.4
2026-09-28,411,0.44
2026-09-28,412,0.35
2026-09-28,413,0.27
2026-09-28,414,0.69
2026-09-28,415,0.9
2026-09-28,416,0.29
2026-09-28,417,0.39
2026-09-28,418,0.37
2026-09-28,419,0.39
2026-09-28,420,0.14
2026-09-28,421,0.29
2026-09-28,422,0.18
2026-09-28,423,0.5
2026-09-28,424,0.39
2026-09-28,425,0.3
2026-09-28,426,0.57
2026-09-28,427,0.58
2026-09-28,428,0.21
2026-09-28,429,0.2
2026-09-28,430,0.57
2026-09-28,431,0.72
2026-09-28,432,0.15
2026-09-28,433,0.28
2026-09-28,434,0.36
2026-09-28,435,0.34
2026-09-28,436,0.21
2026-09-28,437,0.27
2026-09-28,438,0.4
2026-09-28,439,0.32
2026-09-28,440,0.26
2026-09-28,441,0.12
2026-09-28,442,0.29
2026-09-28,443,0.2
2026-09-28,444,0.31
2026-09-28,445,0.22
2026-09-28,446,0.76
2026-09-28,447,0.44
2026-09-28,448,0.3
2026-09-28,449,0.17
2026-09-28,450,0.3
2026-09-28,451,0.17
2026-09-28,452,0.32
2026-09-28,453,0.17
2026-09-28,454,0.13
2026-09-28,455,0.24
2026-09-28,456,0.3
2026-09-28,457,0.2
2026-09-28,458,0.32
2026-09-28,459,0.08
2026-09-28,460,0.16
2026-09-28,461,0.32
2026-09-28,462,0.18
2026-09-28,463,0.49
2026-09-28,464,0.14
2026-09-28,465,0.39
2026-09-28,466,0.31
2026-09-28,467,0.38
2026-09-28,468,0.23
2026-09-28,469,0.23
2026-09-28,470,0.34
2026-09-28,471,0.16
2026-09-28,472,0.51
2026-09-28,473,0.61
2026-09-28,474,0.41
2026-09-28,475,0.39
2026-09-28,476,0.24
2026-09-28,477,0.27
2026-09-28,478,0.3
2026-09-28,479,0.57
2026-09-28,480,0.3
2026-09-28,481,0.48
2026-09-28,482,0.12
2026-09-28,483,0.18
2026-09-28,484,0.41
2026-09-28,485,0.52
2026-09-28,486,0.34
2026-09-28,487,0.17
2026-09-28,488,0.47
2026-09-28,489,0.51
2026-09-28,490,0.44
2026-09-28,491,0.1
2026-09-28,492,0.24
2026-09-28,493,0.31
2026-09-28,494,0.14
2026-09-28,495,0.19
2026-09-28,496,0.44
2026-09-28,497,0.18
2026-09-28,498,0.39
2026-09-28,499,0.26
2026-09-28,500,0.45
2026-09-28,501,0.33
2026-09-28,502,0.26
2026-09-28,503,0.45
2026-09-28,504,0.26
2026-09-28,505,0.43
2026-09-28,506,0.08
2026-09-28,507,0.39
2026-09-28,508,0.47
2026-09-28,509,0.47
2026-09-28,510,0.31
2026-09-28,511,0.61
2026-09-28,512,0.3
2026-09-28,513,0.4
2026-09-28,514,0.68
2026-09-28,515,0.39
2026-09-28,516,0.61
2026-09-28,517,0.44
2026-09-28,518,0.3
2026-09-28,519,0.3
2026-09-28,520,0.17
2026-09-28,521,0.39
2026-09-28,522,0.32
2026-09-28,523,0.25
2026-09-28,524,0.1
2026-09-28,525,0.35
2026-09-28,526,0.4
2026-09-28,527,0.25
2026-09-28,528,0.56
2026-09-28,529,0.39
2026-09-28,530,0.14
2026-09-28,531,0.16
2026-09-28,532,0.26
2026-09-28,533,0.34
2026-09-28,534,0.45
2026-09-28,535,0.24
2026-09-28,536,0.55
2026-09-28,537,0.5
2026-09-28,538,0.2
2026-09-28,539,0.28
2026-09-28,540,0.22
2026-09-28,541,0.24
2026-09-28,542,0.46
2026-09-28,543,0.22
2026-09-28,544,0.8
2026-09-28,545,0.36
2026-09-28,546,0.27
2026-09-28,547,0.15
2026-09-28,548,0.32
2026-09-28,549,0.41
2026-09-28,550,0.28
2026-09-28,551,0.24
2026-09-28,552,0.57
2026-09-28,553,0.32
2026-09-28,554,0.36
2026-09-28,555,0.45
2026-09-28,556,0.2
2026-09-28,557,0.27
2026-09-28,558,0.36
2026-09-28,559,0.52
2026-09-28,560,0.3
2026-09-28,561,0.12
2026-09-28,562,0.31
2026-09-28,563,0.38
2026-09-28,564,0.12
2026-09-28,565,0.2
2026-09-28,566,0.35
2026-09-28,567,0.2
2026-09-28,568,0.14
2026-09-28,569,0.82
2026-09-28,570,0.46
2026-09-28,571,0.43
2026-09-28,572,0.21
2026-09-28,573,0.32
2026-09-28,574,0.12
2026-09-28,575,0.23
2026-09-28,576,0.24
2026-09-28,577,0.43
2026-09-28,578,0.3
2026-09-28,579,0.26
2026-09-28,580,0.39
2026-09-28,581,0.22
2026-09-28,582,0.2
2026-09-28,583,0.31
2026-09-28,584,0.3
2026-09-28,585,0.25
2026-09-28,586,0.42
2026-09-28,587,0.53
2026-09-28,588,0.48
2026-09-28,589,0.25
2026-09-28,590,0.11
2026-09-28,591,0.21
2026-09-28,592,0.87
2026-09-28,593,0.39
2026-09-28,594,0.2
2026-09-28,595,0.37
2026-09-28,596,0.29
2026-09-28,597,0.32
2026-09-28,598,0.56
2026-09-28,599,0.4
2026-09-28,600,0.31
2026-09-28,601,0.5
2026-09-28,602,0.44
2026-09-28,603,0.31
2026-09-28,604,0.16
2026-09-28,605,0.3
2026-09-28,606,0.55
2026-09-28,607,0.23
2026-09-28,608,0.58
2026-09-28,609,0.57
2026-09-28,610,1.07
2026-09-28,611,0.54
2026-09-28,612,0.57
2026-09-28,613,0.53
2026-09-28,614,0.36
2026-09-28,615,0.77
2026-09-28,616,0.34
2026-09-28,617,0.67
2026-09-28,618,0.1
2026-09-28,619,0.64
2026-09-28,620,0.81
2026-09-28,621,0.28
2026-09-28,622,0.23
2026-09-28,623,0.34
2026-09-28,624,0.59
2026-09-28,625,0.67
2026-09-28,626,0.37
2026-09-28,627,0.36
2026-09-28,628,0.5
2026-09-28,629,0.91
2026-09-28,630,0.49
2026-09-28,631,0.37
2026-09-28,632,0.65
2026-09-28,633,0.63
2026-09-28,634,0.58
2026-09-28,635,0.61
2026-09-28,636,0.51
2026-09-28,637,0.37
2026-09-28,638,0.16
2026-09-28,639,0.3
2026-09-28,640,1.05
2026-09-28,641,0.55
2026-09-28,642,0.56
2026-09-28,643,0.73
2026-09-28,644,0.96
2026-09-28,645,0.23
2026-09-28,646,0.3
2026-09-28,647,0.57
2026-09-28,648,0.76
2026-09-28,649,1.0
2026-09-28,650,0.53
2026-09-28,651,0.28
2026-09-28,652,0.52
2026-09-28,653,0.7
2026-09-28,654,0.79
2026-09-28,655,0.39
2026-09-28,656,1.32
2026-09-28,657,0.51
2026-09-28,658,0.5
2026-09-28,659,0.46
2026-09-28,660,0.5
2026-09-28,661,0.44
2026-09-28,662,0.52
2026-09-28,663,1.03
2026-09-28,664,0.29
2026-09-28,665,0.37
2026-09-28,666,1.09
2026-09-28,667,0.76
2026-09-28,668,0.6
2026-09-28,669,0.57
2026-09-28,670,0.48
2026-09-28,671,0.76
2026-09-28,672,0.14
2026-09-28,673,0.5
2026-09-28,674,0.55
2026-09-28,675,0.28
2026-09-28,676,0.17
2026-09-28,677,0.2
2026-09-28,678,0.23
2026-09-28,679,0.28
2026-09-28,680,0.34
2026-09-28,681,0.45
2026-09-28,682,0.99
2026-09-28,683,0.81
2026-09-28,684,0.66
2026-09-28,685,1.29
2026-09-28,686,0.82
2026-09-28,687,0.38
2026-09-28,688,0.2
2026-09-28,689,0.22
2026-09-28,690,0.23
2026-09-28,691,0.4
2026-09-28,692,0.51
2026-09-28,693,0.39
2026-09-28,694,0.68
2026-09-28,695,0.59
2026-09-28,696,0.47
2026-09-28,697,0.3
2026-09-28,698,0.37
2026-09-28,699,0.46
2026-09-28,700,0.43
2026-09-28,701,0.61
2026-09-28,702,0.27
2026-09-28,703,0.32
2026-09-28,704,0.2
2026-09-28,705,0.21
2026-09-28,706,0.25
2026-09-28,707,0.31
2026-09-28,708,0.67
2026-09-28,709,0.8
2026-09-28,710,0.63
2026-09-28,711,0.37
2026-09-28,712,0.4
2026-09-28,713,0.79
2026-09-28,714,0.4
2026-09-28,715,0.41
2026-09-28,716,0.25
2026-09-28,717,0.5
2026-09-28,718,0.71
2026-09-28,719,0.28
2026-09-28,720,0.56
2026-09-28,721,0.24
2026-09-28,722,0.11
2026-09-28,723,0.14
2026-09-28,724,0.33
2026-09-28,725,0.84
2026-09-28,726,0.6
2026-09-28,727,0.51
2026-09-28,728,0.71
2026-09-28,729,0.59
2026-09-28,730,0.42
2026-09-28,731,0.45
2026-09-28,732,0.36
2026-09-28,733,0.85
2026-09-28,734,0.28
2026-09-28,735,0.55
2026-09-28,736,0.26
2026-09-28,737,0.55
2026-09-28,738,0.64
2026-09-28,739,0.33
2026-09-28,740,0.18
2026-09-28,741,0.2
2026-09-28,742,0.11
2026-09-28,743,0.35
2026-09-28,744,0.43
2026-09-28,745,0.2
2026-09-28,746,0.24
2026-09-28,747,0.3
2026-09-28,748,0.31
2026-09-28,749,0.3
2026-09-28,750,0.37
2026-09-28,751,0.25
2026-09-28,752,0.34
2026-09-28,753,0.22
2026-09-28,754,0.29
2026-09-28,755,0.29
2026-09-28,756,0.68
2026-09-28,757,0.52
2026-09-28,758,1.03
2026-09-28,759,1.12
2026-09-28,760,0.84
2026-09-28,761,0.39
2026-09-28,762,0.97
2026-09-28,763,0.49
2026-09-28,764,0.19
2026-09-28,765,0.52
2026-09-28,766,0.99
2026-09-28,767,0.9
2026-09-28,768,0.58
2026-09-28,769,0.35
2026-09-28,770,0.29
2026-09-28,771,0.78
2026-09-28,772,0.3
2026-09-28,773,0.37
2026-09-28,774,0.74
2026-09-28,775,0.45
2026-09-28,776,0.35
2026-09-28,777,0.29
2026-09-28,778,0.2
2026-09-28,779,0.16
2026-09-28,780,0.24
2026-09-28,781,0.08
2026-09-28,782,0.34
2026-09-28,783,0.14
2026-09-28,784,0.58
2026-09-28,785,0.28
2026-09-28,786,0.5
2026-09-28,787,0.51
2026-09-28,788,0.06
2026-09-28,789,0.29
2026-09-28,790,0.14
2026-09-28,791,0.27
2026-09-28,792,0.74
2026-09-28,793,0.33
2026-09-28,794,0.38
2026-09-28,795,0.5
2026-09-28,796,0.29
2026-09-28,797,0.38
2026-09-28,798,0.24
2026-09-28,799,0.36
2026-09-28,800,0.25
2026-09-28,801,0.43
2026-09-28,802,0.24
2026-09-28,803,0.37
2026-09-28,804,0.18
2026-09-28,805,0.25
2026-09-28,806,0.21
2026-09-28,807,0.38
2026-09-28,808,0.64
2026-09-28,809,0.11
2026-09-28,810,0.32
2026-09-28,811,0.18
2026-09-28,812,0.13
2026-09-28,813,0.18
2026-09-28,814,0.19
2026-09-28,815,0.31
2026-09-28,816,0.61
2026-09-28,817,0.1
2026-09-28,818,0.39
2026-09-28,819,0.32
2026-09-28,820,0.44
2026-09-28,821,0.6
2026-09-28,822,0.21
2026-09-28,823,0.31
2026-09-28,824,0.23
2026-09-28,825,0.45
2026-09-28,826,0.22
2026-09-28,827,0.46
2026-09-28,828,0.41
2026-09-28,829,0.42
2026-09-28,830,0.68
2026-09-28,831,0.51
2026-09-28,832,0.23
2026-09-28,833,0.38
2026-09-28,834,0.44
2026-09-28,835,0.38
2026-09-28,836,0.22
2026-09-28,837,0.28
2026-09-28,838,0.58
2026-09-28,839,0.82
2026-09-28,840,0.6
2026-09-28,841,0.25
2026-09-28,842,0.42
2026-09-28,843,0.31
2026-09-28,844,0.14
2026-09-28,845,0.16
2026-09-28,846,0.14
2026-09-28,847,0.1
2026-09-28,848,0.31
2026-09-28,849,0.31
2026-09-28,850,0.19
2026-09-28,851,0.16
2026-09-28,852,0.12
2026-09-28,853,0.29
2026-09-28,854,0.2
2026-09-28,855,0.2
2026-09-28,856,0.1
2026-09-28,857,0.15
2026-09-28,858,0.19
2026-09-28,859,0.28
2026-09-28,860,0.33
2026-09-28,861,0.16
2026-09-28,862,0.19
2026-09-28,863,0.27
2026-09-28,864,0.25
2026-09-28,865,0.15
2026-09-28,866,0.12
2026-09-28,867,0.12
2026-09-28,868,0.24
2026-09-28,869,0.21
2026-09-28,870,0.41
2026-09-28,871,0.3
2026-09-28,872,0.2
2026-09-28,873,0.19
2026-09-28,874,0.25
2026-09-28,875,0.21
2026-09-28,876,0.36
2026-09-28,877,0.25
2026-09-28,878,0.33
2026-09-28,879,0.16
2026-09-28,880,0.22
2026-09-28,881,0.25
2026-09-28,882,0.25
2026-09-28,883,0.2
2026-09-28,884,0.65
2026-09-28,885,0.43
2026-09-28,886,0.26
2026-09-28,887,0.31
2026-09-28,888,0.21
2026-09-28,889,0.19
2026-09-28,890,0.48
2026-09-28,891,1.24
2026-09-28,892,0.96
2026-09-28,893,0.65
2026-09-28,894,0.93
2026-09-28,895,0.76
2026-09-28,896,0.46
2026-09-28,897,0.34
2026-09-28,898,0.22
2026-09-28,899,0.36
2026-09-28,900,0.33
2026-09-28,901,0.36
2026-09-28,902,0.42
2026-09-28,903,0.31
2026-09-28,904,0.21
2026-09-28,905,0.11
2026-09-28,906,0.15
2026-09-28,907,0.23
2026-09-28,908,0.18
2026-09-28,909,0.19
2026-09-28,910,0.18
2026-09-28,911,0.2
2026-09-28,912,0.15
2026-09-28,913,0.17
2026-09-28,914,0.3
2026-09-28,915,0.16
2026-09-28,916,0.29
2026-09-28,917,0.38
2026-09-28,918,0.32
2026-09-28,919,0.37
2026-09-28,920,0.17
2026-09-28,921,0.07
2026-09-28,922,0.12
2026-09-28,923,0.17
2026-09-28,924,0.13
2026-09-28,925,0.1
2026-09-28,926,0.23
2026-09-28,927,0.12
2026-09-28,928,0.13
2026-09-28,929,0.11
2026-09-28,930,0.12
2026-09-28,931,0.21
2026-09-28,932,0.12
2026-09-28,933,0.1
2026-09-28,934,0.14
2026-09-28,935,0.23
2026-09-28,936,0.18
2026-09-28,937,0.31
2026-09-28,938,0.14
2026-09-28,939,0.2
2026-09-28,940,0.4
2026-09-28,941,0.5
2026-09-28,942,0.33
2026-09-28,943,0.1
2026-09-28,944,0.29
2026-09-28,945,0.09
2026-09-28,946,0.25
2026-09-28,947,0.21
2026-09-28,948,0.12
2026-09-28,949,0.2
2026-09-28,950,0.27
2026-09-28,951,0.55
2026-09-28,952,0.36
2026-09-28,953,0.2
2026-09-28,954,0.19
2026-09-28,955,0.22
2026-09-28,956,0.11
2026-09-28,957,0.15
2026-09-28,958,0.41
2026-09-28,959,0.14
2026-09-28,960,0.15
2026-09-28,961,0.15
2026-09-28,962,0.1
2026-09-28,963,0.3
2026-09-28,964,0.25
2026-09-28,965,0.2
2026-09-28,966,0.18
2026-09-28,967,0.12
2026-09-28,968,0.16
2026-09-28,969,0.14
2026-09-28,970,0.21
2026-09-28,971,0.22
2026-09-28,972,0.22
2026-09-28,973,0.16
2026-09-28,974,0.14
2026-09-28,975,0.26
2026-09-28,976,0.2
2026-09-28,977,0.12
2026-09-28,978,0.22
2026-09-28,979,0.35
2026-09-28,980,0.13
2026-09-28,981,0.25
2026-09-28,982,0.37
2026-09-28,983,0.29
2026-09-28,984,0.26
2026-09-28,985,0.1
2026-09-28,986,0.16
2026-09-28,987,0.4
2026-09-28,988,0.13
2026-09-28,989,0.17
2026-09-28,990,0.14
2026-09-28,991,0.11
2026-09-28,992,0.25
2026-09-28,993,0.1
2026-09-28,994,0.22
2026-09-28,995,0.3
2026-09-28,996,0.16
2026-09-28,997,0.21
2026-09-28,998,0.1
2026-09-28,999,0.2
2026-09-28,1000,0.14
2026-09-28,1001,0.29
2026-09-28,1002,0.22
2026-09-28,1003,0.26
2026-09-28,1004,0.16
2026-09-28,1005,0.22
2026-09-28,1006,0.33
2026-09-28,1007,0.44
2026-09-28,1008,0.12
2026-09-28,1009,0.2
2026-09-28,1010,0.22
2026-09-28,1011,0.11
2026-09-28,1012,0.27
2026-09-28,1013,0.26
2026-09-28,1014,0.18
2026-09-28,1015,0.15
2026-09-28,1016,0.2
2026-09-28,1017,0.24
2026-09-28,1018,0.12
2026-09-28,1019,0.18
2026-09-28,1020,0.18
2026-09-28,1021,0.07
2026-09-28,1022,0.3
2026-09-28,1023,0.13
2026-09-28,1024,0.13
2026-09-28,1025,0.23
2026-09-28,1026,0.23
2026-09-28,1027,0.16
2026-09-28,1028,0.12
2026-09-28,1029,0.25
2026-09-28,1030,0.26
2026-09-28,1031,0.45
2026-09-28,1032,0.26
2026-09-28,1033,0.36
2026-09-28,1034,0.51
2026-09-28,1035,0.12
2026-09-28,1036,0.21
2026-09-28,1037,0.28
2026-09-28,1038,0.28
2026-09-28,1039,0.4
2026-09-28,1040,0.26
2026-09-28,1041,0.19
2026-09-28,1042,0.3
2026-09-28,1043,0.34
2026-09-28,1044,0.22
2026-09-28,1045,0.26
2026-09-28,1046,0.2
2026-09-28,1047,0.56
2026-09-28,1048,0.1
2026-09-28,1049,0.09
2026-09-28,1050,0.16
2026-09-28,1051,0.47
2026-09-28,1052,0.34
2026-09-28,1053,1.1
2026-09-28,1054,0.75
2026-09-28,1055,0.5
2026-09-28,1056,1.25
2026-09-28,1057,1.12
2026-09-28,1058,0.74
2026-09-28,1059,1.2
2026-09-28,1060,0.23
2026-09-28,1061,0.52
2026-09-28,1062,0.93
2026-09-28,1063,0.32
2026-09-28,1064,1.01
2026-09-28,1065,0.79
2026-09-28,1066,0.49
2026-09-28,1067,0.17
2026-09-28,1068,0.3
2026-09-28,1069,0.32
2026-09-28,1070,0.7
2026-09-28,1071,0.49
2026-09-28,1072,0.27
2026-09-28,1073,0.32
2026-09-28,1074,0.6
2026-09-28,1075,0.33
2026-09-28,1076,0.38
2026-09-28,1077,0.93
2026-09-28,1078,1.09
2026-09-28,1079,0.88
2026-09-28,1080,0.48
2026-09-28,1081,0.63
2026-09-28,1082,0.47
2026-09-28,1083,0.3
2026-09-28,1084,0.2
2026-09-28,1085,0.3
2026-09-28,1086,0.38
2026-09-28,1087,0.63
2026-09-28,1088,0.75
2026-09-28,1089,0.34
2026-09-28,1090,0.75
2026-09-28,1091,0.66
2026-09-28,1092,0.47
2026-09-28,1093,0.77
2026-09-28,1094,0.44
2026-09-28,1095,0.24
2026-09-28,1096,0.14
2026-09-28,1097,0.18
2026-09-28,1098,0.35
2026-09-28,1099,0.67
2026-09-28,1100,0.4
2026-09-28,1101,0.42
2026-09-28,1102,0.41
2026-09-28,1103,0.39
2026-09-28,1104,0.19
2026-09-28,1105,0.31
2026-09-28,1106,0.28
2026-09-28,1107,0.26
2026-09-28,1108,0.3
2026-09-28,1109,0.11
2026-09-28,1110,0.2
2026-09-28,1111,0.09
2026-09-28,1112,0.16
2026-09-28,1113,0.2
2026-09-28,1114,0.12
2026-09-28,1115,0.27
2026-09-28,1116,0.23
2026-09-28,1117,0.25
2026-09-28,1118,0.35
2026-09-28,1119,0.4
2026-09-28,1120,0.29
2026-09-28,1121,0.16
2026-09-28,1122,0.16
2026-09-28,1123,0.31
2026-09-28,1124,0.28
2026-09-28,1125,0.22
2026-09-28,1126,0.2
2026-09-28,1127,0.1
2026-09-28,1128,0.2
2026-09-28,1129,0.17
2026-09-28,1130,0.23
2026-09-28,1131,0.32
2026-09-28,1132,0.24
2026-09-28,1133,0.17
2026-09-28,1134,0.28
2026-09-28,1135,0.23
2026-09-28,1136,0.19
2026-09-28,1137,0.24
2026-09-28,1138,0.19
2026-09-28,1139,0.35
2026-09-28,1140,0.17
2026-09-28,1141,0.21
2026-09-28,1142,0.27
2026-09-28,1143,0.08
2026-09-28,1144,0.14
2026-09-28,1145,0.15
2026-09-28,1146,0.34
2026-09-28,1147,0.28
2026-09-28,1148,0.31
2026-09-28,1149,0.2
2026-09-28,1150,0.1
2026-09-28,1151,0.15
2026-09-28,1152,0.19
2026-09-28,1153,0.11
2026-09-28,1154,0.16
2026-09-28,1155,0.11
2026-09-28,1156,0.15
2026-09-28,1157,0.18
2026-09-28,1158,0.15
2026-09-28,1159,0.19
2026-09-28,1160,0.15
2026-09-28,1161,0.38
2026-09-28,1162,0.21
2026-09-28,1163,0.29
2026-09-28,1164,0.21
2026-09-28,1165,0.2
2026-09-28,1166,0.3
2026-09-28,1167,0.26
2026-09-28,1168,0.28
2026-09-28,1169,0.28
2026-09-28,1170,0.4
2026-09-28,1171,0.25
2026-09-28,1172,0.32
2026-09-28,1173,0.37
2026-09-28,1174,0.25
2026-09-28,1175,0.08
2026-09-28,1176,0.09
2026-09-28,1177,0.1
2026-09-28,1178,0.08
2026-09-28,1179,0.07
2026-09-28,1180,0.18
2026-09-28,1181,0.32
2026-09-28,1182,0.4
2026-09-28,1183,0.49
2026-09-28,1184,0.27
2026-09-28,1185,0.25
2026-09-28,1186,0.33
2026-09-28,1187,0.38
2026-09-28,1188,0.12
2026-09-28,1189,0.14
2026-09-28,1190,0.29
2026-09-28,1191,0.31
2026-09-28,1192,0.36
2026-09-28,1193,0.5
2026-09-28,1194,0.16
2026-09-28,1195,0.18
2026-09-28,1196,0.28
2026-09-28,1197,0.42
2026-09-28,1198,0.42
2026-09-28,1199,0.34
2026-09-28,1200,0.6
2026-09-28,1201,0.38
2026-09-28,1202,0.61
2026-09-28,1203,0.31
2026-09-28,1204,0.24
2026-09-28,1205,0.22
2026-09-28,1206,0.31
2026-09-28,1207,0.18
2026-09-28,1208,0.24
2026-09-28,1209,0.44
2026-09-28,1210,0.28
2026-09-28,1211,0.39
2026-09-28,1212,0.4
2026-09-28,1213,0.12
2026-09-28,1214,0.25
2026-09-28,1215,0.18
2026-09-28,1216,0.34
2026-09-28,1217,0.88
2026-09-28,1218,0.4
2026-09-28,1219,0.84
2026-09-28,1220,0.6
2026-09-28,1221,0.96
2026-09-28,1222,0.69
2026-09-28,1223,1.11
2026-09-28,1224,1.08
2026-09-28,1225,1.39
2026-09-28,1226,1.59
2026-09-28,1227,1.18
2026-09-28,1228,1.19
2026-09-28,1229,0.55
2026-09-28,1230,0.95
2026-09-28,1231,0.87
2026-09-28,1232,0.4
2026-09-28,1233,0.48
2026-09-28,1234,0.28
2026-09-28,1235,0.46
2026-09-28,1236,0.26
2026-09-28,1237,0.29
2026-09-28,1238,0.62
2026-09-28,1239,0.52
2026-09-28,1240,0.44
2026-09-28,1241,0.77
2026-09-28,1242,0.25
2026-09-28,1243,0.34
2026-09-28,1244,0.5
2026-09-28,1245,0.55
2026-09-28,1246,0.37
2026-09-28,1247,0.55
2026-09-28,1248,1.02
2026-09-28,1249,0.66
2026-09-28,1250,0.71
2026-09-28,1251,0.45
2026-09-28,1252,0.2
2026-09-28,1253,0.19
2026-09-28,1254,0.6
2026-09-28,1255,0.29
2026-09-28,1256,0.25
2026-09-28,1257,0.28
2026-09-28,1258,0.48
2026-09-28,1259,0.47
2026-09-28,1260,0.18
2026-09-28,1261,0.1
2026-09-28,1262,0.15
2026-09-28,1263,0.13
2026-09-28,1264,0.22
2026-09-28,1265,0.4
2026-09-28,1266,0.55
2026-09-28,1267,0.14
2026-09-28,1268,0.24
2026-09-28,1269,0.3
2026-09-28,1270,0.31
2026-09-28,1271,0.24
2026-09-28,1272,0.34
2026-09-28,1273,0.26
2026-09-28,1274,0.1
2026-09-28,1275,0.23
2026-09-28,1276,0.3
2026-09-28,1277,0.17
2026-09-28,1278,0.2
2026-09-28,1279,0.31
2026-09-28,1280,0.32
2026-09-28,1281,0.12
2026-09-28,1282,0.25
2026-09-28,1283,0.24
2026-09-28,1284,0.11
2026-09-28,1285,0.19
2026-09-28,1286,0.18
2026-09-28,1287,0.1
2026-09-28,1288,0.16
2026-09-28,1289,0.18
2026-09-28,1290,0.2
2026-09-28,1291,0.18
2026-09-28,1292,0.09
2026-09-28,1293,0.16
2026-09-28,1294,0.24
2026-09-28,1295,0.13
2026-09-28,1296,0.32
2026-09-28,1297,0.37
2026-09-28,1298,0.16
2026-09-28,1299,0.15
2026-09-28,1300,0.09
2026-09-28,1301,0.21
2026-09-28,1302,0.1
2026-09-28,1303,0.17
2026-09-28,1304,0.25
2026-09-28,1305,0.23
2026-09-28,1306,0.06
2026-09-28,1307,0.17
2026-09-28,1308,0.21
2026-09-28,1309,0.21
2026-09-28,1310,0.26
2026-09-28,1311,0.23
2026-09-28,1312,0.28
2026-09-28,1313,0.27
2026-09-28,1314,0.29
2026-09-28,1315,0.23
2026-09-28,1316,0.17
2026-09-28,1317,0.23
2026-09-28,1318,0.22
2026-09-28,1319,0.21
2026-09-28,1320,0.1
2026-09-28,1321,0.12
2026-09-28,1322,0.21
2026-09-28,1323,0.12
2026-09-28,1324,0.15
2026-09-28,1325,0.16
2026-09-28,1326,0.06
2026-09-28,1327,0.28
2026-09-28,1328,0.19
2026-09-28,1329,0.12
2026-09-28,1330,0.09
2026-09-28,1331,0.25
2026-09-28,1332,0.3
2026-09-28,1333,0.38
2026-09-28,1334,0.52
2026-09-28,1335,0.11
2026-09-28,1336,0.21
2026-09-28,1337,0.15
2026-09-28,1338,0.09
2026-09-28,1339,0.12
2026-09-28,1340,0.29
2026-09-28,1341,0.21
2026-09-28,1342,0.27
2026-09-28,1343,0.32
2026-09-28,1344,0.16
2026-09-28,1345,0.11
2026-09-28,1346,0.23
2026-09-28,1347,0.03
2026-09-28,1348,0.2
2026-09-28,1349,0.06
2026-09-28,1350,0.16
2026-09-28,1351,0.3
2026-09-28,1352,0.51
2026-09-28,1353,0.53
2026-09-28,1354,0.17
2026-09-28,1355,0.09
2026-09-28,1356,0.27
2026-09-28,1357,0.29
2026-09-28,1358,0.17
2026-09-28,1359,0.23
2026-09-28,1360,0.36
2026-09-28,1361,0.53
2026-09-28,1362,0.6
2026-09-28,1363,0.24
2026-09-28,1364,0.27
2026-09-28,1365,0.11
2026-09-28,1366,0.09
2026-09-28,1367,0.14
2026-09-28,1368,0.12
2026-09-28,1369,0.17
2026-09-28,1370,0.23
2026-09-28,1371,0.21
2026-09-28,1372,0.13
2026-09-28,1373,0.17
2026-09-28,1374,0.3
2026-09-28,1375,0.18
2026-09-28,1376,0.25
2026-09-28,1377,0.2
2026-09-28,1378,0.37
2026-09-28,1379,0.11
2026-09-28,1380,0.17
2026-09-28,1381,0.3
2026-09-28,1382,0.23
2026-09-28,1383,0.39
2026-09-28,1384,0.28
2026-09-28,1385,0.11
2026-09-28,1386,0.17
2026-09-28,1387,0.11
2026-09-28,1388,0.16
2026-09-28,1389,0.2
2026-09-28,1390,0.2
2026-09-28,1391,0.11
2026-09-28,1392,0.15
2026-09-28,1393,0.15
2026-09-28,1394,0.12
2026-09-28,1395,0.28
2026-09-28,1396,0.34
2026-09-28,1397,0.32
2026-09-28,1398,0.45
2026-09-28,1399,0.45
2026-09-28,1400,0.93
2026-09-28,1401,0.99
2026-09-28,1402,0.98
2026-09-28,1403,0.65
2026-09-28,1404,0.63
2026-09-28,1405,0.21
2026-09-28,1406,0.4
2026-09-28,1407,0.15
2026-09-28,1408,0.15
2026-09-28,1409,0.15
2026-09-28,1410,0.17
2026-09-28,1411,0.13
2026-09-28,1412,0.07
2026-09-28,1413,0.24
2026-09-28,1414,0.15
2026-09-28,1415,0.25
2026-09-28,1416,0.42
2026-09-28,1417,0.27
2026-09-28,1418,0.49
2026-09-28,1419,0.08
2026-09-28,1420,0.29
2026-09-28,1421,0.09
2026-09-28,1422,0.19
2026-09-28,1423,0.18
2026-09-28,1424,0.07
2026-09-28,1425,0.13
2026-09-28,1426,0.24
2026-09-28,1427,0.16
2026-09-28,1428,0.14
2026-09-28,1429,0.09
2026-09-28,1430,0.04
2026-09-28,1431,0.21
2026-09-28,1432,0.11
2026-09-28,1433,0.4
2026-09-28,1434,0.26
2026-09-28,1435,0.15
2026-09-28,1436,0.17
2026-09-28,1437,0.36
2026-09-28,1438,0.17
2026-09-28,1439,0.32
2026-09-29,1,0.16
2026-09-29,2,0.17
2026-09-29,3,0.13
2026-09-29,4,0.18
2026-09-29,5,0.16
2026-09-29,6,0.2
2026-09-29,7,0.33
2026-09-29,8,0.08
2026-09-29,9,0.38
2026-09-29,10,0.09
2026-09-29,11,0.2
2026-09-29,12,0.47
2026-09-29,13,0.38
2026-09-29,14,0.6
2026-09-29,15,0.55
2026-09-29,16,0.56
2026-09-29,17,0.7
2026-09-29,18,0.2
2026-09-29,19,0.37
2026-09-29,20,0.3
2026-09-29,21,0.47
2026-09-29,22,0.21
2026-09-29,23,0.19
2026-09-29,24,0.3
2026-09-29,25,0.23
2026-09-29,26,0.3
2026-09-29,27,0.49
2026-09-29,28,0.57
2026-09-29,29,0.32
2026-09-29,30,0.22
2026-09-29,31,0.21
2026-09-29,32,0.2
2026-09-29,33,0.3
2026-09-29,34,0.29
2026-09-29,35,0.2
2026-09-29,36,0.22
2026-09-29,37,0.21
2026-09-29,38,0.25
2026-09-29,39,0.07
2026-09-29,40,0.2
2026-09-29,41,0.12
2026-09-29,42,0.28
2026-09-29,43,0.22
2026-09-29,44,0.1
2026-09-29,45,0.19
2026-09-29,46,0.21
2026-09-29,47,0.14
2026-09-29,48,0.52
2026-09-29,49,0.41
2026-09-29,50,0.19
2026-09-29,51,0.23
2026-09-29,52,0.21
2026-09-29,53,0.31
2026-09-29,54,0.25
2026-09-29,55,0.4
2026-09-29,56,0.35
2026-09-29,57,0.33
2026-09-29,58,0.33
2026-09-29,59,0.54
2026-09-29,60,0.33
2026-09-29,61,0.38
2026-09-29,62,0.14
2026-09-29,63,0.42
2026-09-29,64,0.51
2026-09-29,65,0.35
2026-09-29,66,0.2
2026-09-29,67,0.19
2026-09-29,68,0.19
2026-09-29,69,0.19
2026-09-29,70,0.31
2026-09-29,71,0.21
2026-09-29,72,0.22
2026-09-29,73,0.27
2026-09-29,74,0.38
2026-09-29,75,0.38
2026-09-29,76,0.43
2026-09-29,77,0.39
2026-09-29,78,0.99
2026-09-29,79,0.52
2026-09-29,80,0.61
2026-09-29,81,0.7
2026-09-29,82,0.52
2026-09-29,83,0.83
2026-09-29,84,0.6
2026-09-29,85,0.5
2026-09-29,86,0.19
2026-09-29,87,0.18
2026-09-29,88,0.1
2026-09-29,89,0.42
2026-09-29,90,0.14
2026-09-29,91,0.27
2026-09-29,92,0.79
2026-09-29,93,0.21
2026-09-29,94,1.0
2026-09-29,95,0.56
2026-09-29,96,0.67
2026-09-29,97,0.52
2026-09-29,98,0.45
2026-09-29,99,0.66
2026-09-29,100,0.45
2026-09-29,101,0.51
2026-09-29,102,0.5
2026-09-29,103,0.66
2026-09-29,104,0.79
2026-09-29,105,0.38
2026-09-29,106,0.91
2026-09-29,107,0.38
2026-09-29,108,0.79
2026-09-29,109,0.41
2026-09-29,110,0.39
2026-09-29,111,0.49
2026-09-29,112,0.16
2026-09-29,113,0.27
2026-09-29,114,0.2
2026-09-29,115,0.4
2026-09-29,116,0.27
2026-09-29,117,0.38
2026-09-29,118,0.28
2026-09-29,119,0.32
2026-09-29,120,0.19
2026-09-29,121,0.26
2026-09-29,122,0.31
2026-09-29,123,0.2
2026-09-29,124,0.3
2026-09-29,125,0.4
2026-09-29,126,0.38
2026-09-29,127,0.28
2026-09-29,128,0.24
2026-09-29,129,0.07
2026-09-29,130,0.13
2026-09-29,131,0.34
2026-09-29,132,0.22
2026-09-29,133,0.2
2026-09-29,134,0.29
2026-09-29,135,0.66
2026-09-29,136,0.11
2026-09-29,137,0.25
2026-09-29,138,0.41
2026-09-29,139,0.33
2026-09-29,140,0.45
2026-09-29,141,0.16
2026-09-29,142,0.32
2026-09-29,143,0.4
2026-09-29,144,0.1
2026-09-29,145,0.57
2026-09-29,146,0.61
2026-09-29,147,0.63
2026-09-29,148,0.44
2026-09-29,149,0.17
2026-09-29,150,0.13
2026-09-29,151,0.13
2026-09-29,152,0.38
2026-09-29,153,0.1
2026-09-29,154,0.3
2026-09-29,155,0.12
2026-09-29,156,0.42
2026-09-29,157,0.15
2026-09-29,158,0.08
2026-09-29,159,0.31
2026-09-29,160,0.08
2026-09-29,161,0.22
2026-09-29,162,0.17
2026-09-29,163,0.11
2026-09-29,164,0.19
2026-09-29,165,0.12
2026-09-29,166,0.39
2026-09-29,167,0.11
2026-09-29,168,0.28
2026-09-29,169,0.09
2026-09-29,170,0.39
2026-09-29,171,0.11
2026-09-29,172,0.15
2026-09-29,173,0.14
2026-09-29,174,0.12
2026-09-29,175,0.03
2026-09-29,176,0.14
2026-09-29,177,0.09
2026-09-29,178,0.19
2026-09-29,179,0.1
2026-09-29,180,0.13
2026-09-29,181,0.27
2026-09-29,182,0.15
2026-09-29,183,0.21
2026-09-29,184,0.26
2026-09-29,185,0.11
2026-09-29,186,0.32
2026-09-29,187,0.35
2026-09-29,188,0.26
2026-09-29,189,0.32
2026-09-29,190,0.12
2026-09-29,191,0.05
2026-09-29,192,0.07
2026-09-29,193,0.2
2026-09-29,194,0.09
2026-09-29,195,0.09
2026-09-29,196,0.09
2026-09-29,197,0.1
2026-09-29,198,0.05
2026-09-29,199,0.17
2026-09-29,200,0.13
2026-09-29,201,0.03
2026-09-29,202,0.1
2026-09-29,203,0.13
2026-09-29,204,0.28
2026-09-29,205,0.1
2026-09-29,206,0.1
2026-09-29,207,0.1
2026-09-29,208,0.13
2026-09-29,209,0.21
2026-09-29,210,0.11
2026-09-29,211,0.27
2026-09-29,212,0.24
2026-09-29,213,0.32
2026-09-29,214,0.19
2026-09-29,215,0.25
2026-09-29,216,0.18
2026-09-29,217,0.28
2026-09-29,218,0.09
2026-09-29,219,0.19
2026-09-29,220,0.2
2026-09-29,221,0.08
2026-09-29,222,0.23
2026-09-29,223,0.13
2026-09-29,224,0.07
2026-09-29,225,0.21
2026-09-29,226,0.1
2026-09-29,227,0.13
2026-09-29,228,0.16
2026-09-29,229,0.22
2026-09-29,230,0.15
2026-09-29,231,0.16
2026-09-29,232,0.09
2026-09-29,233,0.1
2026-09-29,234,0.11
2026-09-29,235,0.19
2026-09-29,236,0.15
2026-09-29,237,0.3
2026-09-29,238,0.17
2026-09-29,239,0.22
2026-09-29,240,0.16
2026-09-29,241,0.08
2026-09-29,242,0.11
2026-09-29,243,0.13
2026-09-29,244,0.22
2026-09-29,245,0.2
2026-09-29,246,0.3
2026-09-29,247,0.19
2026-09-29,248,0.25
2026-09-29,249,0.49
2026-09-29,250,0.19
2026-09-29,251,0.2
2026-09-29,252,0.15
2026-09-29,253,0.54
2026-09-29,254,0.25
2026-09-29,255,0.17
2026-09-29,256,0.34
2026-09-29,257,0.24
2026-09-29,258,0.22
2026-09-29,259,0.07
2026-09-29,260,0.19
2026-09-29,261,0.3
2026-09-29,262,0.16
2026-09-29,263,0.39
2026-09-29,264,0.16
2026-09-29,265,0.23
2026-09-29,266,0.35
2026-09-29,267,0.14
2026-09-29,268,0.32
2026-09-29,269,0.12
2026-09-29,270,0.38
2026-09-29,271,0.38
2026-09-29,272,0.38
2026-09-29,273,0.33
2026-09-29,274,0.16
2026-09-29,275,0.28
2026-09-29,276,0.53
2026-09-29,277,0.4
2026-09-29,278,0.26
2026-09-29,279,0.18
2026-09-29,280,0.2
2026-09-29,281,0.29
2026-09-29,282,0.2
2026-09-29,283,0.29
2026-09-29,284,0.31
2026-09-29,285,0.37
2026-09-29,286,0.37
2026-09-29,287,0.11
2026-09-29,288,0.19
2026-09-29,289,0.35
2026-09-29,290,0.31
2026-09-29,291,0.38
2026-09-29,292,0.2
2026-09-29,293,0.27
2026-09-29,294,0.13
2026-09-29,295,0.19
2026-09-29,296,0.32
2026-09-29,297,0.17
2026-09-29,298,0.36
2026-09-29,299,0.33
2026-09-29,300,0.39
2026-09-29,301,0.44
2026-09-29,302,0.38
2026-09-29,303,0.28
2026-09-29,304,0.23
2026-09-29,305,0.27
2026-09-29,306,0.23
2026-09-29,307,0.35
2026-09-29,308,0.25
2026-09-29,309,0.19
2026-09-29,310,0.17
2026-09-29,311,0.24
2026-09-29,312,0.14
2026-09-29,313,0.3
2026-09-29,314,0.27
2026-09-29,315,0.25
2026-09-29,316,0.22
2026-09-29,317,0.23
2026-09-29,318,0.16
2026-09-29,319,0.24
2026-09-29,320,0.36
2026-09-29,321,0.12
2026-09-29,322,0.16
2026-09-29,323,0.31
2026-09-29,324,0.22
2026-09-29,325,0.3
2026-09-29,326,0.16
2026-09-29,327,0.1
2026-09-29,328,0.15
2026-09-29,329,0.12
2026-09-29,330,0.1
2026-09-29,331,0.3
2026-09-29,332,0.18
2026-09-29,333,0.21
2026-09-29,334,0.14
2026-09-29,335,0.18
2026-09-29,336,0.27
2026-09-29,337,0.24
2026-09-29,338,0.22
2026-09-29,339,0.14
2026-09-29,340,0.22
2026-09-29,341,0.19
2026-09-29,342,0.24
2026-09-29,343,0.15
2026-09-29,344,0.09
2026-09-29,345,0.41
2026-09-29,346,0.34
2026-09-29,347,0.26
2026-09-29,348,0.6
2026-09-29,349,0.4
2026-09-29,350,0.5
2026-09-29,351,0.33
2026-09-29,352,0.52
2026-09-29,353,0.35
2026-09-29,354,0.4
2026-09-29,355,0.23
2026-09-29,356,0.87
2026-09-29,357,0.3
2026-09-29,358,0.49
2026-09-29,359,0.49
2026-09-29,360,0.54
2026-09-29,361,0.42
2026-09-29,362,0.46
2026-09-29,363,0.52
2026-09-29,364,0.45
2026-09-29,365,0.3
2026-09-29,366,0.17
2026-09-29,367,0.31
2026-09-29,368,0.13
2026-09-29,369,0.2
2026-09-29,370,0.2
2026-09-29,371,0.25
2026-09-29,372,0.31
2026-09-29,373,0.53
2026-09-29,374,0.23
2026-09-29,375,0.26
2026-09-29,376,0.4
2026-09-29,377,0.09
2026-09-29,378,0.4
2026-09-29,379,0.41
2026-09-29,380,0.33
2026-09-29,381,0.11
2026-09-29,382,0.31
2026-09-29,383,0.66
2026-09-29,384,0.62
2026-09-29,385,0.5
2026-09-29,386,0.26
2026-09-29,387,0.47
2026-09-29,388,0.25
2026-09-29,389,0.45
2026-09-29,390,0.43
2026-09-29,391,0.45
2026-09-29,392,0.46
2026-09-29,393,0.14
2026-09-29,394,0.6
2026-09-29,395,0.54
2026-09-29,396,0.55
2026-09-29,397,0.24
2026-09-29,398,0.49
2026-09-29,399,0.35
2026-09-29,400,0.49
2026-09-29,401,0.35
2026-09-29,402,0.08
2026-09-29,403,0.54
2026-09-29,404,0.18
2026-09-29,405,0.34
2026-09-29,406,0.17
2026-09-29,407,0.29
2026-09-29,408,0.58
2026-09-29,409,0.61
2026-09-29,410,0.24
2026-09-29,411,1.01
2026-09-29,412,1.01
2026-09-29,413,0.61
2026-09-29,414,0.33
2026-09-29,415,0.78
2026-09-29,416,0.28
2026-09-29,417,0.3
2026-09-29,418,0.78
2026-09-29,419,0.59
2026-09-29,420,0.22
2026-09-29,421,0.34
2026-09-29,422,0.9
2026-09-29,423,0.67
2026-09-29,424,0.53
2026-09-29,425,0.44
2026-09-29,426,0.43
2026-09-29,427,0.38
2026-09-29,428,0.27
2026-09-29,429,0.33
2026-09-29,430,0.17
2026-09-29,431,0.3
2026-09-29,432,0.51
2026-09-29,433,0.53
2026-09-29,434,0.18
2026-09-29,435,0.28
2026-09-29,436,0.37
2026-09-29,437,0.21
2026-09-29,438,1.5
2026-09-29,439,1.01
2026-09-29,440,0.34
2026-09-29,441,0.73
2026-09-29,442,0.84
2026-09-29,443,0.35
2026-09-29,444,0.48
2026-09-29,445,0.34
2026-09-29,446,0.26
2026-09-29,447,0.2
2026-09-29,448,0.4
2026-09-29,449,0.18
2026-09-29,450,0.41
2026-09-29,451,0.27
2026-09-29,452,0.42
2026-09-29,453,0.94
2026-09-29,454,0.46
2026-09-29,455,0.31
2026-09-29,456,0.5
2026-09-29,457,0.5
2026-09-29,458,0.51
2026-09-29,459,0.55
2026-09-29,460,0.55
2026-09-29,461,0.28
2026-09-29,462,0.33
2026-09-29,463,0.21
2026-09-29,464,1.08
2026-09-29,465,0.9
2026-09-29,466,0.35
2026-09-29,467,0.53
2026-09-29,468,0.19
2026-09-29,469,0.17
2026-09-29,470,0.25
2026-09-29,471,0.41
2026-09-29,472,0.42
2026-09-29,473,0.3
2026-09-29,474,0.62
2026-09-29,475,0.88
2026-09-29,476,0.78
2026-09-29,477,0.2
2026-09-29,478,0.53
2026-09-29,479,0.48
2026-09-29,480,0.26
2026-09-29,481,0.9
2026-09-29,482,1.36
2026-09-29,483,0.42
2026-09-29,484,0.7
2026-09-29,485,0.1
2026-09-29,486,0.75
2026-09-29,487,0.5
2026-09-29,488,1.14
2026-09-29,489,0.96
2026-09-29,490,0.34
2026-09-29,491,0.4
2026-09-29,492,0.37
2026-09-29,493,0.37
2026-09-29,494,0.5
2026-09-29,495,1.01
2026-09-29,496,0.18
2026-09-29,497,0.18
2026-09-29,498,0.64
2026-09-29,499,0.76
2026-09-29,500,0.62
2026-09-29,501,0.89
2026-09-29,502,0.16
2026-09-29,503,0.26
2026-09-29,504,0.44
2026-09-29,505,0.25
2026-09-29,506,0.43
2026-09-29,507,0.28
2026-09-29,508,0.73
2026-09-29,509,0.38
2026-09-29,510,0.15
2026-09-29,511,0.46
2026-09-29,512,0.36
2026-09-29,513,0.12
2026-09-29,514,0.1
2026-09-29,515,0.56
2026-09-29,516,0.67
2026-09-29,517,0.41
2026-09-29,518,0.47
2026-09-29,519,0.11
2026-09-29,520,0.24
2026-09-29,521,0.1
2026-09-29,522,0.28
2026-09-29,523,0.2
2026-09-29,524,0.21
2026-09-29,525,0.18
2026-09-29,526,0.37
2026-09-29,527,0.22
2026-09-29,528,0.21
2026-09-29,529,0.16
2026-09-29,530,0.3
2026-09-29,531,0.3
2026-09-29,532,0.21
2026-09-29,533,0.39
2026-09-29,534,0.31
2026-09-29,535,0.23
2026-09-29,536,0.17
2026-09-29,537,0.35
2026-09-29,538,0.28
2026-09-29,539,0.45
2026-09-29,540,0.18
2026-09-29,541,0.3
2026-09-29,542,0.26
2026-09-29,543,0.3
2026-09-29,544,0.25
2026-09-29,545,0.3
2026-09-29,546,0.22
2026-09-29,547,0.29
2026-09-29,548,0.3
2026-09-29,549,0.48
2026-09-29,550,0.3
2026-09-29,551,0.31
2026-09-29,552,0.28
2026-09-29,553,0.33
2026-09-29,554,0.19
2026-09-29,555,0.11
2026-09-29,556,0.31
2026-09-29,557,0.47
2026-09-29,558,1.04
2026-09-29,559,0.75
2026-09-29,560,0.92
2026-09-29,561,1.21
2026-09-29,562,1.03
2026-09-29,563,0.5
2026-09-29,564,0.69
2026-09-29,565,0.58
2026-09-29,566,0.44
2026-09-29,567,0.3
2026-09-29,568,0.26
2026-09-29,569,0.17
2026-09-29,570,0.32
2026-09-29,571,0.21
2026-09-29,572,0.36
2026-09-29,573,0.53
2026-09-29,574,0.37
2026-09-29,575,0.39
2026-09-29,576,0.28
2026-09-29,577,0.3
2026-09-29,578,0.39
2026-09-29,579,0.56
2026-09-29,580,0.66
2026-09-29,581,0.49
2026-09-29,582,0.41
2026-09-29,583,0.35
2026-09-29,584,0.29
2026-09-29,585,0.3
2026-09-29,586,0.32
2026-09-29,587,0.3
2026-09-29,588,0.32
2026-09-29,589,0.29
2026-09-29,590,0.33
2026-09-29,591,0.47
2026-09-29,592,0.23
2026-09-29,593,0.38
2026-09-29,594,0.4
2026-09-29,595,0.32
2026-09-29,596,0.53
2026-09-29,597,0.38
2026-09-29,598,0.29
2026-09-29,599,0.53
2026-09-29,600,0.38
2026-09-29,601,0.5
2026-09-29,602,0.39
2026-09-29,603,0.28
2026-09-29,604,0.19
2026-09-29,605,0.76
2026-09-29,606,0.27
2026-09-29,607,0.21
2026-09-29,608,0.35
2026-09-29,609,0.35
2026-09-29,610,0.54
2026-09-29,611,0.59
2026-09-29,612,1.09
2026-09-29,613,0.64
2026-09-29,614,0.81
2026-09-29,615,0.62
2026-09-29,616,0.68
2026-09-29,617,0.48
2026-09-29,618,0.54
2026-09-29,619,0.29
2026-09-29,620,0.4
2026-09-29,621,0.31
2026-09-29,622,0.59
2026-09-29,623,0.78
2026-09-29,624,0.95
2026-09-29,625,0.4
2026-09-29,626,0.3
2026-09-29,627,0.55
2026-09-29,628,0.58
2026-09-29,629,0.5
2026-09-29,630,0.22
2026-09-29,631,0.34
2026-09-29,632,0.59
2026-09-29,633,0.24
2026-09-29,634,0.21
2026-09-29,635,0.2
2026-09-29,636,0.41
2026-09-29,637,0.26
2026-09-29,638,0.37
2026-09-29,639,0.59
2026-09-29,640,0.48
2026-09-29,641,0.7
2026-09-29,642,0.29
2026-09-29,643,0.81
2026-09-29,644,0.18
2026-09-29,645,1.06
2026-09-29,646,0.34
2026-09-29,647,0.54
2026-09-29,648,0.17
2026-09-29,649,0.25
2026-09-29,650,0.79
2026-09-29,651,0.35
2026-09-29,652,0.24
2026-09-29,653,0.54
2026-09-29,654,0.33
2026-09-29,655,0.6
2026-09-29,656,0.59
2026-09-29,657,0.91
2026-09-29,658,0.42
2026-09-29,659,0.31
2026-09-29,660,0.41
2026-09-29,661,0.28
2026-09-29,662,0.41
2026-09-29,663,0.42
2026-09-29,664,0.31
2026-09-29,665,0.5
2026-09-29,666,0.38
2026-09-29,667,0.38
2026-09-29,668,0.19
2026-09-29,669,0.4
2026-09-29,670,0.44
2026-09-29,671,0.14
2026-09-29,672,0.21
2026-09-29,673,0.35
2026-09-29,674,0.24
2026-09-29,675,0.31
2026-09-29,676,0.19
2026-09-29,677,0.36
2026-09-29,678,0.19
2026-09-29,679,0.19
2026-09-29,680,0.37
2026-09-29,681,0.6
2026-09-29,682,0.74
2026-09-29,683,0.16
2026-09-29,684,0.14
2026-09-29,685,0.11
2026-09-29,686,0.26
2026-09-29,687,0.24
2026-09-29,688,0.25
2026-09-29,689,0.31
2026-09-29,690,0.36
2026-09-29,691,0.57
2026-09-29,692,0.3
2026-09-29,693,0.36
2026-09-29,694,0.43
2026-09-29,695,0.36
2026-09-29,696,0.36
2026-09-29,697,0.56
2026-09-29,698,0.2
2026-09-29,699,0.14
2026-09-29,700,0.14
2026-09-29,701,0.09
2026-09-29,702,0.26
2026-09-29,703,0.31
2026-09-29,704,0.34
2026-09-29,705,0.32
2026-09-29,706,0.34
2026-09-29,707,0.24
2026-09-29,708,0.38
2026-09-29,709,0.15
2026-09-29,710,0.11
2026-09-29,711,0.19
2026-09-29,712,0.21
2026-09-29,713,0.17
2026-09-29,714,0.17
2026-09-29,715,0.19
2026-09-29,716,0.44
2026-09-29,717,0.4
2026-09-29,718,0.38
2026-09-29,719,0.17
2026-09-29,720,0.17
2026-09-29,721,0.26
2026-09-29,722,0.33
2026-09-29,723,0.11
2026-09-29,724,0.23
2026-09-29,725,0.47
2026-09-29,726,0.19
2026-09-29,727,0.16
2026-09-29,728,0.24
2026-09-29,729,0.1
2026-09-29,730,0.17
2026-09-29,731,0.47
2026-09-29,732,0.1
2026-09-29,733,0.32
2026-09-29,734,0.19
2026-09-29,735,0.4
2026-09-29,736,0.37
2026-09-29,737,0.62
2026-09-29,738,0.22
2026-09-29,739,0.09
2026-09-29,740,0.16
2026-09-29,741,0.1
2026-09-29,742,0.23
2026-09-29,743,0.28
2026-09-29,744,0.23
2026-09-29,745,0.26
2026-09-29,746,0.2
2026-09-29,747,0.22
2026-09-29,748,0.25
2026-09-29,749,0.33
2026-09-29,750,0.08
2026-09-29,751,0.22
2026-09-29,752,0.22
2026-09-29,753,0.18
2026-09-29,754,0.15
2026-09-29,755,0.22
2026-09-29,756,0.22
2026-09-29,757,0.22
2026-09-29,758,0.27
2026-09-29,759,0.41
2026-09-29,760,0.42
2026-09-29,761,0.25
2026-09-29,762,0.3
2026-09-29,763,0.22
2026-09-29,764,0.15
2026-09-29,765,0.19
2026-09-29,766,0.13
2026-09-29,767,0.12
2026-09-29,768,0.22
2026-09-29,769,0.37
2026-09-29,770,0.15
2026-09-29,771,0.51
2026-09-29,772,0.19
2026-09-29,773,0.14
2026-09-29,774,0.43
2026-09-29,775,0.38
2026-09-29,776,0.2
2026-09-29,777,0.19
2026-09-29,778,0.2
2026-09-29,779,0.59
2026-09-29,780,0.2
2026-09-29,781,0.27
2026-09-29,782,0.14
2026-09-29,783,0.2
2026-09-29,784,0.25
2026-09-29,785,0.48
2026-09-29,786,0.13
2026-09-29,787,0.26
2026-09-29,788,0.39
2026-09-29,789,0.22
2026-09-29,790,0.37
2026-09-29,791,0.16
2026-09-29,792,0.18
2026-09-29,793,0.35
2026-09-29,794,0.43
2026-09-29,795,0.29
2026-09-29,796,0.14
2026-09-29,797,0.23
2026-09-29,798,0.19
2026-09-29,799,0.38
2026-09-29,800,0.37
2026-09-29,801,0.17
2026-09-29,802,0.34
2026-09-29,803,0.18
2026-09-29,804,0.2
2026-09-29,805,0.23
2026-09-29,806,0.19
2026-09-29,807,0.2
2026-09-29,808,0.2
2026-09-29,809,0.35
2026-09-29,810,0.13
2026-09-29,811,0.59
2026-09-29,812,0.25
2026-09-29,813,0.27
2026-09-29,814,0.19
2026-09-29,815,0.36
2026-09-29,816,0.2
2026-09-29,817,0.16
2026-09-29,818,0.33
2026-09-29,819,0.21
2026-09-29,820,0.2
2026-09-29,821,0.18
2026-09-29,822,0.13
2026-09-29,823,0.11
2026-09-29,824,0.13
2026-09-29,825,0.12
2026-09-29,826,0.32
2026-09-29,827,0.17
2026-09-29,828,0.15
2026-09-29,829,0.31
2026-09-29,830,0.12
2026-09-29,831,0.22
2026-09-29,832,0.12
2026-09-29,833,0.3
2026-09-29,834,0.27
2026-09-29,835,0.19
2026-09-29,836,0.09
2026-09-29,837,0.1
2026-09-29,838,0.27
2026-09-29,839,0.17
2026-09-29,840,0.28
2026-09-29,841,0.29
2026-09-29,842,0.2
2026-09-29,843,0.26
2026-09-29,844,0.36
2026-09-29,845,0.2
2026-09-29,846,0.11
2026-09-29,847,0.14
2026-09-29,848,0.15
2026-09-29,849,0.08
2026-09-29,850,0.21
2026-09-29,851,0.43
2026-09-29,852,0.34
2026-09-29,853,0.16
2026-09-29,854,0.53
2026-09-29,855,0.2
2026-09-29,856,0.26
2026-09-29,857,0.41
2026-09-29,858,0.53
2026-09-29,859,0.23
2026-09-29,860,0.36
2026-09-29,861,0.66
2026-09-29,862,0.13
2026-09-29,863,0.23
2026-09-29,864,0.21
2026-09-29,865,0.24
2026-09-29,866,0.33
2026-09-29,867,0.3
2026-09-29,868,0.35
2026-09-29,869,0.17
2026-09-29,870,0.26
2026-09-29,871,0.29
2026-09-29,872,0.36
2026-09-29,873,0.33
2026-09-29,874,0.43
2026-09-29,875,0.41
2026-09-29,876,0.28
2026-09-29,877,0.4
2026-09-29,878,0.86
2026-09-29,879,0.13
2026-09-29,880,0.2
2026-09-29,881,0.3
2026-09-29,882,0.21
2026-09-29,883,0.28
2026-09-29,884,0.24
2026-09-29,885,0.32
2026-09-29,886,0.28
2026-09-29,887,0.22
2026-09-29,888,0.19
2026-09-29,889,0.34
2026-09-29,890,0.39
2026-09-29,891,0.47
2026-09-29,892,0.18
2026-09-29,893,0.25
2026-09-29,894,0.31
2026-09-29,895,0.13
2026-09-29,896,0.09
2026-09-29,897,0.11
2026-09-29,898,0.17
2026-09-29,899,0.21
2026-09-29,900,0.23
2026-09-29,901,0.09
2026-09-29,902,0.1
2026-09-29,903,0.14
2026-09-29,904,0.45
2026-09-29,905,0.3
2026-09-29,906,0.3
2026-09-29,907,0.35
2026-09-29,908,0.17
2026-09-29,909,0.16
2026-09-29,910,0.16
2026-09-29,911,0.24
2026-09-29,912,0.18
2026-09-29,913,0.26
2026-09-29,914,0.19
2026-09-29,915,0.3
2026-09-29,916,0.37
2026-09-29,917,0.28
2026-09-29,918,0.18
2026-09-29,919,0.19
2026-09-29,920,0.26
2026-09-29,921,0.4
2026-09-29,922,0.16
2026-09-29,923,0.23
2026-09-29,924,0.1
2026-09-29,925,0.05
2026-09-29,926,0.14
2026-09-29,927,0.13
2026-09-29,928,0.19
2026-09-29,929,0.24
2026-09-29,930,0.17
2026-09-29,931,0.18
2026-09-29,932,0.24
2026-09-29,933,0.21
2026-09-29,934,0.17
2026-09-29,935,0.25
2026-09-29,936,0.25
2026-09-29,937,0.16
2026-09-29,938,0.1
2026-09-29,939,0.1
2026-09-29,940,0.12
2026-09-29,941,0.09
2026-09-29,942,0.22
2026-09-29,943,0.25
2026-09-29,944,0.26
2026-09-29,945,0.31
2026-09-29,946,0.23
2026-09-29,947,0.2
2026-09-29,948,0.14
2026-09-29,949,0.38
2026-09-29,950,0.25
2026-09-29,951,0.22
2026-09-29,952,0.16
2026-09-29,953,0.13
2026-09-29,954,0.34
2026-09-29,955,0.25
2026-09-29,956,0.11
2026-09-29,957,0.11
2026-09-29,958,0.1
2026-09-29,959,0.33
2026-09-29,960,0.2
2026-09-29,961,0.32
2026-09-29,962,0.18
2026-09-29,963,0.21
2026-09-29,964,0.24
2026-09-29,965,0.23
2026-09-29,966,0.17
2026-09-29,967,0.25
2026-09-29,968,0.29
2026-09-29,969,0.41
2026-09-29,970,0.32
2026-09-29,971,0.47
2026-09-29,972,0.19
2026-09-29,973,0.3
2026-09-29,974,0.23
2026-09-29,975,0.3
2026-09-29,976,0.17
2026-09-29,977,0.04
2026-09-29,978,0.11
2026-09-29,979,0.11
2026-09-29,980,0.09
2026-09-29,981,0.11
2026-09-29,982,0.15
2026-09-29,983,0.09
2026-09-29,984,0.06
2026-09-29,985,0.1
2026-09-29,986,0.1
2026-09-29,987,0.13
2026-09-29,988,0.14
2026-09-29,989,0.1
2026-09-29,990,0.15
2026-09-29,991,0.1
2026-09-29,992,0.08
2026-09-29,993,0.1
2026-09-29,994,0.12
2026-09-29,995,0.19
2026-09-29,996,0.19
2026-09-29,997,0.3
2026-09-29,998,0.27
2026-09-29,999,0.43
2026-09-29,1000,0.17
2026-09-29,1001,0.08
2026-09-29,1002,0.17
2026-09-29,1003,0.15
2026-09-29,1004,0.19
2026-09-29,1005,0.15
2026-09-29,1006,0.13
2026-09-29,1007,0.21
2026-09-29,1008,0.19
2026-09-29,1009,0.2
2026-09-29,1010,0.09
2026-09-29,1011,0.22
2026-09-29,1012,0.08
2026-09-29,1013,0.1
2026-09-29,1014,0.19
2026-09-29,1015,0.16
2026-09-29,1016,0.14
2026-09-29,1017,0.1
2026-09-29,1018,0.1
2026-09-29,1019,0.12
2026-09-29,1020,0.1
2026-09-29,1021,0.15
2026-09-29,1022,0.16
2026-09-29,1023,0.15
2026-09-29,1024,0.1
2026-09-29,1025,0.16
2026-09-29,1026,0.18
2026-09-29,1027,0.1
2026-09-29,1028,0.14
2026-09-29,1029,0.24
2026-09-29,1030,0.28
2026-09-29,1031,0.47
2026-09-29,1032,0.15
2026-09-29,1033,0.2
2026-09-29,1034,0.2
2026-09-29,1035,0.2
2026-09-29,1036,0.11
2026-09-29,1037,0.13
2026-09-29,1038,0.12
2026-09-29,1039,0.15
2026-09-29,1040,0.1
2026-09-29,1041,0.33
2026-09-29,1042,0.41
2026-09-29,1043,0.33
2026-09-29,1044,0.32
2026-09-29,1045,0.47
2026-09-29,1046,0.67
2026-09-29,1047,0.18
2026-09-29,1048,0.22
2026-09-29,1049,0.24
2026-09-29,1050,0.25
2026-09-29,1051,0.2
2026-09-29,1052,0.18
2026-09-29,1053,0.18
2026-09-29,1054,0.11
2026-09-29,1055,0.13
2026-09-29,1056,0.1
2026-09-29,1057,0.11
2026-09-29,1058,0.13
2026-09-29,1059,0.12
2026-09-29,1060,0.14
2026-09-29,1061,0.1
2026-09-29,1062,0.08
2026-09-29,1063,0.12
2026-09-29,1064,0.09
2026-09-29,1065,0.1
2026-09-29,1066,0.11
2026-09-29,1067,0.06
2026-09-29,1068,0.1
2026-09-29,1069,0.06
2026-09-29,1070,0.08
2026-09-29,1071,0.11
2026-09-29,1072,0.15
2026-09-29,1073,0.24
2026-09-29,1074,0.22
2026-09-29,1075,0.14
2026-09-29,1076,0.4
2026-09-29,1077,0.21
2026-09-29,1078,0.16
2026-09-29,1079,0.31
2026-09-29,1080,0.2
2026-09-29,1081,0.27
2026-09-29,1082,0.26
2026-09-29,1083,0.11
2026-09-29,1084,0.2
2026-09-29,1085,0.13
2026-09-29,1086,0.2
2026-09-29,1087,0.11
2026-09-29,1088,0.08
2026-09-29,1089,0.11
2026-09-29,1090,0.08
2026-09-29,1091,0.15
2026-09-29,1092,0.21
2026-09-29,1093,0.14
2026-09-29,1094,0.16
2026-09-29,1095,0.17
2026-09-29,1096,0.05
2026-09-29,1097,0.22
2026-09-29,1098,0.15
2026-09-29,1099,0.63
2026-09-29,1100,0.59
2026-09-29,1101,0.3
2026-09-29,1102,0.43
2026-09-29,1103,0.1
2026-09-29,1104,0.18
2026-09-29,1105,0.48
2026-09-29,1106,0.15
2026-09-29,1107,0.15
2026-09-29,1108,0.23
2026-09-29,1109,0.17
2026-09-29,1110,0.07
2026-09-29,1111,0.16
2026-09-29,1112,0.12
2026-09-29,1113,0.2
2026-09-29,1114,0.14
2026-09-29,1115,0.1
2026-09-29,1116,0.1
2026-09-29,1117,0.13
2026-09-29,1118,0.11
2026-09-29,1119,0.06
2026-09-29,1120,0.07
2026-09-29,1121,0.12
2026-09-29,1122,0.12
2026-09-29,1123,0.1
2026-09-29,1124,0.13
2026-09-29,1125,0.1
2026-09-29,1126,0.23
2026-09-29,1127,0.26
2026-09-29,1128,0.23
2026-09-29,1129,0.36
2026-09-29,1130,0.62
2026-09-29,1131,0.34
2026-09-29,1132,0.42
2026-09-29,1133,0.35
2026-09-29,1134,0.1
2026-09-29,1135,0.27
2026-09-29,1136,0.28
2026-09-29,1137,0.66
2026-09-29,1138,0.14
2026-09-29,1139,0.63
2026-09-29,1140,0.99
2026-09-29,1141,0.41
2026-09-29,1142,0.43
2026-09-29,1143,0.25
2026-09-29,1144,0.64
2026-09-29,1145,0.55
2026-09-29,1146,0.15
2026-09-29,1147,0.25
2026-09-29,1148,0.19
2026-09-29,1149,0.19
2026-09-29,1150,0.15
2026-09-29,1151,0.39
2026-09-29,1152,0.09
2026-09-29,1153,0.13
2026-09-29,1154,0.22
2026-09-29,1155,0.16
2026-09-29,1156,0.23
2026-09-29,1157,0.42
2026-09-29,1158,0.56
2026-09-29,1159,0.19
2026-09-29,1160,0.29
2026-09-29,1161,1.2
2026-09-29,1162,1.25
2026-09-29,1163,1.25
2026-09-29,1164,0.31
2026-09-29,1165,0.34
2026-09-29,1166,0.27
2026-09-29,1167,0.3
2026-09-29,1168,0.28
2026-09-29,1169,0.45
2026-09-29,1170,0.48
2026-09-29,1171,0.36
2026-09-29,1172,0.9
2026-09-29,1173,0.53
2026-09-29,1174,0.64
2026-09-29,1175,0.28
2026-09-29,1176,0.36
2026-09-29,1177,0.2
2026-09-29,1178,0.11
2026-09-29,1179,0.25
2026-09-29,1180,0.37
2026-09-29,1181,0.15
2026-09-29,1182,0.3
2026-09-29,1183,0.21
2026-09-29,1184,0.31
2026-09-29,1185,0.46
2026-09-29,1186,0.13
2026-09-29,1187,0.31
2026-09-29,1188,0.32
2026-09-29,1189,0.23
2026-09-29,1190,0.18
2026-09-29,1191,0.32
2026-09-29,1192,0.26
2026-09-29,1193,0.19
2026-09-29,1194,0.21
2026-09-29,1195,0.3
2026-09-29,1196,0.18
2026-09-29,1197,0.19
2026-09-29,1198,0.24
2026-09-29,1199,0.16
2026-09-29,1200,0.25
2026-09-29,1201,0.28
2026-09-29,1202,0.23
2026-09-29,1203,0.23
2026-09-29,1204,0.08
2026-09-29,1205,0.25
2026-09-29,1206,0.32
2026-09-29,1207,0.28
2026-09-29,1208,0.4
2026-09-29,1209,0.35
2026-09-29,1210,0.13
2026-09-29,1211,0.18
2026-09-29,1212,0.35
2026-09-29,1213,0.15
2026-09-29,1214,0.22
2026-09-29,1215,0.1
2026-09-29,1216,0.35
2026-09-29,1217,0.42
2026-09-29,1218,0.43
2026-09-29,1219,0.28
2026-09-29,1220,0.28
2026-09-29,1221,0.3
2026-09-29,1222,0.13
2026-09-29,1223,0.25
2026-09-29,1224,0.69
2026-09-29,1225,0.11
2026-09-29,1226,0.48
2026-09-29,1227,0.27
2026-09-29,1228,0.41
2026-09-29,1229,0.11
2026-09-29,1230,0.27
2026-09-29,1231,0.22
2026-09-29,1232,0.15
2026-09-29,1233,0.19
2026-09-29,1234,0.53
2026-09-29,1235,0.4
2026-09-29,1236,0.28
2026-09-29,1237,0.38
2026-09-29,1238,0.25
2026-09-29,1239,0.29
2026-09-29,1240,0.2
2026-09-29,1241,0.13
2026-09-29,1242,0.15
2026-09-29,1243,0.1
2026-09-29,1244,0.08
2026-09-29,1245,0.13
2026-09-29,1246,0.2
2026-09-29,1247,0.28
2026-09-29,1248,0.16
2026-09-29,1249,0.21
2026-09-29,1250,0.09
2026-09-29,1251,0.07
2026-09-29,1252,0.13
2026-09-29,1253,0.05
2026-09-29,1254,0.26
2026-09-29,1255,0.1
2026-09-29,1256,0.17
2026-09-29,1257,0.1
2026-09-29,1258,0.14
2026-09-29,1259,0.18
2026-09-29,1260,0.12
2026-09-29,1261,0.19
2026-09-29,1262,0.11
2026-09-29,1263,0.09
2026-09-29,1264,0.2
2026-09-29,1265,0.18
2026-09-29,1266,0.2
2026-09-29,1267,0.1
2026-09-29,1268,0.2
2026-09-29,1269,0.27
2026-09-29,1270,0.24
2026-09-29,1271,0.23
2026-09-29,1272,0.23
2026-09-29,1273,0.3
2026-09-29,1274,0.11
2026-09-29,1275,0.14
2026-09-29,1276,0.09
2026-09-29,1277,0.1
2026-09-29,1278,0.19
2026-09-29,1279,0.17
2026-09-29,1280,0.21
2026-09-29,1281,0.31
2026-09-29,1282,0.36
2026-09-29,1283,0.21
2026-09-29,1284,0.16
2026-09-29,1285,0.1
2026-09-29,1286,0.2
2026-09-29,1287,0.21
2026-09-29,1288,0.31
2026-09-29,1289,0.22
2026-09-29,1290,0.06
2026-09-29,1291,0.09
2026-09-29,1292,0.19
2026-09-29,1293,0.23
2026-09-29,1294,0.1
2026-09-29,1295,0.19
2026-09-29,1296,0.38
2026-09-29,1297,0.19
2026-09-29,1298,0.18
2026-09-29,1299,0.27
2026-09-29,1300,0.22
2026-09-29,1301,0.22
2026-09-29,1302,0.2
2026-09-29,1303,0.18
2026-09-29,1304,0.3
2026-09-29,1305,0.28
2026-09-29,1306,0.3
2026-09-29,1307,0.08
2026-09-29,1308,0.1
2026-09-29,1309,0.15
2026-09-29,1310,0.18
2026-09-29,1311,0.38
2026-09-29,1312,0.4
2026-09-29,1313,0.7
2026-09-29,1314,0.63
2026-09-29,1315,0.3
2026-09-29,1316,0.48
2026-09-29,1317,0.07
2026-09-29,1318,0.17
2026-09-29,1319,0.28
2026-09-29,1320,0.16
2026-09-29,1321,0.06
2026-09-29,1322,0.14
2026-09-29,1323,0.13
2026-09-29,1324,0.08
2026-09-29,1325,0.12
2026-09-29,1326,0.21
2026-09-29,1327,0.24
2026-09-29,1328,0.11
2026-09-29,1329,0.09
2026-09-29,1330,0.19
2026-09-29,1331,0.22
2026-09-29,1332,0.18
2026-09-29,1333,0.14
2026-09-29,1334,0.86
2026-09-29,1335,0.16
2026-09-29,1336,0.6
2026-09-29,1337,0.59
2026-09-29,1338,0.42
2026-09-29,1339,0.47
2026-09-29,1340,1.2
2026-09-29,1341,0.47
2026-09-29,1342,0.53
2026-09-29,1343,0.31
2026-09-29,1344,0.1
2026-09-29,1345,0.33
2026-09-29,1346,0.25
2026-09-29,1347,0.23
2026-09-29,1348,0.12
2026-09-29,1349,0.16
2026-09-29,1350,0.2
2026-09-29,1351,0.2
2026-09-29,1352,0.41
2026-09-29,1353,0.57
2026-09-29,1354,0.33
2026-09-29,1355,1.37
2026-09-29,1356,0.53
2026-09-29,1357,0.89
2026-09-29,1358,0.38
2026-09-29,1359,0.05
2026-09-29,1360,0.19
2026-09-29,1361,0.18
2026-09-29,1362,0.29
2026-09-29,1363,0.33
2026-09-29,1364,0.2
2026-09-29,1365,0.25
2026-09-29,1366,2.9
2026-09-29,1367,1.2
2026-09-29,1368,1.47
2026-09-29,1369,0.9
2026-09-29,1370,1.2
2026-09-29,1371,1.2
2026-09-29,1372,0.34
2026-09-29,1373,0.4
2026-09-29,1374,0.81
2026-09-29,1375,0.7
2026-09-29,1376,0.41
2026-09-29,1377,0.3
2026-09-29,1378,0.5
2026-09-29,1379,0.34
2026-09-29,1380,0.23
2026-09-29,1381,0.1
2026-09-29,1382,0.79
2026-09-29,1383,0.58
2026-09-29,1384,0.86
2026-09-29,1385,1.7
2026-09-29,1386,1.5
2026-09-29,1387,2.6
2026-09-29,1388,2.01
2026-09-29,1389,2.74
2026-09-29,1390,0.38
2026-09-29,1391,0.54
2026-09-29,1392,0.64
2026-09-29,1393,0.56
2026-09-29,1394,0.33
2026-09-29,1395,0.43
2026-09-29,1396,1.3
2026-09-29,1397,0.95
2026-09-29,1398,1.0
2026-09-29,1399,1.6
2026-09-29,1400,1.4
2026-09-29,1401,0.88
2026-09-29,1402,2.2
2026-09-29,1403,1.14
2026-09-29,1404,0.5
2026-09-29,1405,0.7
2026-09-29,1406,0.3
2026-09-29,1407,0.51
2026-09-29,1408,0.29
2026-09-29,1409,0.44
2026-09-29,1410,0.38
2026-09-29,1411,0.31
2026-09-29,1412,0.8
2026-09-29,1413,0.4
2026-09-29,1414,0.5
2026-09-29,1415,0.26
2026-09-29,1416,0.25
2026-09-29,1417,0.33
2026-09-29,1418,0.81
2026-09-29,1419,0.43
2026-09-29,1420,0.5
2026-09-29,1421,0.4
2026-09-29,1422,0.64
2026-09-29,1423,0.4
2026-09-29,1424,0.49
2026-09-29,1425,0.51
2026-09-29,1426,0.61
2026-09-29,1427,0.16
2026-09-29,1428,0.65
2026-09-29,1429,0.5
2026-09-29,1430,0.58
2026-09-29,1431,0.23
2026-09-29,1432,0.46
2026-09-29,1433,0.16
2026-09-29,1434,0.26
2026-09-29,1435,0.33
2026-09-29,1436,0.1
2026-09-29,1437,0.28
2026-09-29,1438,0.15
2026-09-29,1439,0.13
2026-09-30,1,0.09
2026-09-30,2,0.2
2026-09-30,3,0.22
2026-09-30,4,0.26
2026-09-30,5,0.23
2026-09-30,6,0.21
2026-09-30,7,0.26
2026-09-30,8,0.41
2026-09-30,9,0.83
2026-09-30,10,0.11
2026-09-30,11,0.89
2026-09-30,12,0.38
2026-09-30,13,0.47
2026-09-30,14,0.23
2026-09-30,15,0.5
2026-09-30,16,0.15
2026-09-30,17,0.35
2026-09-30,18,0.12
2026-09-30,19,0.55
2026-09-30,20,0.12
2026-09-30,21,0.32
2026-09-30,22,0.39
2026-09-30,23,0.43
2026-09-30,24,0.42
2026-09-30,25,0.23
2026-09-30,26,0.17
2026-09-30,27,0.14
2026-09-30,28,0.21
2026-09-30,29,0.2
2026-09-30,30,0.4
2026-09-30,31,0.4
2026-09-30,32,0.48
2026-09-30,33,0.36
2026-09-30,34,0.4
2026-09-30,35,0.22
2026-09-30,36,0.52
2026-09-30,37,0.19
2026-09-30,38,0.43
2026-09-30,39,0.05
2026-09-30,40,0.23
2026-09-30,41,0.1
2026-09-30,42,0.18
2026-09-30,43,0.4
2026-09-30,44,0.25
2026-09-30,45,0.46
2026-09-30,46,0.35
2026-09-30,47,0.45
2026-09-30,48,0.33
2026-09-30,49,0.27
2026-09-30,50,0.19
2026-09-30,51,0.19
2026-09-30,52,0.12
2026-09-30,53,0.14
2026-09-30,54,0.17
2026-09-30,55,0.24
2026-09-30,56,0.31
2026-09-30,57,0.26
2026-09-30,58,0.14
2026-09-30,59,0.17
2026-09-30,60,0.22
2026-09-30,61,0.1
2026-09-30,62,0.26
2026-09-30,63,0.32
2026-09-30,64,0.4
2026-09-30,65,0.12
2026-09-30,66,0.34
2026-09-30,67,0.16
2026-09-30,68,0.38
2026-09-30,69,0.17
2026-09-30,70,0.22
2026-09-30,71,0.2
2026-09-30,72,0.25
2026-09-30,73,0.15
2026-09-30,74,0.31
2026-09-30,75,0.26
2026-09-30,76,0.2
2026-09-30,77,0.21
2026-09-30,78,0.29
2026-09-30,79,0.32
2026-09-30,80,0.1
2026-09-30,81,0.16
2026-09-30,82,0.08
2026-09-30,83,0.2
2026-09-30,84,0.1
2026-09-30,85,0.17
2026-09-30,86,0.19
2026-09-30,87,0.19
2026-09-30,88,0.16
2026-09-30,89,0.1
2026-09-30,90,0.18
2026-09-30,91,0.28
2026-09-30,92,0.24
2026-09-30,93,0.26
2026-09-30,94,0.29
2026-09-30,95,0.25
2026-09-30,96,0.19
2026-09-30,97,0.14
2026-09-30,98,0.1
2026-09-30,99,0.14
2026-09-30,100,0.2
2026-09-30,101,0.18
2026-09-30,102,0.12
2026-09-30,103,0.21
2026-09-30,104,0.14
2026-09-30,105,0.2
2026-09-30,106,0.16
2026-09-30,107,0.08
2026-09-30,108,0.17
2026-09-30,109,0.17
2026-09-30,110,0.21
2026-09-30,111,0.1
2026-09-30,112,0.04
2026-09-30,113,0.12
2026-09-30,114,0.15
2026-09-30,115,0.22
2026-09-30,116,0.23
2026-09-30,117,0.2
2026-09-30,118,0.16
2026-09-30,119,0.1
2026-09-30,120,0.14
2026-09-30,121,0.15
2026-09-30,122,0.07
2026-09-30,123,0.08
2026-09-30,124,0.11
2026-09-30,125,0.07
2026-09-30,126,0.2
2026-09-30,127,0.16
2026-09-30,128,0.11
2026-09-30,129,0.16
2026-09-30,130,0.2
2026-09-30,131,0.13
2026-09-30,132,0.07
2026-09-30,133,0.1
2026-09-30,134,0.08
2026-09-30,135,0.2
2026-09-30,136,0.1
2026-09-30,137,0.11
2026-09-30,138,0.12
2026-09-30,139,0.11
2026-09-30,140,0.07
2026-09-30,141,0.09
2026-09-30,142,0.16
2026-09-30,143,0.1
2026-09-30,144,0.1
2026-09-30,145,0.07
2026-09-30,146,0.11
2026-09-30,147,0.1
2026-09-30,148,0.09
2026-09-30,149,0.17
2026-09-30,150,0.2
2026-09-30,151,0.14
2026-09-30,152,0.15
2026-09-30,153,0.21
2026-09-30,154,0.18
2026-09-30,155,0.17
2026-09-30,156,0.13
2026-09-30,157,0.18
2026-09-30,158,0.29
2026-09-30,159,0.32
2026-09-30,160,0.29
2026-09-30,161,0.05
2026-09-30,162,0.17
2026-09-30,163,0.15
2026-09-30,164,0.13
2026-09-30,165,0.22
2026-09-30,166,0.37
2026-09-30,167,0.1
2026-09-30,168,0.1
2026-09-30,169,0.18
2026-09-30,170,0.32
2026-09-30,171,0.13
2026-09-30,172,0.11
2026-09-30,173,0.18
2026-09-30,174,0.09
2026-09-30,175,0.1
2026-09-30,176,0.15
2026-09-30,177,0.17
2026-09-30,178,0.08
2026-09-30,179,0.15
2026-09-30,180,0.16
2026-09-30,181,0.16
2026-09-30,182,0.08
2026-09-30,183,0.17
2026-09-30,184,0.12
2026-09-30,185,0.11
2026-09-30,186,0.26
2026-09-30,187,0.22
2026-09-30,188,0.12
2026-09-30,189,0.2
2026-09-30,190,0.3
2026-09-30,191,0.22
2026-09-30,192,0.08
2026-09-30,193,0.15
2026-09-30,194,0.13
2026-09-30,195,0.09
2026-09-30,196,0.11
2026-09-30,197,0.21
2026-09-30,198,0.07
2026-09-30,199,0.17
2026-09-30,200,0.16
2026-09-30,201,0.2
2026-09-30,202,0.16
2026-09-30,203,0.21
2026-09-30,204,0.09
2026-09-30,205,0.14
2026-09-30,206,0.11
2026-09-30,207,0.11
2026-09-30,208,0.18
2026-09-30,209,0.14
2026-09-30,210,0.23
2026-09-30,211,0.17
2026-09-30,212,0.11
2026-09-30,213,0.08
2026-09-30,214,0.09
2026-09-30,215,0.11
2026-09-30,216,0.09
2026-09-30,217,0.16
2026-09-30,218,0.09
2026-09-30,219,0.1
2026-09-30,220,0.19
2026-09-30,221,0.32
2026-09-30,222,0.15
2026-09-30,223,0.16
2026-09-30,224,0.18
2026-09-30,225,0.1
2026-09-30,226,0.31
2026-09-30,227,0.66
2026-09-30,228,0.36
2026-09-30,229,0.12
2026-09-30,230,0.14
2026-09-30,231,0.2
2026-09-30,232,0.18
2026-09-30,233,0.26
2026-09-30,234,0.3
2026-09-30,235,0.2
2026-09-30,236,0.14
2026-09-30,237,0.13
2026-09-30,238,0.22
2026-09-30,239,0.1
2026-09-30,240,0.08
2026-09-30,241,0.22
2026-09-30,242,0.3
2026-09-30,243,0.41
2026-09-30,244,0.3
2026-09-30,245,0.34
2026-09-30,246,0.14
2026-09-30,247,0.21
2026-09-30,248,0.25
2026-09-30,249,0.15
2026-09-30,250,0.1
2026-09-30,251,0.24
2026-09-30,252,0.31
2026-09-30,253,0.34
2026-09-30,254,0.38
2026-09-30,255,0.12
2026-09-30,256,0.19
2026-09-30,257,0.1
2026-09-30,258,0.06
2026-09-30,259,0.11
2026-09-30,260,0.12
2026-09-30,261,0.16
2026-09-30,262,0.2
2026-09-30,263,0.25
2026-09-30,264,0.18
2026-09-30,265,0.09
2026-09-30,266,0.16
2026-09-30,267,0.31
2026-09-30,268,0.14
2026-09-30,269,0.19
2026-09-30,270,0.29
2026-09-30,271,0.3
2026-09-30,272,0.07
2026-09-30,273,0.16
2026-09-30,274,0.32
2026-09-30,275,0.39
2026-09-30,276,0.26
2026-09-30,277,0.25
2026-09-30,278,0.3
2026-09-30,279,0.18
2026-09-30,280,0.38
2026-09-30,281,0.47
2026-09-30,282,0.45
2026-09-30,283,0.22
2026-09-30,284,0.29
2026-09-30,285,0.2
2026-09-30,286,0.24
2026-09-30,287,0.1
2026-09-30,288,0.12
2026-09-30,289,0.11
2026-09-30,290,0.16
2026-09-30,291,0.2
2026-09-30,292,0.12
2026-09-30,293,0.13
2026-09-30,294,0.13
2026-09-30,295,0.1
2026-09-30,296,0.1
2026-09-30,297,0.17
2026-09-30,298,0.1
2026-09-30,299,0.21
2026-09-30,300,0.21
2026-09-30,301,0.14
2026-09-30,302,0.1
2026-09-30,303,0.22
2026-09-30,304,0.16
2026-09-30,305,0.19
2026-09-30,306,0.2
2026-09-30,307,0.19
2026-09-30,308,0.14
2026-09-30,309,0.21
2026-09-30,310,0.18
2026-09-30,311,0.14
2026-09-30,312,0.15
2026-09-30,313,0.26
2026-09-30,314,0.06
2026-09-30,315,0.09
2026-09-30,316,0.16
2026-09-30,317,0.19
2026-09-30,318,0.14
2026-09-30,319,0.11
2026-09-30,320,0.14
2026-09-30,321,0.16
2026-09-30,322,0.15
2026-09-30,323,0.22
2026-09-30,324,0.22
2026-09-30,325,0.1
2026-09-30,326,0.19
2026-09-30,327,0.16
2026-09-30,328,0.28
2026-09-30,329,0.5
2026-09-30,330,0.25
2026-09-30,331,0.2
2026-09-30,332,0.17
2026-09-30,333,0.21
2026-09-30,334,0.24
2026-09-30,335,0.18
2026-09-30,336,0.2
2026-09-30,337,0.4
2026-09-30,338,0.54
2026-09-30,339,0.2
2026-09-30,340,0.38
2026-09-30,341,0.19
2026-09-30,342,0.27
2026-09-30,343,0.47
2026-09-30,344,0.37
2026-09-30,345,0.13
2026-09-30,346,0.39
2026-09-30,347,0.19
2026-09-30,348,0.2
2026-09-30,349,0.11
2026-09-30,350,0.43
2026-09-30,351,0.21
2026-09-30,352,0.28
2026-09-30,353,0.18
2026-09-30,354,0.44
2026-09-30,355,0.19
2026-09-30,356,0.06
2026-09-30,357,0.1
2026-09-30,358,0.42
2026-09-30,359,0.24
2026-09-30,360,0.18
2026-09-30,361,0.3
2026-09-30,362,0.19
2026-09-30,363,0.19
2026-09-30,364,0.2
2026-09-30,365,0.11
2026-09-30,366,0.11
2026-09-30,367,0.1
2026-09-30,368,0.09
2026-09-30,369,0.2
2026-09-30,370,0.12
2026-09-30,371,0.13
2026-09-30,372,0.31
2026-09-30,373,0.12
2026-09-30,374,0.21
2026-09-30,375,0.13
2026-09-30,376,0.39
2026-09-30,377,0.2
2026-09-30,378,0.18
2026-09-30,379,0.2
2026-09-30,380,0.26
2026-09-30,381,0.23
2026-09-30,382,0.25
2026-09-30,383,0.28
2026-09-30,384,0.41
2026-09-30,385,0.4
2026-09-30,386,0.2
2026-09-30,387,0.26
2026-09-30,388,0.31
2026-09-30,389,0.19
2026-09-30,390,0.38
2026-09-30,391,0.23
2026-09-30,392,0.19
2026-09-30,393,0.15
2026-09-30,394,0.25
2026-09-30,395,0.19
2026-09-30,396,0.27
2026-09-30,397,0.48
2026-09-30,398,0.28
2026-09-30,399,0.3
2026-09-30,400,0.24
2026-09-30,401,0.61
2026-09-30,402,0.33
2026-09-30,403,0.18
2026-09-30,404,0.29
2026-09-30,405,0.08
2026-09-30,406,0.07
2026-09-30,407,0.18
2026-09-30,408,0.17
2026-09-30,409,0.09
2026-09-30,410,0.24
2026-09-30,411,0.23
2026-09-30,412,0.21
2026-09-30,413,0.19
2026-09-30,414,0.27
2026-09-30,415,0.18
2026-09-30,416,0.17
2026-09-30,417,0.09
2026-09-30,418,0.25
2026-09-30,419,0.19
2026-09-30,420,0.44
2026-09-30,421,0.25
2026-09-30,422,0.16
2026-09-30,423,0.22
2026-09-30,424,0.37
2026-09-30,425,0.31
2026-09-30,426,0.14
2026-09-30,427,0.12
2026-09-30,428,0.24
2026-09-30,429,0.17
2026-09-30,430,0.15
2026-09-30,431,0.25
2026-09-30,432,0.18
2026-09-30,433,0.08
2026-09-30,434,0.28
2026-09-30,435,0.31
2026-09-30,436,0.33
2026-09-30,437,0.22
2026-09-30,438,0.2
2026-09-30,439,0.2
2026-09-30,440,0.35
2026-09-30,441,0.25
2026-09-30,442,0.28
2026-09-30,443,0.3
2026-09-30,444,0.1
2026-09-30,445,0.1
2026-09-30,446,0.11
2026-09-30,447,0.16
2026-09-30,448,0.29
2026-09-30,449,0.3
2026-09-30,450,0.21
2026-09-30,451,0.21
2026-09-30,452,0.3
2026-09-30,453,0.31
2026-09-30,454,0.13
2026-09-30,455,0.27
2026-09-30,456,0.24
2026-09-30,457,0.21
2026-09-30,458,0.14
2026-09-30,459,0.26
2026-09-30,460,0.53
2026-09-30,461,0.16
2026-09-30,462,0.18
2026-09-30,463,0.2
2026-09-30,464,0.35
2026-09-30,465,0.14
2026-09-30,466,0.14
2026-09-30,467,0.11
2026-09-30,468,0.16
2026-09-30,469,0.13
2026-09-30,470,0.06
2026-09-30,471,0.26
2026-09-30,472,0.19
2026-09-30,473,0.19
2026-09-30,474,0.3
2026-09-30,475,0.12
2026-09-30,476,0.17
2026-09-30,477,0.19
2026-09-30,478,0.16
2026-09-30,479,0.06
2026-09-30,480,0.29
2026-09-30,481,0.3
2026-09-30,482,0.14
2026-09-30,483,0.31
2026-09-30,484,0.22
2026-09-30,485,0.15
2026-09-30,486,0.12
2026-09-30,487,0.36
2026-09-30,488,0.59
2026-09-30,489,0.49
2026-09-30,490,0.41
2026-09-30,491,0.36
2026-09-30,492,0.42
2026-09-30,493,0.34
2026-09-30,494,0.63
2026-09-30,495,0.27
2026-09-30,496,0.38
2026-09-30,497,0.34
2026-09-30,498,0.15
2026-09-30,499,0.18
2026-09-30,500,0.2
2026-09-30,501,0.2
2026-09-30,502,0.18
2026-09-30,503,0.2
2026-09-30,504,0.31
2026-09-30,505,0.25
2026-09-30,506,0.26
2026-09-30,507,0.14
2026-09-30,508,0.3
2026-09-30,509,0.14
2026-09-30,510,0.19
2026-09-30,511,0.21
2026-09-30,512,0.28
2026-09-30,513,0.2
2026-09-30,514,0.17
2026-09-30,515,0.22
2026-09-30,516,0.12
2026-09-30,517,0.21
2026-09-30,518,0.24
2026-09-30,519,0.22
2026-09-30,520,0.18
2026-09-30,521,0.2
2026-09-30,522,0.19
2026-09-30,523,0.34
2026-09-30,524,0.24
2026-09-30,525,0.31
2026-09-30,526,0.31
2026-09-30,527,0.15
2026-09-30,528,0.19
2026-09-30,529,0.26
2026-09-30,530,0.35
2026-09-30,531,0.17
2026-09-30,532,0.35
2026-09-30,533,0.27
2026-09-30,534,0.15
2026-09-30,535,0.28
2026-09-30,536,0.28
2026-09-30,537,0.1
2026-09-30,538,0.22
2026-09-30,539,0.35
2026-09-30,540,0.23
2026-09-30,541,0.31
2026-09-30,542,0.4
2026-09-30,543,0.32
2026-09-30,544,0.35
2026-09-30,545,0.34
2026-09-30,546,0.23
2026-09-30,547,0.27
2026-09-30,548,0.41
2026-09-30,549,0.45
2026-09-30,550,0.56
2026-09-30,551,0.29
2026-09-30,552,0.13
2026-09-30,553,0.32
2026-09-30,554,0.16
2026-09-30,555,0.11
2026-09-30,556,0.22
2026-09-30,557,0.18
2026-09-30,558,0.35
2026-09-30,559,0.39
2026-09-30,560,0.41
2026-09-30,561,0.27
2026-09-30,562,0.24
2026-09-30,563,0.19
2026-09-30,564,0.41
2026-09-30,565,0.33
2026-09-30,566,0.6
2026-09-30,567,0.53
2026-09-30,568,0.34
2026-09-30,569,0.89
2026-09-30,570,0.1
2026-09-30,571,0.33
2026-09-30,572,0.22
2026-09-30,573,0.45
2026-09-30,574,0.78
2026-09-30,575,0.31
2026-09-30,576,0.55
2026-09-30,577,0.68
2026-09-30,578,0.87
2026-09-30,579,0.75
2026-09-30,580,0.73
2026-09-30,581,0.53
2026-09-30,582,0.5
2026-09-30,583,0.82
2026-09-30,584,0.32
2026-09-30,585,0.37
2026-09-30,586,0.41
2026-09-30,587,0.49
2026-09-30,588,0.36
2026-09-30,589,0.26
2026-09-30,590,0.42
2026-09-30,591,0.41
2026-09-30,592,0.43
2026-09-30,593,0.44
2026-09-30,594,0.4
2026-09-30,595,0.37
2026-09-30,596,0.3
2026-09-30,597,0.43
2026-09-30,598,0.43
2026-09-30,599,0.24
2026-09-30,600,0.35
2026-09-30,601,0.19
2026-09-30,602,0.45
2026-09-30,603,0.19
2026-09-30,604,0.78
2026-09-30,605,0.58
2026-09-30,606,0.84
2026-09-30,607,0.79
2026-09-30,608,0.69
2026-09-30,609,0.47
2026-09-30,610,0.53
2026-09-30,611,1.02
2026-09-30,612,1.04
2026-09-30,613,0.8
2026-09-30,614,0.81
2026-09-30,615,0.39
2026-09-30,616,0.39
2026-09-30,617,0.36
2026-09-30,618,0.65
2026-09-30,619,0.44
2026-09-30,620,0.28
2026-09-30,621,0.83
2026-09-30,622,0.3
2026-09-30,623,0.36
2026-09-30,624,0.62
2026-09-30,625,0.22
2026-09-30,626,0.36
2026-09-30,627,0.31
2026-09-30,628,0.26
2026-09-30,629,0.6
2026-09-30,630,0.66
2026-09-30,631,0.8
2026-09-30,632,0.7
2026-09-30,633,0.42
2026-09-30,634,0.8
2026-09-30,635,0.38
2026-09-30,636,0.29
2026-09-30,637,0.25
2026-09-30,638,0.2
2026-09-30,639,0.63
2026-09-30,640,0.59
2026-09-30,641,0.46
2026-09-30,642,0.67
2026-09-30,643,0.32
2026-09-30,644,0.69
2026-09-30,645,0.51
2026-09-30,646,0.26
2026-09-30,647,0.17
2026-09-30,648,0.4
2026-09-30,649,0.54
2026-09-30,650,0.09
2026-09-30,651,0.16
2026-09-30,652,0.27
2026-09-30,653,0.42
2026-09-30,654,0.42
2026-09-30,655,0.46
2026-09-30,656,0.4
2026-09-30,657,0.45
2026-09-30,658,0.37
2026-09-30,659,0.4
2026-09-30,660,0.3
2026-09-30,661,0.32
2026-09-30,662,0.37
2026-09-30,663,0.36
2026-09-30,664,0.26
2026-09-30,665,0.22
2026-09-30,666,0.3
2026-09-30,667,0.38
2026-09-30,668,0.31
2026-09-30,669,0.22
2026-09-30,670,0.28
2026-09-30,671,0.32
2026-09-30,672,0.56
2026-09-30,673,0.25
2026-09-30,674,0.3
2026-09-30,675,0.34
2026-09-30,676,0.35
2026-09-30,677,0.21
2026-09-30,678,0.32
2026-09-30,679,0.51
2026-09-30,680,0.39
2026-09-30,681,0.39
2026-09-30,682,0.3
2026-09-30,683,0.49
2026-09-30,684,0.25
2026-09-30,685,0.33
2026-09-30,686,0.2
2026-09-30,687,0.32
2026-09-30,688,0.2
2026-09-30,689,0.24
2026-09-30,690,0.18
2026-09-30,691,0.23
2026-09-30,692,0.37
2026-09-30,693,0.42
2026-09-30,694,0.2
2026-09-30,695,0.21
2026-09-30,696,0.38
2026-09-30,697,0.8
2026-09-30,698,0.62
2026-09-30,699,0.16
2026-09-30,700,0.18
2026-09-30,701,0.15
2026-09-30,702,0.33
2026-09-30,703,0.51
2026-09-30,704,0.29
2026-09-30,705,0.2
2026-09-30,706,0.28
2026-09-30,707,0.38
2026-09-30,708,0.17
2026-09-30,709,0.12
2026-09-30,710,0.26
2026-09-30,711,0.26
2026-09-30,712,0.45
2026-09-30,713,0.17
2026-09-30,714,0.37
2026-09-30,715,0.8
2026-09-30,716,0.29
2026-09-30,717,0.24
2026-09-30,718,0.2
2026-09-30,719,0.19
2026-09-30,720,0.31
2026-09-30,721,0.47
2026-09-30,722,0.18
2026-09-30,723,0.12
2026-09-30,724,0.17
2026-09-30,725,0.23
2026-09-30,726,0.36
2026-09-30,727,0.76
2026-09-30,728,0.27
2026-09-30,729,0.25
2026-09-30,730,0.24
2026-09-30,731,0.29
2026-09-30,732,0.24
2026-09-30,733,0.48
2026-09-30,734,0.49
2026-09-30,735,0.35
2026-09-30,736,0.23
2026-09-30,737,0.13
2026-09-30,738,0.1
2026-09-30,739,0.2
2026-09-30,740,0.42
2026-09-30,741,0.17
2026-09-30,742,0.4
2026-09-30,743,0.18
2026-09-30,744,0.3
2026-09-30,745,0.08
2026-09-30,746,0.39
2026-09-30,747,0.86
2026-09-30,748,0.2
2026-09-30,749,0.34
2026-09-30,750,0.23
2026-09-30,751,0.11
2026-09-30,752,0.3
2026-09-30,753,0.39
2026-09-30,754,0.33
2026-09-30,755,0.49
2026-09-30,756,0.56
2026-09-30,757,0.66
2026-09-30,758,0.12
2026-09-30,759,0.41
2026-09-30,760,0.23
2026-09-30,761,0.22
2026-09-30,762,0.36
2026-09-30,763,1.02
2026-09-30,764,0.52
2026-09-30,765,0.1
2026-09-30,766,0.88
2026-09-30,767,0.3
2026-09-30,768,0.35
2026-09-30,769,0.82
2026-09-30,770,0.44
2026-09-30,771,0.15
2026-09-30,772,0.37
2026-09-30,773,0.21
2026-09-30,774,0.57
2026-09-30,775,0.49
2026-09-30,776,0.51
2026-09-30,777,0.45
2026-09-30,778,0.42
2026-09-30,779,0.51
2026-09-30,780,0.54
2026-09-30,781,0.45
2026-09-30,782,0.35
2026-09-30,783,0.28
2026-09-30,784,0.27
2026-09-30,785,0.18
2026-09-30,786,0.3
2026-09-30,787,0.59
2026-09-30,788,0.2
2026-09-30,789,0.3
2026-09-30,790,0.79
2026-09-30,791,0.7
2026-09-30,792,0.61
2026-09-30,793,0.33
2026-09-30,794,0.21
2026-09-30,795,0.29
2026-09-30,796,0.21
2026-09-30,797,0.43
2026-09-30,798,0.18
2026-09-30,799,0.24
2026-09-30,800,0.23
2026-09-30,801,0.43
2026-09-30,802,0.39
2026-09-30,803,0.54
2026-09-30,804,0.53
2026-09-30,805,0.34
2026-09-30,806,0.87
2026-09-30,807,0.59
2026-09-30,808,0.5
2026-09-30,809,0.73
2026-09-30,810,0.8
2026-09-30,811,0.83
2026-09-30,812,0.63
2026-09-30,813,0.68
2026-09-30,814,0.34
2026-09-30,815,0.36
2026-09-30,816,0.53
2026-09-30,817,0.22
2026-09-30,818,1.59
2026-09-30,819,0.75
2026-09-30,820,0.63
2026-09-30,821,0.68
2026-09-30,822,0.44
2026-09-30,823,0.23
2026-09-30,824,0.33
2026-09-30,825,0.28
2026-09-30,826,0.59
2026-09-30,827,0.99
2026-09-30,828,0.31
2026-09-30,829,0.39
2026-09-30,830,0.36
2026-09-30,831,0.14
2026-09-30,832,0.33
2026-09-30,833,0.45
2026-09-30,834,0.44
2026-09-30,835,0.38
2026-09-30,836,0.47
2026-09-30,837,0.39
2026-09-30,838,0.65
2026-09-30,839,0.36
2026-09-30,840,0.18
2026-09-30,841,0.19
2026-09-30,842,0.64
2026-09-30,843,0.41
2026-09-30,844,0.55
2026-09-30,845,0.37
2026-09-30,846,0.4
2026-09-30,847,0.72
2026-09-30,848,0.44
2026-09-30,849,0.31
2026-09-30,850,0.16
2026-09-30,851,0.35
2026-09-30,852,0.65
2026-09-30,853,0.66
2026-09-30,854,0.62
2026-09-30,855,0.4
2026-09-30,856,0.31
2026-09-30,857,0.14
2026-09-30,858,0.14
2026-09-30,859,0.18
2026-09-30,860,0.3
2026-09-30,861,0.18
2026-09-30,862,0.2
2026-09-30,863,0.3
2026-09-30,864,0.19
2026-09-30,865,0.32
2026-09-30,866,0.24
2026-09-30,867,0.18
2026-09-30,868,0.18
2026-09-30,869,0.2
2026-09-30,870,0.15
2026-09-30,871,0.19
2026-09-30,872,0.3
2026-09-30,873,0.18
2026-09-30,874,0.22
2026-09-30,875,0.19
2026-09-30,876,0.18
2026-09-30,877,0.19
2026-09-30,878,0.25
2026-09-30,879,0.2
2026-09-30,880,0.2
2026-09-30,881,0.17
2026-09-30,882,0.17
2026-09-30,883,0.17
2026-09-30,884,0.18
2026-09-30,885,0.16
2026-09-30,886,0.26
2026-09-30,887,0.27
2026-09-30,888,0.16
2026-09-30,889,0.14
2026-09-30,890,0.17
2026-09-30,891,0.12
2026-09-30,892,0.13
2026-09-30,893,0.24
2026-09-30,894,0.2
2026-09-30,895,0.35
2026-09-30,896,0.1
2026-09-30,897,0.12
2026-09-30,898,0.1
2026-09-30,899,0.19
2026-09-30,900,0.15
2026-09-30,901,0.16
2026-09-30,902,0.13
2026-09-30,903,0.21
2026-09-30,904,0.23
2026-09-30,905,0.41
2026-09-30,906,0.51
2026-09-30,907,0.23
2026-09-30,908,0.2
2026-09-30,909,0.23
2026-09-30,910,0.25
2026-09-30,911,0.1
2026-09-30,912,0.1
2026-09-30,913,0.15
2026-09-30,914,0.16
2026-09-30,915,0.15
2026-09-30,916,0.31
2026-09-30,917,0.19
2026-09-30,918,0.2
2026-09-30,919,0.23
2026-09-30,920,0.27
2026-09-30,921,0.3
2026-09-30,922,0.23
2026-09-30,923,0.08
2026-09-30,924,0.3
2026-09-30,925,0.18
2026-09-30,926,0.21
2026-09-30,927,0.16
2026-09-30,928,0.15
2026-09-30,929,0.08
2026-09-30,930,0.1
2026-09-30,931,0.08
2026-09-30,932,0.08
2026-09-30,933,0.08
2026-09-30,934,0.1
2026-09-30,935,0.16
2026-09-30,936,0.12
2026-09-30,937,0.11
2026-09-30,938,0.16
2026-09-30,939,0.46
2026-09-30,940,0.58
2026-09-30,941,0.28
2026-09-30,942,0.15
2026-09-30,943,0.11
2026-09-30,944,0.38
2026-09-30,945,0.32
2026-09-30,946,0.28
2026-09-30,947,0.28
2026-09-30,948,0.56
2026-09-30,949,0.15
2026-09-30,950,0.2
2026-09-30,951,0.15
2026-09-30,952,0.2
2026-09-30,953,0.18
2026-09-30,954,0.17
2026-09-30,955,0.29
2026-09-30,956,0.18
2026-09-30,957,0.25
2026-09-30,958,0.07
2026-09-30,959,0.18
2026-09-30,960,0.15
2026-09-30,961,0.1
2026-09-30,962,0.18
2026-09-30,963,0.15
2026-09-30,964,0.11
2026-09-30,965,0.29
2026-09-30,966,0.23
2026-09-30,967,0.19
2026-09-30,968,0.13
2026-09-30,969,0.07
2026-09-30,970,0.17
2026-09-30,971,0.17
2026-09-30,972,0.13
2026-09-30,973,0.14
2026-09-30,974,0.14
2026-09-30,975,0.21
2026-09-30,976,0.29
2026-09-30,977,0.2
2026-09-30,978,0.13
2026-09-30,979,0.13
2026-09-30,980,0.2
2026-09-30,981,0.12
2026-09-30,982,0.04
2026-09-30,983,0.18
2026-09-30,984,0.16
2026-09-30,985,0.08
2026-09-30,986,0.25
2026-09-30,987,0.22
2026-09-30,988,0.06
2026-09-30,989,0.12
2026-09-30,990,0.2
2026-09-30,991,0.17
2026-09-30,992,0.31
2026-09-30,993,0.28
2026-09-30,994,0.2
2026-09-30,995,0.19
2026-09-30,996,0.33
2026-09-30,997,0.2
2026-09-30,998,0.22
2026-09-30,999,0.2
2026-09-30,1000,0.21
2026-09-30,1001,0.72
2026-09-30,1002,0.8
2026-09-30,1003,0.29
2026-09-30,1004,0.18
2026-09-30,1005,0.24
2026-09-30,1006,0.1
2026-09-30,1007,0.16
2026-09-30,1008,0.15
2026-09-30,1009,0.21
2026-09-30,1010,0.17
2026-09-30,1011,0.19
2026-09-30,1012,0.1
2026-09-30,1013,0.17
2026-09-30,1014,0.27
2026-09-30,1015,0.09
2026-09-30,1016,0.16
2026-09-30,1017,0.17
2026-09-30,1018,0.09
2026-09-30,1019,0.2
2026-09-30,1020,0.05
2026-09-30,1021,0.07
2026-09-30,1022,0.09
2026-09-30,1023,0.11
2026-09-30,1024,0.18
2026-09-30,1025,0.24
2026-09-30,1026,0.17
2026-09-30,1027,0.17
2026-09-30,1028,0.13
2026-09-30,1029,0.1
2026-09-30,1030,0.21
2026-09-30,1031,0.2
2026-09-30,1032,0.1
2026-09-30,1033,0.1
2026-09-30,1034,0.21
2026-09-30,1035,0.16
2026-09-30,1036,0.17
2026-09-30,1037,0.05
2026-09-30,1038,0.11
2026-09-30,1039,0.14
2026-09-30,1040,0.16
2026-09-30,1041,0.1
2026-09-30,1042,0.11
2026-09-30,1043,0.2
2026-09-30,1044,0.34
2026-09-30,1045,0.31
2026-09-30,1046,0.18
2026-09-30,1047,0.23
2026-09-30,1048,0.28
2026-09-30,1049,0.31
2026-09-30,1050,0.36
2026-09-30,1051,0.28
2026-09-30,1052,0.21
2026-09-30,1053,0.24
2026-09-30,1054,0.2
2026-09-30,1055,0.16
2026-09-30,1056,0.27
2026-09-30,1057,0.25
2026-09-30,1058,0.2
2026-09-30,1059,0.23
2026-09-30,1060,0.21
2026-09-30,1061,0.23
2026-09-30,1062,0.15
2026-09-30,1063,0.26
2026-09-30,1064,0.17
2026-09-30,1065,0.11
2026-09-30,1066,0.13
2026-09-30,1067,0.26
2026-09-30,1068,0.27
2026-09-30,1069,0.55
2026-09-30,1070,1.15
2026-09-30,1071,0.94
2026-09-30,1072,0.65
2026-09-30,1073,0.41
2026-09-30,1074,0.25
2026-09-30,1075,0.1
2026-09-30,1076,0.22
2026-09-30,1077,0.25
2026-09-30,1078,0.6
2026-09-30,1079,1.42
2026-09-30,1080,1.42
2026-09-30,1081,0.85
2026-09-30,1082,0.9
2026-09-30,1083,0.5
2026-09-30,1084,1.34
2026-09-30,1085,1.4
2026-09-30,1086,1.55
2026-09-30,1087,1.13
2026-09-30,1088,1.41
2026-09-30,1089,0.83
2026-09-30,1090,0.43
2026-09-30,1091,0.42
2026-09-30,1092,0.43
2026-09-30,1093,0.2
2026-09-30,1094,0.19
2026-09-30,1095,0.31
2026-09-30,1096,0.15
2026-09-30,1097,0.2
2026-09-30,1098,0.17
2026-09-30,1099,0.13
2026-09-30,1100,0.49
2026-09-30,1101,0.43
2026-09-30,1102,0.44
2026-09-30,1103,0.36
2026-09-30,1104,0.36
2026-09-30,1105,0.35
2026-09-30,1106,0.33
2026-09-30,1107,0.23
2026-09-30,1108,0.4
2026-09-30,1109,0.4
2026-09-30,1110,0.41
2026-09-30,1111,0.17
2026-09-30,1112,0.18
2026-09-30,1113,0.32
2026-09-30,1114,0.3
2026-09-30,1115,0.15
2026-09-30,1116,0.28
2026-09-30,1117,0.15
2026-09-30,1118,0.19
2026-09-30,1119,0.11
2026-09-30,1120,0.1
2026-09-30,1121,0.22
2026-09-30,1122,0.13
2026-09-30,1123,0.2
2026-09-30,1124,0.16
2026-09-30,1125,0.16
2026-09-30,1126,0.2
2026-09-30,1127,0.23
2026-09-30,1128,0.11
2026-09-30,1129,0.09
2026-09-30,1130,0.12
2026-09-30,1131,0.2
2026-09-30,1132,0.2
2026-09-30,1133,0.18
2026-09-30,1134,0.27
2026-09-30,1135,0.17
2026-09-30,1136,0.25
2026-09-30,1137,0.15
2026-09-30,1138,0.2
2026-09-30,1139,0.2
2026-09-30,1140,0.11
2026-09-30,1141,0.11
2026-09-30,1142,0.1
2026-09-30,1143,0.16
2026-09-30,1144,0.22
2026-09-30,1145,0.27
2026-09-30,1146,0.26
2026-09-30,1147,0.1
2026-09-30,1148,0.25
2026-09-30,1149,0.1
2026-09-30,1150,0.19
2026-09-30,1151,0.1
2026-09-30,1152,0.14
2026-09-30,1153,0.25
2026-09-30,1154,0.29
2026-09-30,1155,0.09
2026-09-30,1156,0.16
2026-09-30,1157,0.15
2026-09-30,1158,0.2
2026-09-30,1159,0.25
2026-09-30,1160,0.18
2026-09-30,1161,0.15
2026-09-30,1162,0.12
2026-09-30,1163,0.17
2026-09-30,1164,0.44
2026-09-30,1165,0.4
2026-09-30,1166,0.19
2026-09-30,1167,0.35
2026-09-30,1168,0.33
2026-09-30,1169,0.24
2026-09-30,1170,0.16
2026-09-30,1171,0.29
2026-09-30,1172,0.1
2026-09-30,1173,0.14
2026-09-30,1174,0.21
2026-09-30,1175,0.21
2026-09-30,1176,0.28
2026-09-30,1177,0.14
2026-09-30,1178,0.28
2026-09-30,1179,0.19
2026-09-30,1180,0.24
2026-09-30,1181,0.3
2026-09-30,1182,0.27
2026-09-30,1183,0.25
2026-09-30,1184,0.08
2026-09-30,1185,0.11
2026-09-30,1186,0.08
2026-09-30,1187,0.21
2026-09-30,1188,0.15
2026-09-30,1189,0.21
2026-09-30,1190,0.11
2026-09-30,1191,0.3
2026-09-30,1192,0.24
2026-09-30,1193,0.18
2026-09-30,1194,0.15
2026-09-30,1195,0.6
2026-09-30,1196,0.3
2026-09-30,1197,0.32
2026-09-30,1198,0.24
2026-09-30,1199,0.4
2026-09-30,1200,0.25
2026-09-30,1201,0.11
2026-09-30,1202,0.12
2026-09-30,1203,0.09
2026-09-30,1204,0.21
2026-09-30,1205,0.23
2026-09-30,1206,0.13
2026-09-30,1207,0.1
2026-09-30,1208,0.17
2026-09-30,1209,0.11
2026-09-30,1210,0.16
2026-09-30,1211,0.18
2026-09-30,1212,0.05
2026-09-30,1213,0.15
2026-09-30,1214,0.38
2026-09-30,1215,0.16
2026-09-30,1216,0.29
2026-09-30,1217,0.27
2026-09-30,1218,0.25
2026-09-30,1219,0.11
2026-09-30,1220,0.11
2026-09-30,1221,0.12
2026-09-30,1222,0.24
2026-09-30,1223,0.13
2026-09-30,1224,0.14
2026-09-30,1225,0.14
2026-09-30,1226,0.44
2026-09-30,1227,0.25
2026-09-30,1228,0.23
2026-09-30,1229,0.27
2026-09-30,1230,0.35
2026-09-30,1231,0.09
2026-09-30,1232,0.24
2026-09-30,1233,0.11
2026-09-30,1234,0.29
2026-09-30,1235,0.67
2026-09-30,1236,0.2
2026-09-30,1237,0.16
2026-09-30,1238,0.15
2026-09-30,1239,0.2
2026-09-30,1240,0.16
2026-09-30,1241,0.24
2026-09-30,1242,0.27
2026-09-30,1243,0.22
2026-09-30,1244,0.21
2026-09-30,1245,0.18
2026-09-30,1246,0.07
2026-09-30,1247,0.39
2026-09-30,1248,0.2
2026-09-30,1249,0.31
2026-09-30,1250,0.4
2026-09-30,1251,0.21
2026-09-30,1252,0.64
2026-09-30,1253,0.19
2026-09-30,1254,0.14
2026-09-30,1255,0.14
2026-09-30,1256,0.12
2026-09-30,1257,0.32
2026-09-30,1258,0.32
2026-09-30,1259,0.17
2026-09-30,1260,0.1
2026-09-30,1261,0.13
2026-09-30,1262,0.16
2026-09-30,1263,0.11
2026-09-30,1264,0.2
2026-09-30,1265,0.14
2026-09-30,1266,0.19
2026-09-30,1267,0.1
2026-09-30,1268,0.08
2026-09-30,1269,0.06
2026-09-30,1270,0.08
2026-09-30,1271,0.18
2026-09-30,1272,0.21
2026-09-30,1273,0.18
2026-09-30,1274,0.11
2026-09-30,1275,0.16
2026-09-30,1276,0.11
2026-09-30,1277,0.17
2026-09-30,1278,0.09
2026-09-30,1279,0.16
2026-09-30,1280,0.08
2026-09-30,1281,0.2
2026-09-30,1282,0.09
2026-09-30,1283,0.07
2026-09-30,1284,0.29
2026-09-30,1285,0.19
2026-09-30,1286,0.12
2026-09-30,1287,0.13
2026-09-30,1288,0.11
2026-09-30,1289,0.18
2026-09-30,1290,0.12
2026-09-30,1291,0.12
2026-09-30,1292,0.1
2026-09-30,1293,0.07
2026-09-30,1294,0.09
2026-09-30,1295,0.14
2026-09-30,1296,0.24
2026-09-30,1297,0.12
2026-09-30,1298,0.15
2026-09-30,1299,0.17
2026-09-30,1300,0.17
2026-09-30,1301,0.04
2026-09-30,1302,0.09
2026-09-30,1303,0.17
2026-09-30,1304,0.11
2026-09-30,1305,0.3
2026-09-30,1306,0.3
2026-09-30,1307,0.22
2026-09-30,1308,0.43
2026-09-30,1309,0.43
2026-09-30,1310,0.22
2026-09-30,1311,0.15
2026-09-30,1312,0.3
2026-09-30,1313,0.46
2026-09-30,1314,0.51
2026-09-30,1315,0.73
2026-09-30,1316,0.5
2026-09-30,1317,0.39
2026-09-30,1318,0.24
2026-09-30,1319,0.91
2026-09-30,1320,0.9
2026-09-30,1321,0.48
2026-09-30,1322,0.86
2026-09-30,1323,1.58
2026-09-30,1324,2.69
2026-09-30,1325,1.34
2026-09-30,1326,0.47
2026-09-30,1327,1.17
2026-09-30,1328,0.59
2026-09-30,1329,0.33
2026-09-30,1330,0.2
2026-09-30,1331,0.66
2026-09-30,1332,0.39
2026-09-30,1333,0.64
2026-09-30,1334,0.82
2026-09-30,1335,1.15
2026-09-30,1336,0.9
2026-09-30,1337,0.27
2026-09-30,1338,0.49
2026-09-30,1339,1.01
2026-09-30,1340,0.31
2026-09-30,1341,0.11
2026-09-30,1342,0.2
2026-09-30,1343,0.06
2026-09-30,1344,0.28
2026-09-30,1345,0.24
2026-09-30,1346,0.17
2026-09-30,1347,0.27
2026-09-30,1348,0.13
2026-09-30,1349,0.33
2026-09-30,1350,0.2
2026-09-30,1351,0.17
2026-09-30,1352,0.28
2026-09-30,1353,0.04
2026-09-30,1354,0.1
2026-09-30,1355,0.21
2026-09-30,1356,0.22
2026-09-30,1357,0.11
2026-09-30,1358,0.3
2026-09-30,1359,0.23
2026-09-30,1360,0.3
2026-09-30,1361,0.13
2026-09-30,1362,0.28
2026-09-30,1363,0.42
2026-09-30,1364,0.4
2026-09-30,1365,0.32
2026-09-30,1366,0.14
2026-09-30,1367,0.67
2026-09-30,1368,1.23
2026-09-30,1369,0.9
2026-09-30,1370,0.35
2026-09-30,1371,0.23
2026-09-30,1372,0.2
2026-09-30,1373,0.27
2026-09-30,1374,0.24
2026-09-30,1375,0.19
2026-09-30,1376,0.19
2026-09-30,1377,0.16
2026-09-30,1378,0.21
2026-09-30,1379,0.2
2026-09-30,1380,0.09
2026-09-30,1381,0.08
2026-09-30,1382,0.06
2026-09-30,1383,0.1
2026-09-30,1384,0.09
2026-09-30,1385,0.11
2026-09-30,1386,0.08
2026-09-30,1387,0.05
2026-09-30,1388,0.18
2026-09-30,1389,0.19
2026-09-30,1390,0.09
2026-09-30,1391,0.1
2026-09-30,1392,0.06
2026-09-30,1393,0.1
2026-09-30,1394,0.08
2026-09-30,1395,0.05
2026-09-30,1396,0.1
2026-09-30,1397,0.1
2026-09-30,1398,0.1
2026-09-30,1399,0.17
2026-09-30,1400,0.11
2026-09-30,1401,0.12
2026-09-30,1402,0.19
2026-09-30,1403,0.29
2026-09-30,1404,0.15
2026-09-30,1405,0.2
2026-09-30,1406,0.12
2026-09-30,1407,0.12
2026-09-30,1408,0.12
2026-09-30,1409,0.33
2026-09-30,1410,0.11
2026-09-30,1411,0.09
2026-09-30,1412,0.12
2026-09-30,1413,0.09
2026-09-30,1414,0.18
2026-09-30,1415,0.11
2026-09-30,1416,0.14
2026-09-30,1417,0.31
2026-09-30,1418,0.73
2026-09-30,1419,0.46
2026-09-30,1420,0.8
2026-09-30,1421,0.32
2026-09-30,1422,0.51
2026-09-30,1423,0.6
2026-09-30,1424,0.8
2026-09-30,1425,0.28
2026-09-30,1426,0.1
2026-09-30,1427,0.31
2026-09-30,1428,0.27
2026-09-30,1429,0.06
2026-09-30,1430,0.1
2026-09-30,1431,0.29
2026-09-30,1432,0.58
2026-09-30,1433,0.11
2026-09-30,1434,0.58
2026-09-30,1435,0.61
2026-09-30,1436,0.21
2026-09-30,1437,0.28
2026-09-30,1438,0.17
2026-09-30,1439,0.1
2026-10-01,1,0.34
2026-10-01,2,0.16
2026-10-01,3,0.27
2026-10-01,4,0.22
2026-10-01,5,0.37
2026-10-01,6,1.02
2026-10-01,7,1.76
2026-10-01,8,0.88
2026-10-01,9,0.93
2026-10-01,10,0.47
2026-10-01,11,0.64
2026-10-01,12,1.2
2026-10-01,13,0.15
2026-10-01,14,0.62
2026-10-01,15,0.35
2026-10-01,16,0.27
2026-10-01,17,0.33
2026-10-01,18,0.52
2026-10-01,19,0.26
2026-10-01,20,0.25
2026-10-01,21,0.21
2026-10-01,22,0.37
2026-10-01,23,0.3
2026-10-01,24,0.12
2026-10-01,25,0.42
2026-10-01,26,0.1
2026-10-01,27,0.26
2026-10-01,28,0.28
2026-10-01,29,0.31
2026-10-01,30,0.35
2026-10-01,31,0.21
2026-10-01,32,0.16
2026-10-01,33,0.4
2026-10-01,34,0.1
2026-10-01,35,0.32
2026-10-01,36,0.56
2026-10-01,37,0.28
2026-10-01,38,0.11
2026-10-01,39,0.1
2026-10-01,40,0.23
2026-10-01,41,0.33
2026-10-01,42,0.09
2026-10-01,43,0.19
2026-10-01,44,0.14
2026-10-01,45,0.24
2026-10-01,46,0.2
2026-10-01,47,0.19
2026-10-01,48,0.61
2026-10-01,49,0.85
2026-10-01,50,0.5
2026-10-01,51,0.1
2026-10-01,52,0.39
2026-10-01,53,0.22
2026-10-01,54,0.25
2026-10-01,55,0.32
2026-10-01,56,0.26
2026-10-01,57,0.28
2026-10-01,58,0.25
2026-10-01,59,0.17
2026-10-01,60,0.19
2026-10-01,61,0.5
2026-10-01,62,0.23
2026-10-01,63,0.11
2026-10-01,64,0.56
2026-10-01,65,0.37
2026-10-01,66,0.22
2026-10-01,67,0.22
2026-10-01,68,0.35
2026-10-01,69,0.11
2026-10-01,70,0.12
2026-10-01,71,0.41
2026-10-01,72,0.27
2026-10-01,73,0.63
2026-10-01,74,0.42
2026-10-01,75,0.4
2026-10-01,76,0.2
2026-10-01,77,0.11
2026-10-01,78,0.21
2026-10-01,79,0.36
2026-10-01,80,0.18
2026-10-01,81,0.13
2026-10-01,82,0.25
2026-10-01,83,0.38
2026-10-01,84,0.12
2026-10-01,85,0.13
2026-10-01,86,0.15
2026-10-01,87,0.19
2026-10-01,88,0.15
2026-10-01,89,0.09
2026-10-01,90,0.1
2026-10-01,91,0.2
2026-10-01,92,0.11
2026-10-01,93,0.11
2026-10-01,94,0.08
2026-10-01,95,0.07
2026-10-01,96,0.03
2026-10-01,97,0.1
2026-10-01,98,0.1
2026-10-01,99,0.13
2026-10-01,100,0.1
2026-10-01,101,0.13
2026-10-01,102,0.45
2026-10-01,103,0.21
2026-10-01,104,0.08
2026-10-01,105,0.25
2026-10-01,106,0.13
2026-10-01,107,0.21
2026-10-01,108,0.18
2026-10-01,109,0.18
2026-10-01,110,0.16
2026-10-01,111,0.26
2026-10-01,112,0.2
2026-10-01,113,0.1
2026-10-01,114,0.1
2026-10-01,115,0.12
2026-10-01,116,0.1
2026-10-01,117,0.1
2026-10-01,118,0.1
2026-10-01,119,0.24
2026-10-01,120,0.15
2026-10-01,121,0.13
2026-10-01,122,0.2
2026-10-01,123,0.33
2026-10-01,124,0.18
2026-10-01,125,0.35
2026-10-01,126,0.4
2026-10-01,127,0.17
2026-10-01,128,0.21
2026-10-01,129,0.13
2026-10-01,130,0.11
2026-10-01,131,0.16
2026-10-01,132,0.1
2026-10-01,133,0.27
2026-10-01,134,0.29
2026-10-01,135,0.14
2026-10-01,136,0.1
2026-10-01,137,0.1
2026-10-01,138,0.18
2026-10-01,139,0.2
2026-10-01,140,0.18
2026-10-01,141,0.23
2026-10-01,142,0.2
2026-10-01,143,0.25
2026-10-01,144,0.29
2026-10-01,145,0.36
2026-10-01,146,0.3
2026-10-01,147,0.15
2026-10-01,148,0.2
2026-10-01,149,0.07
2026-10-01,150,0.24
2026-10-01,151,0.5
2026-10-01,152,0.3
2026-10-01,153,0.21
2026-10-01,154,0.22
2026-10-01,155,0.1
2026-10-01,156,0.32
2026-10-01,157,0.28
2026-10-01,158,0.22
2026-10-01,159,0.29
2026-10-01,160,0.16
2026-10-01,161,0.13
2026-10-01,162,0.15
2026-10-01,163,0.13
2026-10-01,164,0.14
2026-10-01,165,0.06
2026-10-01,166,0.12
2026-10-01,167,0.09
2026-10-01,168,0.11
2026-10-01,169,0.12
2026-10-01,170,0.08
2026-10-01,171,0.17
2026-10-01,172,0.04
2026-10-01,173,0.18
2026-10-01,174,0.19
2026-10-01,175,0.12
2026-10-01,176,0.16
2026-10-01,177,0.17
2026-10-01,178,0.09
2026-10-01,179,0.12
2026-10-01,180,0.23
2026-10-01,181,0.19
2026-10-01,182,0.19
2026-10-01,183,0.26
2026-10-01,184,0.18
2026-10-01,185,0.2
2026-10-01,186,0.22
2026-10-01,187,0.13
2026-10-01,188,0.31
2026-10-01,189,0.13
2026-10-01,190,0.16
2026-10-01,191,0.24
2026-10-01,192,0.21
2026-10-01,193,0.25
2026-10-01,194,0.08
2026-10-01,195,0.11
2026-10-01,196,0.09
2026-10-01,197,0.17
2026-10-01,198,0.13
2026-10-01,199,0.15
2026-10-01,200,0.1
2026-10-01,201,0.15
2026-10-01,202,0.23
2026-10-01,203,0.19
2026-10-01,204,0.36
2026-10-01,205,0.37
2026-10-01,206,0.18
2026-10-01,207,0.12
2026-10-01,208,0.11
2026-10-01,209,0.19
2026-10-01,210,0.16
2026-10-01,211,0.07
2026-10-01,212,0.09
2026-10-01,213,0.1
2026-10-01,214,0.16
2026-10-01,215,0.08
2026-10-01,216,0.17
2026-10-01,217,0.11
2026-10-01,218,0.1
2026-10-01,219,0.1
2026-10-01,220,0.1
2026-10-01,221,0.12
2026-10-01,222,0.2
2026-10-01,223,0.12
2026-10-01,224,0.15
2026-10-01,225,0.16
2026-10-01,226,0.14
2026-10-01,227,0.15
2026-10-01,228,0.14
2026-10-01,229,0.09
2026-10-01,230,0.08
2026-10-01,231,0.17
2026-10-01,232,0.15
2026-10-01,233,0.1
2026-10-01,234,0.07
2026-10-01,235,0.17
2026-10-01,236,0.21
2026-10-01,237,0.23
2026-10-01,238,0.24
2026-10-01,239,0.16
2026-10-01,240,0.17
2026-10-01,241,0.22
2026-10-01,242,0.11
2026-10-01,243,0.57
2026-10-01,244,0.23
2026-10-01,245,0.21
2026-10-01,246,0.32
2026-10-01,247,0.04
2026-10-01,248,0.26
2026-10-01,249,0.18
2026-10-01,250,0.13
2026-10-01,251,0.25
2026-10-01,252,0.25
2026-10-01,253,0.43
2026-10-01,254,0.07
2026-10-01,255,0.21
2026-10-01,256,0.32
2026-10-01,257,0.42
2026-10-01,258,0.26
2026-10-01,259,0.2
2026-10-01,260,0.26
2026-10-01,261,0.36
2026-10-01,262,0.38
2026-10-01,263,0.41
2026-10-01,264,0.48
2026-10-01,265,0.33
2026-10-01,266,0.21
2026-10-01,267,0.41
2026-10-01,268,0.42
2026-10-01,269,0.28
2026-10-01,270,0.21
2026-10-01,271,0.23
2026-10-01,272,0.27
2026-10-01,273,0.27
2026-10-01,274,0.2
2026-10-01,275,0.09
2026-10-01,276,0.15
2026-10-01,277,0.36
2026-10-01,278,0.29
2026-10-01,279,0.18
2026-10-01,280,0.15
2026-10-01,281,0.09
2026-10-01,282,0.48
2026-10-01,283,0.1
2026-10-01,284,0.28
2026-10-01,285,0.11
2026-10-01,286,0.28
2026-10-01,287,0.28
2026-10-01,288,0.15
2026-10-01,289,0.15
2026-10-01,290,0.19
2026-10-01,291,0.13
2026-10-01,292,0.3
2026-10-01,293,0.25
2026-10-01,294,0.47
2026-10-01,295,0.19
2026-10-01,296,0.3
2026-10-01,297,0.56
2026-10-01,298,0.07
2026-10-01,299,0.4
2026-10-01,300,0.23
2026-10-01,301,0.15
2026-10-01,302,0.29
2026-10-01,303,0.69
2026-10-01,304,0.47
2026-10-01,305,0.25
2026-10-01,306,0.5
2026-10-01,307,0.22
2026-10-01,308,0.4
2026-10-01,309,0.24
2026-10-01,310,0.34
2026-10-01,311,0.54
2026-10-01,312,0.12
2026-10-01,313,0.27
2026-10-01,314,0.27
2026-10-01,315,0.24
2026-10-01,316,0.3
2026-10-01,317,0.19
2026-10-01,318,0.24
2026-10-01,319,0.09
2026-10-01,320,0.2
2026-10-01,321,0.1
2026-10-01,322,0.13
2026-10-01,323,0.14
2026-10-01,324,0.18
2026-10-01,325,0.1
2026-10-01,326,0.25
2026-10-01,327,0.25
2026-10-01,328,0.33
2026-10-01,329,0.08
2026-10-01,330,0.23
2026-10-01,331,0.39
2026-10-01,332,0.38
2026-10-01,333,0.37
2026-10-01,334,0.09
2026-10-01,335,0.41
2026-10-01,336,0.11
2026-10-01,337,0.29
2026-10-01,338,0.27
2026-10-01,339,0.3
2026-10-01,340,0.27
2026-10-01,341,0.17
2026-10-01,342,0.42
2026-10-01,343,0.2
2026-10-01,344,0.2
2026-10-01,345,0.16
2026-10-01,346,0.17
2026-10-01,347,0.19
2026-10-01,348,0.11
2026-10-01,349,0.09
2026-10-01,350,0.15
2026-10-01,351,0.19
2026-10-01,352,0.16
2026-10-01,353,0.13
2026-10-01,354,0.2
2026-10-01,355,0.1
2026-10-01,356,0.32
2026-10-01,357,0.19
2026-10-01,358,0.49
2026-10-01,359,0.15
2026-10-01,360,0.33
2026-10-01,361,0.34
2026-10-01,362,0.38
2026-10-01,363,0.23
2026-10-01,364,0.23
2026-10-01,365,0.29
2026-10-01,366,0.26
2026-10-01,367,0.12
2026-10-01,368,0.34
2026-10-01,369,0.35
2026-10-01,370,0.12
2026-10-01,371,0.22
2026-10-01,372,0.36
2026-10-01,373,0.36
2026-10-01,374,0.26
2026-10-01,375,0.51
2026-10-01,376,0.28
2026-10-01,377,0.16
2026-10-01,378,0.31
2026-10-01,379,0.43
2026-10-01,380,0.36
2026-10-01,381,0.46
2026-10-01,382,0.5
2026-10-01,383,0.34
2026-10-01,384,0.11
2026-10-01,385,0.16
2026-10-01,386,0.3
2026-10-01,387,0.23
2026-10-01,388,0.17
2026-10-01,389,0.2
2026-10-01,390,0.24
2026-10-01,391,0.18
2026-10-01,392,0.3
2026-10-01,393,0.37
2026-10-01,394,0.21
2026-10-01,395,0.12
2026-10-01,396,0.53
2026-10-01,397,0.31
2026-10-01,398,0.34
2026-10-01,399,0.25
2026-10-01,400,0.47
2026-10-01,401,0.5
2026-10-01,402,0.38
2026-10-01,403,0.27
2026-10-01,404,0.12
2026-10-01,405,0.22
2026-10-01,406,0.29
2026-10-01,407,0.16
2026-10-01,408,0.17
2026-10-01,409,0.42
2026-10-01,410,0.3
2026-10-01,411,0.32
2026-10-01,412,0.31
2026-10-01,413,0.18
2026-10-01,414,0.26
2026-10-01,415,0.39
2026-10-01,416,0.28
2026-10-01,417,0.2
2026-10-01,418,0.5
2026-10-01,419,0.8
2026-10-01,420,0.77
2026-10-01,421,0.68
2026-10-01,422,0.32
2026-10-01,423,0.18
2026-10-01,424,0.25
2026-10-01,425,0.35
2026-10-01,426,0.51
2026-10-01,427,0.5
2026-10-01,428,0.19
2026-10-01,429,0.5
2026-10-01,430,0.38
2026-10-01,431,0.27
2026-10-01,432,0.58
2026-10-01,433,0.43
2026-10-01,434,0.23
2026-10-01,435,0.34
2026-10-01,436,0.35
2026-10-01,437,0.42
2026-10-01,438,0.27
2026-10-01,439,0.23
2026-10-01,440,0.21
2026-10-01,441,0.2
2026-10-01,442,0.26
2026-10-01,443,0.38
2026-10-01,444,0.48
2026-10-01,445,0.31
2026-10-01,446,0.39
2026-10-01,447,0.8
2026-10-01,448,0.25
2026-10-01,449,0.32
2026-10-01,450,0.58
2026-10-01,451,0.45
2026-10-01,452,0.45
2026-10-01,453,0.24
2026-10-01,454,0.2
2026-10-01,455,0.29
2026-10-01,456,0.26
2026-10-01,457,0.3
2026-10-01,458,0.25
2026-10-01,459,0.24
2026-10-01,460,0.32
2026-10-01,461,0.12
2026-10-01,462,0.2
2026-10-01,463,0.15
2026-10-01,464,0.21
2026-10-01,465,0.24
2026-10-01,466,0.33
2026-10-01,467,0.31
2026-10-01,468,0.24
2026-10-01,469,0.16
2026-10-01,470,0.19
2026-10-01,471,0.22
2026-10-01,472,0.18
2026-10-01,473,0.21
2026-10-01,474,0.3
2026-10-01,475,0.19
2026-10-01,476,0.26
2026-10-01,477,0.23
2026-10-01,478,0.23
2026-10-01,479,0.21
2026-10-01,480,0.33
2026-10-01,481,0.25
2026-10-01,482,0.19
2026-10-01,483,0.12
2026-10-01,484,0.15
2026-10-01,485,0.18
2026-10-01,486,0.15
2026-10-01,487,0.18
2026-10-01,488,0.11
2026-10-01,489,0.12
2026-10-01,490,0.16
2026-10-01,491,0.26
2026-10-01,492,0.14
2026-10-01,493,0.2
2026-10-01,494,0.25
2026-10-01,495,0.14
2026-10-01,496,0.16
2026-10-01,497,0.17
2026-10-01,498,0.25
2026-10-01,499,0.23
2026-10-01,500,0.33
2026-10-01,501,0.19
2026-10-01,502,0.15
2026-10-01,503,0.19
2026-10-01,504,0.2
2026-10-01,505,0.16
2026-10-01,506,0.14
2026-10-01,507,0.16
2026-10-01,508,0.2
2026-10-01,509,0.26
2026-10-01,510,0.11
2026-10-01,511,0.21
2026-10-01,512,0.26
2026-10-01,513,0.16
2026-10-01,514,0.12
2026-10-01,515,0.21
2026-10-01,516,0.2
2026-10-01,517,0.2
2026-10-01,518,0.1
2026-10-01,519,0.22
2026-10-01,520,0.22
2026-10-01,521,0.23
2026-10-01,522,0.2
2026-10-01,523,0.2
2026-10-01,524,0.18
2026-10-01,525,0.2
2026-10-01,526,0.13
2026-10-01,527,0.19
2026-10-01,528,0.31
2026-10-01,529,0.25
2026-10-01,530,0.25
2026-10-01,531,0.32
2026-10-01,532,0.19
2026-10-01,533,0.19
2026-10-01,534,0.37
2026-10-01,535,0.44
2026-10-01,536,0.14
2026-10-01,537,0.1
2026-10-01,538,0.32
2026-10-01,539,0.45
2026-10-01,540,0.4
2026-10-01,541,0.35
2026-10-01,542,0.31
2026-10-01,543,0.4
2026-10-01,544,0.3
2026-10-01,545,0.35
2026-10-01,546,0.3
2026-10-01,547,0.3
2026-10-01,548,0.17
2026-10-01,549,0.26
2026-10-01,550,0.43
2026-10-01,551,0.4
2026-10-01,552,0.32
2026-10-01,553,0.4
2026-10-01,554,0.59
2026-10-01,555,0.17
2026-10-01,556,0.31
2026-10-01,557,0.22
2026-10-01,558,0.2
2026-10-01,559,0.27
2026-10-01,560,0.21
2026-10-01,561,0.27
2026-10-01,562,0.3
2026-10-01,563,0.25
2026-10-01,564,0.25
2026-10-01,565,0.2
2026-10-01,566,0.15
2026-10-01,567,0.29
2026-10-01,568,0.26
2026-10-01,569,0.3
2026-10-01,570,0.33
2026-10-01,571,0.32
2026-10-01,572,0.33
2026-10-01,573,0.36
2026-10-01,574,0.16
2026-10-01,575,0.37
2026-10-01,576,0.27
2026-10-01,577,0.31
2026-10-01,578,0.32
2026-10-01,579,0.29
2026-10-01,580,0.27
2026-10-01,581,0.34
2026-10-01,582,0.33
2026-10-01,583,0.27
2026-10-01,584,0.19
2026-10-01,585,0.4
2026-10-01,586,0.45
2026-10-01,587,0.45
2026-10-01,588,0.57
2026-10-01,589,0.41
2026-10-01,590,0.49
2026-10-01,591,0.52
2026-10-01,592,0.45
2026-10-01,593,0.34
2026-10-01,594,0.49
2026-10-01,595,0.32
2026-10-01,596,0.27
2026-10-01,597,0.42
2026-10-01,598,0.39
2026-10-01,599,0.46
2026-10-01,600,0.57
2026-10-01,601,0.5
2026-10-01,602,0.5
2026-10-01,603,0.51
2026-10-01,604,0.57
2026-10-01,605,0.5
2026-10-01,606,0.4
2026-10-01,607,0.5
2026-10-01,608,0.5
2026-10-01,609,0.33
2026-10-01,610,0.5
2026-10-01,611,0.49
2026-10-01,612,0.36
2026-10-01,613,0.39
2026-10-01,614,0.58
2026-10-01,615,0.35
2026-10-01,616,0.29
2026-10-01,617,0.3
2026-10-01,618,0.23
2026-10-01,619,0.44
2026-10-01,620,0.52
2026-10-01,621,0.17
2026-10-01,622,0.47
2026-10-01,623,0.28
2026-10-01,624,0.27
2026-10-01,625,0.35
2026-10-01,626,0.2
2026-10-01,627,0.53
2026-10-01,628,0.32
2026-10-01,629,0.62
2026-10-01,630,0.52
2026-10-01,631,0.29
2026-10-01,632,0.34
2026-10-01,633,0.45
2026-10-01,634,0.42
2026-10-01,635,0.21
2026-10-01,636,0.28
2026-10-01,637,0.21
2026-10-01,638,0.12
2026-10-01,639,0.19
2026-10-01,640,0.22
2026-10-01,641,0.17
2026-10-01,642,0.22
2026-10-01,643,0.22
2026-10-01,644,0.12
2026-10-01,645,0.17
2026-10-01,646,0.1
2026-10-01,647,0.18
2026-10-01,648,0.23
2026-10-01,649,0.21
2026-10-01,650,0.3
2026-10-01,651,0.29
2026-10-01,652,0.22
2026-10-01,653,0.13
2026-10-01,654,0.18
2026-10-01,655,0.21
2026-10-01,656,0.63
2026-10-01,657,0.44
2026-10-01,658,0.69
2026-10-01,659,0.46
2026-10-01,660,0.44
2026-10-01,661,0.39
2026-10-01,662,1.06
2026-10-01,663,0.58
2026-10-01,664,0.4
2026-10-01,665,0.46
2026-10-01,666,0.28
2026-10-01,667,0.75
2026-10-01,668,0.5
2026-10-01,669,0.28
2026-10-01,670,0.54
2026-10-01,671,1.12
2026-10-01,672,0.58
2026-10-01,673,0.32
2026-10-01,674,0.2
2026-10-01,675,1.51
2026-10-01,676,0.67
2026-10-01,677,0.96
2026-10-01,678,0.51
2026-10-01,679,0.77
2026-10-01,680,0.95
2026-10-01,681,0.48
2026-10-01,682,1.06
2026-10-01,683,1.55
2026-10-01,684,0.25
2026-10-01,685,0.57
2026-10-01,686,0.65
2026-10-01,687,0.49
2026-10-01,688,0.87
2026-10-01,689,1.82
2026-10-01,690,1.17
2026-10-01,691,0.29
2026-10-01,692,0.65
2026-10-01,693,0.68
2026-10-01,694,0.3
2026-10-01,695,0.42
2026-10-01,696,0.44
2026-10-01,697,0.43
2026-10-01,698,0.57
2026-10-01,699,0.42
2026-10-01,700,1.23
2026-10-01,701,1.39
2026-10-01,702,1.08
2026-10-01,703,1.71
2026-10-01,704,0.61
2026-10-01,705,0.4
2026-10-01,706,0.24
2026-10-01,707,0.25
2026-10-01,708,0.87
2026-10-01,709,0.65
2026-10-01,710,0.73
2026-10-01,711,0.4
2026-10-01,712,0.33
2026-10-01,713,0.26
2026-10-01,714,1.1
2026-10-01,715,1.14
2026-10-01,716,0.45
2026-10-01,717,0.28
2026-10-01,718,0.38
2026-10-01,719,0.33
2026-10-01,720,0.63
2026-10-01,721,0.2
2026-10-01,722,0.3
2026-10-01,723,0.65
2026-10-01,724,0.64
2026-10-01,725,1.07
2026-10-01,726,1.19
2026-10-01,727,0.91
2026-10-01,728,0.3
2026-10-01,729,0.42
2026-10-01,730,0.84
2026-10-01,731,0.57
2026-10-01,732,0.62
2026-10-01,733,0.28
2026-10-01,734,0.55
2026-10-01,735,0.27
2026-10-01,736,0.5
2026-10-01,737,0.42
2026-10-01,738,0.64
2026-10-01,739,0.54
2026-10-01,740,0.19
2026-10-01,741,0.82
2026-10-01,742,0.16
2026-10-01,743,0.17
2026-10-01,744,0.13
2026-10-01,745,0.11
2026-10-01,746,0.29
2026-10-01,747,0.24
2026-10-01,748,0.19
2026-10-01,749,0.28
2026-10-01,750,0.12
2026-10-01,751,0.41
2026-10-01,752,0.18
2026-10-01,753,0.52
2026-10-01,754,0.81
2026-10-01,755,0.74
2026-10-01,756,0.49
2026-10-01,757,0.29
2026-10-01,758,0.68
2026-10-01,759,0.9
2026-10-01,760,0.4
2026-10-01,761,0.22
2026-10-01,762,0.25
2026-10-01,763,0.15
2026-10-01,764,0.37
2026-10-01,765,0.5
2026-10-01,766,0.28
2026-10-01,767,0.26
2026-10-01,768,0.2
2026-10-01,769,0.47
2026-10-01,770,0.79
2026-10-01,771,0.92
2026-10-01,772,0.29
2026-10-01,773,0.42
2026-10-01,774,0.22
2026-10-01,775,0.91
2026-10-01,776,0.98
2026-10-01,777,0.4
2026-10-01,778,0.71
2026-10-01,779,0.31
2026-10-01,780,0.75
2026-10-01,781,0.96
2026-10-01,782,0.87
2026-10-01,783,0.32
2026-10-01,784,0.32
2026-10-01,785,0.39
2026-10-01,786,0.55
2026-10-01,787,0.15
2026-10-01,788,0.34
2026-10-01,789,0.29
2026-10-01,790,0.35
2026-10-01,791,0.41
2026-10-01,792,0.38
2026-10-01,793,0.37
2026-10-01,794,0.67
2026-10-01,795,1.08
2026-10-01,796,0.97
2026-10-01,797,0.69
2026-10-01,798,0.66
2026-10-01,799,0.31
2026-10-01,800,0.25
2026-10-01,801,0.22
2026-10-01,802,0.61
2026-10-01,803,0.61
2026-10-01,804,0.15
2026-10-01,805,0.36
2026-10-01,806,0.3
2026-10-01,807,0.22
2026-10-01,808,0.19
2026-10-01,809,0.19
2026-10-01,810,0.12
2026-10-01,811,0.27
2026-10-01,812,0.76
2026-10-01,813,0.16
2026-10-01,814,0.42
2026-10-01,815,0.42
2026-10-01,816,0.4
2026-10-01,817,0.47
2026-10-01,818,0.35
2026-10-01,819,0.38
2026-10-01,820,0.19
2026-10-01,821,0.27
2026-10-01,822,0.24
2026-10-01,823,0.26
2026-10-01,824,0.27
2026-10-01,825,0.26
2026-10-01,826,0.26
2026-10-01,827,0.41
2026-10-01,828,0.47
2026-10-01,829,0.56
2026-10-01,830,0.31
2026-10-01,831,0.44
2026-10-01,832,0.3
2026-10-01,833,0.34
2026-10-01,834,0.38
2026-10-01,835,0.18
2026-10-01,836,0.4
2026-10-01,837,0.26
2026-10-01,838,0.57
2026-10-01,839,0.38
2026-10-01,840,0.32
2026-10-01,841,0.2
2026-10-01,842,0.18
2026-10-01,843,0.34
2026-10-01,844,0.24
2026-10-01,845,0.19
2026-10-01,846,0.22
2026-10-01,847,0.25
2026-10-01,848,0.16
2026-10-01,849,0.3
2026-10-01,850,0.32
2026-10-01,851,0.3
2026-10-01,852,0.4
2026-10-01,853,0.46
2026-10-01,854,0.31
2026-10-01,855,0.33
2026-10-01,856,0.3
2026-10-01,857,0.27
2026-10-01,858,0.18
2026-10-01,859,0.39
2026-10-01,860,0.31
2026-10-01,861,0.31
2026-10-01,862,0.76
2026-10-01,863,0.23
2026-10-01,864,0.34
2026-10-01,865,0.32
2026-10-01,866,0.32
2026-10-01,867,0.28
2026-10-01,868,0.4
2026-10-01,869,0.24
2026-10-01,870,0.23
2026-10-01,871,0.25
2026-10-01,872,0.38
2026-10-01,873,0.43
2026-10-01,874,0.4
2026-10-01,875,0.89
2026-10-01,876,0.23
2026-10-01,877,0.59
2026-10-01,878,0.25
2026-10-01,879,0.61
2026-10-01,880,0.34
2026-10-01,881,0.4
2026-10-01,882,0.5
2026-10-01,883,0.48
2026-10-01,884,0.51
2026-10-01,885,0.6
2026-10-01,886,0.36
2026-10-01,887,0.82
2026-10-01,888,0.41
2026-10-01,889,0.52
2026-10-01,890,0.3
2026-10-01,891,0.24
2026-10-01,892,0.24
2026-10-01,893,0.47
2026-10-01,894,0.48
2026-10-01,895,0.21
2026-10-01,896,0.24
2026-10-01,897,0.22
2026-10-01,898,0.2
2026-10-01,899,0.1
2026-10-01,900,0.14
2026-10-01,901,0.36
2026-10-01,902,0.34
2026-10-01,903,0.46
2026-10-01,904,0.61
2026-10-01,905,0.45
2026-10-01,906,0.39
2026-10-01,907,0.54
2026-10-01,908,0.22
2026-10-01,909,0.27
2026-10-01,910,0.22
2026-10-01,911,0.27
2026-10-01,912,0.6
2026-10-01,913,0.46
2026-10-01,914,0.29
2026-10-01,915,0.26
2026-10-01,916,0.33
2026-10-01,917,0.27
2026-10-01,918,0.29
2026-10-01,919,0.26
2026-10-01,920,0.33
2026-10-01,921,0.2
2026-10-01,922,0.25
2026-10-01,923,0.38
2026-10-01,924,0.43
2026-10-01,925,0.27
2026-10-01,926,0.2
2026-10-01,927,0.27
2026-10-01,928,0.11
2026-10-01,929,0.11
2026-10-01,930,0.15
2026-10-01,931,0.13
2026-10-01,932,0.36
2026-10-01,933,0.2
2026-10-01,934,0.22
2026-10-01,935,0.23
2026-10-01,936,0.12
2026-10-01,937,0.15
2026-10-01,938,0.54
2026-10-01,939,0.39
2026-10-01,940,0.27
2026-10-01,941,0.22
2026-10-01,942,0.18
2026-10-01,943,0.2
2026-10-01,944,0.13
2026-10-01,945,0.12
2026-10-01,946,0.42
2026-10-01,947,0.36
2026-10-01,948,0.28
2026-10-01,949,0.13
2026-10-01,950,0.44
2026-10-01,951,0.39
2026-10-01,952,0.12
2026-10-01,953,0.07
2026-10-01,954,0.17
2026-10-01,955,0.15
2026-10-01,956,0.73
2026-10-01,957,0.27
2026-10-01,958,0.21
2026-10-01,959,0.17
2026-10-01,960,0.35
2026-10-01,961,0.27
2026-10-01,962,0.1
2026-10-01,963,0.29
2026-10-01,964,0.14
2026-10-01,965,0.17
2026-10-01,966,0.4
2026-10-01,967,0.23
2026-10-01,968,0.11
2026-10-01,969,0.43
2026-10-01,970,0.09
2026-10-01,971,0.16
2026-10-01,972,0.18
2026-10-01,973,0.12
2026-10-01,974,0.39
2026-10-01,975,0.22
2026-10-01,976,0.32
2026-10-01,977,0.12
2026-10-01,978,0.19
2026-10-01,979,0.33
2026-10-01,980,0.1
2026-10-01,981,0.58
2026-10-01,982,0.37
2026-10-01,983,0.14
2026-10-01,984,0.17
2026-10-01,985,0.13
2026-10-01,986,0.24
2026-10-01,987,0.5
2026-10-01,988,0.3
2026-10-01,989,0.47
2026-10-01,990,0.45
2026-10-01,991,0.27
2026-10-01,992,0.23
2026-10-01,993,0.23
2026-10-01,994,0.55
2026-10-01,995,0.84
2026-10-01,996,0.99
2026-10-01,997,0.82
2026-10-01,998,0.25
2026-10-01,999,0.43
2026-10-01,1000,0.49
2026-10-01,1001,0.31
2026-10-01,1002,0.11
2026-10-01,1003,0.15
2026-10-01,1004,0.57
2026-10-01,1005,0.14
2026-10-01,1006,0.35
2026-10-01,1007,0.48
2026-10-01,1008,0.22
2026-10-01,1009,0.38
2026-10-01,1010,0.29
2026-10-01,1011,0.3
2026-10-01,1012,0.42
2026-10-01,1013,0.25
2026-10-01,1014,0.12
2026-10-01,1015,0.28
2026-10-01,1016,0.1
2026-10-01,1017,0.32
2026-10-01,1018,0.27
2026-10-01,1019,0.45
2026-10-01,1020,0.36
2026-10-01,1021,0.72
2026-10-01,1022,0.44
2026-10-01,1023,0.52
2026-10-01,1024,0.2
2026-10-01,1025,0.24
2026-10-01,1026,0.11
2026-10-01,1027,0.23
2026-10-01,1028,0.88
2026-10-01,1029,0.42
2026-10-01,1030,1.18
2026-10-01,1031,1.16
2026-10-01,1032,0.89
2026-10-01,1033,0.61
2026-10-01,1034,0.56
2026-10-01,1035,0.8
2026-10-01,1036,1.09
2026-10-01,1037,0.37
2026-10-01,1038,0.76
2026-10-01,1039,0.65
2026-10-01,1040,0.32
2026-10-01,1041,0.69
2026-10-01,1042,0.39
2026-10-01,1043,0.84
2026-10-01,1044,0.92
2026-10-01,1045,1.79
2026-10-01,1046,1.08
2026-10-01,1047,0.69
2026-10-01,1048,0.96
2026-10-01,1049,0.78
2026-10-01,1050,0.27
2026-10-01,1051,0.46
2026-10-01,1052,0.24
2026-10-01,1053,0.38
2026-10-01,1054,0.39
2026-10-01,1055,0.16
2026-10-01,1056,0.3
2026-10-01,1057,0.09
2026-10-01,1058,0.27
2026-10-01,1059,0.13
2026-10-01,1060,0.3
2026-10-01,1061,0.28
2026-10-01,1062,0.23
2026-10-01,1063,0.48
2026-10-01,1064,0.2
2026-10-01,1065,0.11
2026-10-01,1066,0.08
2026-10-01,1067,0.27
2026-10-01,1068,0.45
2026-10-01,1069,0.62
2026-10-01,1070,0.57
2026-10-01,1071,0.45
2026-10-01,1072,0.4
2026-10-01,1073,0.42
2026-10-01,1074,0.47
2026-10-01,1075,0.4
2026-10-01,1076,0.29
2026-10-01,1077,0.23
2026-10-01,1078,0.23
2026-10-01,1079,0.12
2026-10-01,1080,0.12
2026-10-01,1081,0.1
2026-10-01,1082,0.13
2026-10-01,1083,0.18
2026-10-01,1084,0.18
2026-10-01,1085,0.47
2026-10-01,1086,0.72
2026-10-01,1087,0.93
2026-10-01,1088,0.72
2026-10-01,1089,0.47
2026-10-01,1090,0.24
2026-10-01,1091,0.24
2026-10-01,1092,0.38
2026-10-01,1093,0.1
2026-10-01,1094,0.23
2026-10-01,1095,0.15
2026-10-01,1096,0.28
2026-10-01,1097,0.17
2026-10-01,1098,0.19
2026-10-01,1099,0.19
2026-10-01,1100,0.26
2026-10-01,1101,0.07
2026-10-01,1102,0.39
2026-10-01,1103,0.25
2026-10-01,1104,0.21
2026-10-01,1105,0.17
2026-10-01,1106,0.07
2026-10-01,1107,0.11
2026-10-01,1108,0.12
2026-10-01,1109,0.14
2026-10-01,1110,0.2
2026-10-01,1111,0.17
2026-10-01,1112,0.32
2026-10-01,1113,0.27
2026-10-01,1114,0.33
2026-10-01,1115,0.21
2026-10-01,1116,0.07
2026-10-01,1117,0.29
2026-10-01,1118,0.1
2026-10-01,1119,0.26
2026-10-01,1120,0.21
2026-10-01,1121,0.26
2026-10-01,1122,0.39
2026-10-01,1123,0.37
2026-10-01,1124,0.4
2026-10-01,1125,0.17
2026-10-01,1126,0.24
2026-10-01,1127,0.27
2026-10-01,1128,0.27
2026-10-01,1129,0.33
2026-10-01,1130,0.42
2026-10-01,1131,0.26
2026-10-01,1132,0.14
2026-10-01,1133,0.25
2026-10-01,1134,0.22
2026-10-01,1135,0.21
2026-10-01,1136,0.13
2026-10-01,1137,0.11
2026-10-01,1138,0.13
2026-10-01,1139,0.15
2026-10-01,1140,0.16
2026-10-01,1141,0.25
2026-10-01,1142,0.22
2026-10-01,1143,0.23
2026-10-01,1144,0.17
2026-10-01,1145,0.2
2026-10-01,1146,0.19
2026-10-01,1147,0.19
2026-10-01,1148,0.11
2026-10-01,1149,0.1
2026-10-01,1150,0.17
2026-10-01,1151,0.09
2026-10-01,1152,0.18
2026-10-01,1153,0.2
2026-10-01,1154,0.12
2026-10-01,1155,0.17
2026-10-01,1156,0.14
2026-10-01,1157,0.29
2026-10-01,1158,0.36
2026-10-01,1159,0.44
2026-10-01,1160,0.12
2026-10-01,1161,0.2
2026-10-01,1162,0.26
2026-10-01,1163,0.4
2026-10-01,1164,0.65
2026-10-01,1165,0.23
2026-10-01,1166,0.19
2026-10-01,1167,0.11
2026-10-01,1168,0.1
2026-10-01,1169,0.16
2026-10-01,1170,0.38
2026-10-01,1171,0.51
2026-10-01,1172,0.49
2026-10-01,1173,0.34
2026-10-01,1174,0.39
2026-10-01,1175,0.3
2026-10-01,1176,0.17
2026-10-01,1177,0.45
2026-10-01,1178,0.64
2026-10-01,1179,0.94
2026-10-01,1180,0.43
2026-10-01,1181,0.34
2026-10-01,1182,0.13
2026-10-01,1183,0.3
2026-10-01,1184,0.28
2026-10-01,1185,0.3
2026-10-01,1186,0.3
2026-10-01,1187,0.3
2026-10-01,1188,0.24
2026-10-01,1189,0.23
2026-10-01,1190,0.25
2026-10-01,1191,0.23
2026-10-01,1192,0.11
2026-10-01,1193,0.23
2026-10-01,1194,0.28
2026-10-01,1195,0.12
2026-10-01,1196,0.26
2026-10-01,1197,0.19
2026-10-01,1198,0.27
2026-10-01,1199,0.11
2026-10-01,1200,0.2
2026-10-01,1201,0.29
2026-10-01,1202,0.23
2026-10-01,1203,0.19
2026-10-01,1204,0.2
2026-10-01,1205,0.3
2026-10-01,1206,0.14
2026-10-01,1207,0.56
2026-10-01,1208,0.12
2026-10-01,1209,0.23
2026-10-01,1210,0.52
2026-10-01,1211,0.13
2026-10-01,1212,0.14
2026-10-01,1213,0.1
2026-10-01,1214,0.13
2026-10-01,1215,0.14
2026-10-01,1216,0.26
2026-10-01,1217,0.1
2026-10-01,1218,0.22
2026-10-01,1219,0.18
2026-10-01,1220,0.47
2026-10-01,1221,0.13
2026-10-01,1222,0.27
2026-10-01,1223,0.32
2026-10-01,1224,0.43
2026-10-01,1225,0.63
2026-10-01,1226,0.61
2026-10-01,1227,0.23
2026-10-01,1228,0.25
2026-10-01,1229,0.62
2026-10-01,1230,0.48
2026-10-01,1231,0.36
2026-10-01,1232,0.1
2026-10-01,1233,0.36
2026-10-01,1234,0.46
2026-10-01,1235,0.31
2026-10-01,1236,0.43
2026-10-01,1237,0.38
2026-10-01,1238,0.26
2026-10-01,1239,0.1
2026-10-01,1240,0.13
2026-10-01,1241,0.3
2026-10-01,1242,0.83
2026-10-01,1243,0.97
2026-10-01,1244,1.12
2026-10-01,1245,0.67
2026-10-01,1246,0.27
2026-10-01,1247,0.99
2026-10-01,1248,1.25
2026-10-01,1249,0.41
2026-10-01,1250,1.38
2026-10-01,1251,1.13
2026-10-01,1252,1.86
2026-10-01,1253,0.56
2026-10-01,1254,2.36
2026-10-01,1255,0.9
2026-10-01,1256,1.75
2026-10-01,1257,1.06
2026-10-01,1258,1.8
2026-10-01,1259,0.65
2026-10-01,1260,0.42
2026-10-01,1261,0.75
2026-10-01,1262,1.11
2026-10-01,1263,0.64
2026-10-01,1264,1.06
2026-10-01,1265,0.39
2026-10-01,1266,0.6
2026-10-01,1267,0.39
2026-10-01,1268,0.09
2026-10-01,1269,0.35
2026-10-01,1270,0.21
2026-10-01,1271,0.52
2026-10-01,1272,0.56
2026-10-01,1273,0.58
2026-10-01,1274,0.67
2026-10-01,1275,0.44
2026-10-01,1276,0.49
2026-10-01,1277,0.15
2026-10-01,1278,0.42
2026-10-01,1279,0.14
2026-10-01,1280,0.31
2026-10-01,1281,0.1
2026-10-01,1282,0.08
2026-10-01,1283,1.09
2026-10-01,1284,0.59
2026-10-01,1285,0.33
2026-10-01,1286,0.53
2026-10-01,1287,0.51
2026-10-01,1288,0.44
2026-10-01,1289,0.64
2026-10-01,1290,0.26
2026-10-01,1291,0.29
2026-10-01,1292,0.3
2026-10-01,1293,0.64
2026-10-01,1294,0.57
2026-10-01,1295,0.4
2026-10-01,1296,0.33
2026-10-01,1297,0.46
2026-10-01,1298,0.27
2026-10-01,1299,0.32
2026-10-01,1300,0.29
2026-10-01,1301,0.34
2026-10-01,1302,0.2
2026-10-01,1303,0.1
2026-10-01,1304,0.19
2026-10-01,1305,0.46
2026-10-01,1306,0.32
2026-10-01,1307,0.11
2026-10-01,1308,0.27
2026-10-01,1309,0.39
2026-10-01,1310,0.69
2026-10-01,1311,0.56
2026-10-01,1312,0.32
2026-10-01,1313,0.25
2026-10-01,1314,0.23
2026-10-01,1315,0.26
2026-10-01,1316,0.09
2026-10-01,1317,0.21
2026-10-01,1318,0.17
2026-10-01,1319,0.12
2026-10-01,1320,0.1
2026-10-01,1321,0.4
2026-10-01,1322,0.5
2026-10-01,1323,0.42
2026-10-01,1324,0.35
2026-10-01,1325,0.22
2026-10-01,1326,0.21
2026-10-01,1327,0.45
2026-10-01,1328,0.16
2026-10-01,1329,0.1
2026-10-01,1330,0.13
2026-10-01,1331,0.1
2026-10-01,1332,0.16
2026-10-01,1333,0.3
2026-10-01,1334,0.16
2026-10-01,1335,0.07
2026-10-01,1336,0.3
2026-10-01,1337,0.48
2026-10-01,1338,0.11
2026-10-01,1339,0.18
2026-10-01,1340,0.21
2026-10-01,1341,0.08
2026-10-01,1342,0.42
2026-10-01,1343,0.29
2026-10-01,1344,0.36
2026-10-01,1345,0.21
2026-10-01,1346,0.23
2026-10-01,1347,0.11
2026-10-01,1348,0.21
2026-10-01,1349,0.16
2026-10-01,1350,0.42
2026-10-01,1351,0.36
2026-10-01,1352,0.29
2026-10-01,1353,0.19
2026-10-01,1354,0.28
2026-10-01,1355,0.1
2026-10-01,1356,0.3
2026-10-01,1357,0.31
2026-10-01,1358,0.08
2026-10-01,1359,0.26
2026-10-01,1360,0.31
2026-10-01,1361,0.33
2026-10-01,1362,0.28
2026-10-01,1363,0.35
2026-10-01,1364,0.22
2026-10-01,1365,0.08
2026-10-01,1366,0.16
2026-10-01,1367,0.18
2026-10-01,1368,0.36
2026-10-01,1369,0.21
2026-10-01,1370,0.25
2026-10-01,1371,0.35
2026-10-01,1372,0.45
2026-10-01,1373,0.47
2026-10-01,1374,0.38
2026-10-01,1375,0.51
2026-10-01,1376,0.42
2026-10-01,1377,0.49
2026-10-01,1378,0.62
2026-10-01,1379,0.43
2026-10-01,1380,0.3
2026-10-01,1381,0.49
2026-10-01,1382,0.27
2026-10-01,1383,0.3
2026-10-01,1384,0.2
2026-10-01,1385,0.27
2026-10-01,1386,0.65
2026-10-01,1387,0.77
2026-10-01,1388,0.4
2026-10-01,1389,0.32
2026-10-01,1390,0.3
2026-10-01,1391,0.3
2026-10-01,1392,0.37
2026-10-01,1393,0.49
2026-10-01,1394,0.24
2026-10-01,1395,0.1
2026-10-01,1396,0.24
2026-10-01,1397,0.13
2026-10-01,1398,0.27
2026-10-01,1399,0.52
2026-10-01,1400,0.53
2026-10-01,1401,0.55
2026-10-01,1402,0.8
2026-10-01,1403,0.56
2026-10-01,1404,0.51
2026-10-01,1405,0.18
2026-10-01,1406,0.14
2026-10-01,1407,0.27
2026-10-01,1408,0.3
2026-10-01,1409,0.43
2026-10-01,1410,0.35
2026-10-01,1411,0.26
2026-10-01,1412,0.3
2026-10-01,1413,0.17
2026-10-01,1414,0.21
2026-10-01,1415,0.15
2026-10-01,1416,0.23
2026-10-01,1417,0.23
2026-10-01,1418,0.09
2026-10-01,1419,0.11
2026-10-01,1420,0.31
2026-10-01,1421,0.43
2026-10-01,1422,0.32
2026-10-01,1423,0.13
2026-10-01,1424,0.31
2026-10-01,1425,0.25
2026-10-01,1426,0.14
2026-10-01,1427,0.11
2026-10-01,1428,0.41
2026-10-01,1429,0.39
2026-10-01,1430,0.18
2026-10-01,1431,0.59
2026-10-01,1432,0.1
2026-10-01,1433,0.54
2026-10-01,1434,0.48
2026-10-01,1435,0.12
2026-10-01,1436,0.15
2026-10-01,1437,0.24
2026-10-01,1438,0.14
2026-10-01,1439,0.15
2026-10-02,1,0.19
2026-10-02,2,0.2
2026-10-02,3,0.4
2026-10-02,4,0.11
2026-10-02,5,0.3
2026-10-02,6,0.1
2026-10-02,7,0.2
2026-10-02,8,0.12
2026-10-02,9,0.18
2026-10-02,10,0.06
2026-10-02,11,0.28
2026-10-02,12,0.1
2026-10-02,13,0.24
2026-10-02,14,0.3
2026-10-02,15,0.2
2026-10-02,16,0.1
2026-10-02,17,0.2
2026-10-02,18,0.3
2026-10-02,19,0.18
2026-10-02,20,0.14
2026-10-02,21,0.1
2026-10-02,22,0.18
2026-10-02,23,0.17
2026-10-02,24,0.09
2026-10-02,25,0.2
2026-10-02,26,0.11
2026-10-02,27,0.24
2026-10-02,28,0.1
2026-10-02,29,0.21
2026-10-02,30,0.28
2026-10-02,31,0.13
2026-10-02,32,0.14
2026-10-02,33,0.3
2026-10-02,34,0.1
2026-10-02,35,0.07
2026-10-02,36,0.07
2026-10-02,37,0.09
2026-10-02,38,0.15
2026-10-02,39,0.2
2026-10-02,40,0.1
2026-10-02,41,0.14
2026-10-02,42,0.15
2026-10-02,43,0.1
2026-10-02,44,0.05
2026-10-02,45,0.09
2026-10-02,46,0.15
2026-10-02,47,0.09
2026-10-02,48,0.09
2026-10-02,49,0.1
2026-10-02,50,0.08
2026-10-02,51,0.1
2026-10-02,52,0.1
2026-10-02,53,0.07
2026-10-02,54,0.13
2026-10-02,55,0.15
2026-10-02,56,0.2
2026-10-02,57,0.11
2026-10-02,58,0.1
2026-10-02,59,0.15
2026-10-02,60,0.16
2026-10-02,61,0.12
2026-10-02,62,0.06
2026-10-02,63,0.1
2026-10-02,64,0.12
2026-10-02,65,0.13
2026-10-02,66,0.11
2026-10-02,67,0.12
2026-10-02,68,0.1
2026-10-02,69,0.1
2026-10-02,70,0.2
2026-10-02,71,0.27
2026-10-02,72,0.21
2026-10-02,73,0.14
2026-10-02,74,0.09
2026-10-02,75,0.11
2026-10-02,76,0.09
2026-10-02,77,0.07
2026-10-02,78,0.12
2026-10-02,79,0.1
2026-10-02,80,0.1
2026-10-02,81,0.04
2026-10-02,82,0.2
2026-10-02,83,0.13
2026-10-02,84,0.09
2026-10-02,85,0.2
2026-10-02,86,0.11
2026-10-02,87,0.04
2026-10-02,88,0.13
2026-10-02,89,0.13
2026-10-02,90,0.17
2026-10-02,91,0.17
2026-10-02,92,0.2
2026-10-02,93,0.05
2026-10-02,94,0.15
2026-10-02,95,0.25
2026-10-02,96,0.21
2026-10-02,97,0.23
2026-10-02,98,0.25
2026-10-02,99,0.33
2026-10-02,100,0.18
2026-10-02,101,0.11
2026-10-02,102,0.14
2026-10-02,103,0.28
2026-10-02,104,0.3
2026-10-02,105,0.31
2026-10-02,106,0.3
2026-10-02,107,0.42
2026-10-02,108,0.26
2026-10-02,109,0.14
2026-10-02,110,0.2
2026-10-02,111,0.11
2026-10-02,112,0.13
2026-10-02,113,0.2
2026-10-02,114,0.2
2026-10-02,115,0.18
2026-10-02,116,0.07
2026-10-02,117,0.07
2026-10-02,118,0.31
2026-10-02,119,0.04
2026-10-02,120,0.19
2026-10-02,121,0.2
2026-10-02,122,0.09
2026-10-02,123,0.18
2026-10-02,124,0.2
2026-10-02,125,0.39
2026-10-02,126,0.1
2026-10-02,127,0.1
2026-10-02,128,0.16
2026-10-02,129,0.08
2026-10-02,130,0.19
2026-10-02,131,0.16
2026-10-02,132,0.1
2026-10-02,133,0.15
2026-10-02,134,0.14
2026-10-02,135,0.13
2026-10-02,136,0.37
2026-10-02,137,0.23
2026-10-02,138,0.16
2026-10-02,139,0.18
2026-10-02,140,0.1
2026-10-02,141,0.1
2026-10-02,142,0.16
2026-10-02,143,0.3
2026-10-02,144,0.28
2026-10-02,145,0.3
2026-10-02,146,0.5
2026-10-02,147,0.5
2026-10-02,148,0.12
2026-10-02,149,0.07
2026-10-02,150,0.1
2026-10-02,151,0.11
2026-10-02,152,0.27
2026-10-02,153,0.14
2026-10-02,154,0.25
2026-10-02,155,0.18
2026-10-02,156,0.26
2026-10-02,157,0.38
2026-10-02,158,0.26
2026-10-02,159,0.3
2026-10-02,160,0.2
2026-10-02,161,0.16
2026-10-02,162,0.2
2026-10-02,163,0.2
2026-10-02,164,0.2
2026-10-02,165,0.2
2026-10-02,166,0.14
2026-10-02,167,0.18
2026-10-02,168,0.3
2026-10-02,169,0.31
2026-10-02,170,0.4
2026-10-02,171,0.21
2026-10-02,172,0.12
2026-10-02,173,0.1
2026-10-02,174,0.27
2026-10-02,175,0.12
2026-10-02,176,0.1
2026-10-02,177,0.07
2026-10-02,178,0.2
2026-10-02,179,0.21
2026-10-02,180,0.29
2026-10-02,181,0.1
2026-10-02,182,0.19
2026-10-02,183,0.31
2026-10-02,184,0.1
2026-10-02,185,0.05
2026-10-02,186,0.06
2026-10-02,187,0.1
2026-10-02,188,0.2
2026-10-02,189,0.3
2026-10-02,190,0.24
2026-10-02,191,0.33
2026-10-02,192,0.19
2026-10-02,193,0.52
2026-10-02,194,0.2
2026-10-02,195,0.23
2026-10-02,196,0.24
2026-10-02,197,0.2
2026-10-02,198,0.29
2026-10-02,199,0.2
2026-10-02,200,0.12
2026-10-02,201,0.1
2026-10-02,202,0.1
2026-10-02,203,0.1
2026-10-02,204,0.71
2026-10-02,205,0.2
2026-10-02,206,0.06
2026-10-02,207,0.21
2026-10-02,208,0.11
2026-10-02,209,0.22
2026-10-02,210,0.2
2026-10-02,211,0.19
2026-10-02,212,0.32
2026-10-02,213,0.07
2026-10-02,214,0.64
2026-10-02,215,0.32
2026-10-02,216,0.38
2026-10-02,217,0.28
2026-10-02,218,0.21
2026-10-02,219,0.28
2026-10-02,220,0.8
2026-10-02,221,0.72
2026-10-02,222,0.2
2026-10-02,223,1.09
2026-10-02,224,0.52
2026-10-02,225,0.31
2026-10-02,226,0.45
2026-10-02,227,0.5
2026-10-02,228,0.22
2026-10-02,229,0.36
2026-10-02,230,0.74
2026-10-02,231,0.09
2026-10-02,232,0.22
2026-10-02,233,0.27
2026-10-02,234,0.48
2026-10-02,235,0.85
2026-10-02,236,0.8
2026-10-02,237,0.74
2026-10-02,238,1.09
2026-10-02,239,0.8
2026-10-02,240,0.45
2026-10-02,241,0.72
2026-10-02,242,0.77
2026-10-02,243,0.53
2026-10-02,244,0.2
2026-10-02,245,0.12
2026-10-02,246,0.63
2026-10-02,247,0.2
2026-10-02,248,0.45
2026-10-02,249,0.51
2026-10-02,250,0.58
2026-10-02,251,0.66
2026-10-02,252,0.26
2026-10-02,253,0.3
2026-10-02,254,0.11
2026-10-02,255,0.26
2026-10-02,256,0.13
2026-10-02,257,0.1
2026-10-02,258,0.37
2026-10-02,259,0.22
2026-10-02,260,0.27
2026-10-02,261,0.3
2026-10-02,262,0.21
2026-10-02,263,0.31
2026-10-02,264,0.45
2026-10-02,265,0.14
2026-10-02,266,0.2
2026-10-02,267,0.22
2026-10-02,268,0.2
2026-10-02,269,0.2
2026-10-02,270,0.31
2026-10-02,271,0.33
2026-10-02,272,0.2
2026-10-02,273,0.2
2026-10-02,274,0.2
2026-10-02,275,0.12
2026-10-02,276,0.22
2026-10-02,277,0.13
2026-10-02,278,0.2
2026-10-02,279,0.2
2026-10-02,280,0.09
2026-10-02,281,0.05
2026-10-02,282,0.1
2026-10-02,283,0.1
2026-10-02,284,0.1
2026-10-02,285,0.1
2026-10-02,286,0.13
2026-10-02,287,0.13
2026-10-02,288,0.1
2026-10-02,289,0.13
2026-10-02,290,0.23
2026-10-02,291,0.14
2026-10-02,292,0.2
2026-10-02,293,0.15
2026-10-02,294,0.19
2026-10-02,295,0.25
2026-10-02,296,0.09
2026-10-02,297,0.3
2026-10-02,298,0.27
2026-10-02,299,0.41
2026-10-02,300,0.34
2026-10-02,301,0.1
2026-10-02,302,0.12
2026-10-02,303,0.2
2026-10-02,304,0.16
2026-10-02,305,0.2
2026-10-02,306,0.3
2026-10-02,307,0.26
2026-10-02,308,0.16
2026-10-02,309,0.07
2026-10-02,310,0.1
2026-10-02,311,0.14
2026-10-02,312,0.24
2026-10-02,313,0.3
2026-10-02,314,0.28
2026-10-02,315,0.5
2026-10-02,316,0.19
2026-10-02,317,0.2
2026-10-02,318,0.16
2026-10-02,319,0.2
2026-10-02,320,0.14
2026-10-02,321,0.24
2026-10-02,322,0.16
2026-10-02,323,0.11
2026-10-02,324,0.11
2026-10-02,325,0.2
2026-10-02,326,0.2
2026-10-02,327,0.22
2026-10-02,328,0.24
2026-10-02,329,0.2
2026-10-02,330,0.15
2026-10-02,331,0.2
2026-10-02,332,0.06
2026-10-02,333,0.1
2026-10-02,334,0.19
2026-10-02,335,0.04
2026-10-02,336,0.1
2026-10-02,337,0.05
2026-10-02,338,0.08
2026-10-02,339,0.15
2026-10-02,340,0.3
2026-10-02,341,0.34
2026-10-02,342,0.21
2026-10-02,343,0.11
2026-10-02,344,0.17
2026-10-02,345,0.2
2026-10-02,346,0.13
2026-10-02,347,0.09
2026-10-02,348,0.14
2026-10-02,349,0.14
2026-10-02,350,0.15
2026-10-02,351,0.05
2026-10-02,352,0.16
2026-10-02,353,0.14
2026-10-02,354,0.17
2026-10-02,355,0.13
2026-10-02,356,0.2
2026-10-02,357,0.08
2026-10-02,358,0.14
2026-10-02,359,0.1
2026-10-02,360,0.1
2026-10-02,361,0.26
2026-10-02,362,0.11
2026-10-02,363,0.2
2026-10-02,364,0.11
2026-10-02,365,0.12
2026-10-02,366,0.2
2026-10-02,367,0.35
2026-10-02,368,0.4
2026-10-02,369,0.5
2026-10-02,370,0.2
2026-10-02,371,0.12
2026-10-02,372,0.1
2026-10-02,373,0.1
2026-10-02,374,0.1
2026-10-02,375,0.09
2026-10-02,376,0.18
2026-10-02,377,0.3
2026-10-02,378,0.2
2026-10-02,379,0.1
2026-10-02,380,0.1
2026-10-02,381,0.19
2026-10-02,382,0.23
2026-10-02,383,0.22
2026-10-02,384,0.11
2026-10-02,385,0.12
2026-10-02,386,0.1
2026-10-02,387,0.07
2026-10-02,388,0.2
2026-10-02,389,0.12
2026-10-02,390,0.11
2026-10-02,391,0.16
2026-10-02,392,0.22
2026-10-02,393,0.34
2026-10-02,394,0.42
2026-10-02,395,0.4
2026-10-02,396,0.16
2026-10-02,397,0.16
2026-10-02,398,0.07
2026-10-02,399,0.35
2026-10-02,400,0.32
2026-10-02,401,0.23
2026-10-02,402,0.3
2026-10-02,403,0.1
2026-10-02,404,0.14
2026-10-02,405,0.11
2026-10-02,406,0.1
2026-10-02,407,0.1
2026-10-02,408,0.13
2026-10-02,409,0.2
2026-10-02,410,0.44
2026-10-02,411,0.2
2026-10-02,412,0.2
2026-10-02,413,0.2
2026-10-02,414,0.1
2026-10-02,415,0.24
2026-10-02,416,0.28
2026-10-02,417,0.22
2026-10-02,418,0.15
2026-10-02,419,0.1
2026-10-02,420,0.2
2026-10-02,421,0.16
2026-10-02,422,0.31
2026-10-02,423,0.35
2026-10-02,424,0.3
2026-10-02,425,0.1
2026-10-02,426,0.2
2026-10-02,427,0.24
2026-10-02,428,0.12
2026-10-02,429,0.1
2026-10-02,430,0.07
2026-10-02,431,0.1
2026-10-02,432,0.2
2026-10-02,433,0.14
2026-10-02,434,0.32
2026-10-02,435,0.24
2026-10-02,436,0.28
2026-10-02,437,0.33
2026-10-02,438,0.34
2026-10-02,439,0.19
2026-10-02,440,0.21
2026-10-02,441,0.05
2026-10-02,442,0.1
2026-10-02,443,0.2
2026-10-02,444,0.09
2026-10-02,445,0.3
2026-10-02,446,0.32
2026-10-02,447,0.4
2026-10-02,448,0.3
2026-10-02,449,0.24
2026-10-02,450,0.2
2026-10-02,451,0.23
2026-10-02,452,0.17
2026-10-02,453,0.21
2026-10-02,454,0.3
2026-10-02,455,0.14
2026-10-02,456,0.16
2026-10-02,457,0.2
2026-10-02,458,0.17
2026-10-02,459,0.2
2026-10-02,460,0.11
2026-10-02,461,0.19
2026-10-02,462,0.28
2026-10-02,463,0.2
2026-10-02,464,0.13
2026-10-02,465,0.18
2026-10-02,466,0.18
2026-10-02,467,0.34
2026-10-02,468,0.15
2026-10-02,469,0.28
2026-10-02,470,0.18
2026-10-02,471,0.19
2026-10-02,472,0.2
2026-10-02,473,0.16
2026-10-02,474,0.1
2026-10-02,475,0.16
2026-10-02,476,0.18
2026-10-02,477,0.17
2026-10-02,478,0.16
2026-10-02,479,0.07
2026-10-02,480,0.19
2026-10-02,481,0.13
2026-10-02,482,0.15
2026-10-02,483,0.15
2026-10-02,484,0.14
2026-10-02,485,0.1
2026-10-02,486,0.1
2026-10-02,487,0.1
2026-10-02,488,0.26
2026-10-02,489,0.21
2026-10-02,490,0.2
2026-10-02,491,0.1
2026-10-02,492,0.11
2026-10-02,493,0.3
2026-10-02,494,0.45
2026-10-02,495,0.3
2026-10-02,496,0.51
2026-10-02,497,0.21
2026-10-02,498,0.26
2026-10-02,499,0.25
2026-10-02,500,0.38
2026-10-02,501,0.27
2026-10-02,502,0.22
2026-10-02,503,0.22
2026-10-02,504,0.15
2026-10-02,505,0.12
2026-10-02,506,0.08
2026-10-02,507,0.1
2026-10-02,508,0.2
2026-10-02,509,0.12
2026-10-02,510,0.3
2026-10-02,511,0.13
2026-10-02,512,0.14
2026-10-02,513,0.13
2026-10-02,514,0.17
2026-10-02,515,0.2
2026-10-02,516,0.28
2026-10-02,517,0.27
2026-10-02,518,0.3
2026-10-02,519,0.1
2026-10-02,520,0.32
2026-10-02,521,0.19
2026-10-02,522,0.25
2026-10-02,523,0.31
2026-10-02,524,0.31
2026-10-02,525,0.17
2026-10-02,526,0.2
2026-10-02,527,0.25
2026-10-02,528,0.24
2026-10-02,529,0.25
2026-10-02,530,0.25
2026-10-02,531,0.22
2026-10-02,532,0.2
2026-10-02,533,0.22
2026-10-02,534,0.25
2026-10-02,535,0.2
2026-10-02,536,0.25
2026-10-02,537,0.18
2026-10-02,538,0.3
2026-10-02,539,0.31
2026-10-02,540,0.21
2026-10-02,541,0.28
2026-10-02,542,0.3
2026-10-02,543,0.7
2026-10-02,544,0.56
2026-10-02,545,0.44
2026-10-02,546,0.37
2026-10-02,547,0.2
2026-10-02,548,0.26
2026-10-02,549,0.41
2026-10-02,550,0.25
2026-10-02,551,0.3
2026-10-02,552,0.29
2026-10-02,553,0.34
2026-10-02,554,0.26
2026-10-02,555,0.3
2026-10-02,556,0.3
2026-10-02,557,0.2
2026-10-02,558,0.2
2026-10-02,559,0.3
2026-10-02,560,0.22
2026-10-02,561,0.21
2026-10-02,562,0.3
2026-10-02,563,0.34
2026-10-02,564,0.35
2026-10-02,565,0.38
2026-10-02,566,0.57
2026-10-02,567,0.47
2026-10-02,568,0.41
2026-10-02,569,0.2
2026-10-02,570,0.42
2026-10-02,571,0.1
2026-10-02,572,0.4
2026-10-02,573,0.25
2026-10-02,574,0.3
2026-10-02,575,0.3
2026-10-02,576,0.39
2026-10-02,577,0.6
2026-10-02,578,0.4
2026-10-02,579,0.31
2026-10-02,580,0.32
2026-10-02,581,0.4
2026-10-02,582,0.47
2026-10-02,583,0.3
2026-10-02,584,0.24
2026-10-02,585,0.3
2026-10-02,586,0.53
2026-10-02,587,0.24
2026-10-02,588,0.64
2026-10-02,589,0.35
2026-10-02,590,0.4
2026-10-02,591,0.27
2026-10-02,592,0.44
2026-10-02,593,0.33
2026-10-02,594,0.5
2026-10-02,595,0.65
2026-10-02,596,0.15
2026-10-02,597,0.4
2026-10-02,598,0.43
2026-10-02,599,0.28
2026-10-02,600,0.3
2026-10-02,601,0.41
2026-10-02,602,0.24
2026-10-02,603,0.22
2026-10-02,604,0.2
2026-10-02,605,0.22
2026-10-02,606,0.41
2026-10-02,607,0.3
2026-10-02,608,0.3
2026-10-02,609,0.33
2026-10-02,610,0.33
2026-10-02,611,0.37
2026-10-02,612,0.19
2026-10-02,613,0.23
2026-10-02,614,0.6
2026-10-02,615,0.38
2026-10-02,616,0.46
2026-10-02,617,0.5
2026-10-02,618,0.4
2026-10-02,619,0.43
2026-10-02,620,0.13
2026-10-02,621,0.52
2026-10-02,622,0.45
2026-10-02,623,0.48
2026-10-02,624,0.24
2026-10-02,625,0.47
2026-10-02,626,0.7
2026-10-02,627,0.39
2026-10-02,628,0.64
2026-10-02,629,0.64
2026-10-02,630,0.42
2026-10-02,631,0.5
2026-10-02,632,0.35
2026-10-02,633,0.49
2026-10-02,634,0.6
2026-10-02,635,0.39
2026-10-02,636,0.4
2026-10-02,637,0.2
2026-10-02,638,0.25
2026-10-02,639,0.16
2026-10-02,640,0.1
2026-10-02,641,0.27
2026-10-02,642,0.72
2026-10-02,643,0.51
2026-10-02,644,0.1
2026-10-02,645,0.45
2026-10-02,646,0.6
2026-10-02,647,0.27
2026-10-02,648,0.4
2026-10-02,649,0.2
2026-10-02,650,0.4
2026-10-02,651,0.21
2026-10-02,652,0.4
2026-10-02,653,0.51
2026-10-02,654,0.35
2026-10-02,655,0.29
2026-10-02,656,0.58
2026-10-02,657,0.57
2026-10-02,658,0.2
2026-10-02,659,0.57
2026-10-02,660,0.27
2026-10-02,661,0.5
2026-10-02,662,0.26
2026-10-02,663,0.17
2026-10-02,664,0.3
2026-10-02,665,0.3
2026-10-02,666,0.54
2026-10-02,667,0.57
2026-10-02,668,0.5
2026-10-02,669,0.39
2026-10-02,670,0.15
2026-10-02,671,0.41
2026-10-02,672,0.41
2026-10-02,673,0.46
2026-10-02,674,0.35
2026-10-02,675,0.26
2026-10-02,676,0.2
2026-10-02,677,0.2
2026-10-02,678,0.22
2026-10-02,679,0.28
2026-10-02,680,0.13
2026-10-02,681,0.24
2026-10-02,682,0.31
2026-10-02,683,0.2
2026-10-02,684,0.2
2026-10-02,685,0.41
2026-10-02,686,0.3
2026-10-02,687,0.3
2026-10-02,688,0.15
2026-10-02,689,0.65
2026-10-02,690,0.8
2026-10-02,691,0.55
2026-10-02,692,0.16
2026-10-02,693,0.74
2026-10-02,694,0.63
2026-10-02,695,0.34
2026-10-02,696,0.5
2026-10-02,697,0.51
2026-10-02,698,0.25
2026-10-02,699,0.64
2026-10-02,700,0.54
2026-10-02,701,0.35
2026-10-02,702,0.09
2026-10-02,703,0.1
2026-10-02,704,0.17
2026-10-02,705,0.23
2026-10-02,706,0.09
2026-10-02,707,0.4
2026-10-02,708,0.39
2026-10-02,709,0.34
2026-10-02,710,0.51
2026-10-02,711,0.6
2026-10-02,712,0.88
2026-10-02,713,0.13
2026-10-02,714,0.7
2026-10-02,715,0.45
2026-10-02,716,0.1
2026-10-02,717,0.35
2026-10-02,718,0.45
2026-10-02,719,0.36
2026-10-02,720,0.33
2026-10-02,721,0.09
2026-10-02,722,0.2
2026-10-02,723,0.23
2026-10-02,724,0.07
2026-10-02,725,0.3
2026-10-02,726,0.16
2026-10-02,727,0.2
2026-10-02,728,0.2
2026-10-02,729,0.5
2026-10-02,730,0.2
2026-10-02,731,0.25
2026-10-02,732,0.2
2026-10-02,733,0.11
2026-10-02,734,0.13
2026-10-02,735,0.47
2026-10-02,736,0.25
2026-10-02,737,0.21
2026-10-02,738,0.17
2026-10-02,739,0.2
2026-10-02,740,0.44
2026-10-02,741,0.1
2026-10-02,742,0.51
2026-10-02,743,0.3
2026-10-02,744,0.12
2026-10-02,745,0.21
2026-10-02,746,0.21
2026-10-02,747,0.2
2026-10-02,748,0.4
2026-10-02,749,0.23
2026-10-02,750,0.21
2026-10-02,751,0.24
2026-10-02,752,0.11
2026-10-02,753,0.1
2026-10-02,754,0.18
2026-10-02,755,0.08
2026-10-02,756,0.51
2026-10-02,757,0.6
2026-10-02,758,0.28
2026-10-02,759,0.46
2026-10-02,760,0.4
2026-10-02,761,0.27
2026-10-02,762,0.11
2026-10-02,763,0.41
2026-10-02,764,0.4
2026-10-02,765,0.16
2026-10-02,766,0.35
2026-10-02,767,0.41
2026-10-02,768,0.07
2026-10-02,769,0.72
2026-10-02,770,0.07
2026-10-02,771,0.19
2026-10-02,772,0.6
2026-10-02,773,0.6
2026-10-02,774,0.57
2026-10-02,775,0.4
2026-10-02,776,0.24
2026-10-02,777,0.1
2026-10-02,778,0.1
2026-10-02,779,0.29
2026-10-02,780,0.24
2026-10-02,781,0.1
2026-10-02,782,0.11
2026-10-02,783,0.24
2026-10-02,784,0.19
2026-10-02,785,0.22
2026-10-02,786,0.3
2026-10-02,787,0.2
2026-10-02,788,0.4
2026-10-02,789,0.19
2026-10-02,790,0.2
2026-10-02,791,0.4
2026-10-02,792,0.2
2026-10-02,793,0.18
2026-10-02,794,0.1
2026-10-02,795,0.1
2026-10-02,796,0.4
2026-10-02,797,0.24
2026-10-02,798,0.29
2026-10-02,799,0.38
2026-10-02,800,0.2
2026-10-02,801,0.11
2026-10-02,802,0.15
2026-10-02,803,0.2
2026-10-02,804,0.11
2026-10-02,805,0.16
2026-10-02,806,0.1
2026-10-02,807,0.31
2026-10-02,808,0.2
2026-10-02,809,0.63
2026-10-02,810,0.69
2026-10-02,811,0.3
2026-10-02,812,0.24
2026-10-02,813,0.18
2026-10-02,814,0.45
2026-10-02,815,0.2
2026-10-02,816,0.48
2026-10-02,817,0.63
2026-10-02,818,0.44
2026-10-02,819,0.2
2026-10-02,820,0.29
2026-10-02,821,0.11
2026-10-02,822,0.2
2026-10-02,823,0.21
2026-10-02,824,0.13
2026-10-02,825,0.1
2026-10-02,826,0.1
2026-10-02,827,0.27
2026-10-02,828,0.28
2026-10-02,829,0.3
2026-10-02,830,0.57
2026-10-02,831,0.26
2026-10-02,832,0.06
2026-10-02,833,0.1
2026-10-02,834,0.4
2026-10-02,835,0.2
2026-10-02,836,0.7
2026-10-02,837,0.58
2026-10-02,838,0.31
2026-10-02,839,0.75
2026-10-02,840,0.06
2026-10-02,841,0.33
2026-10-02,842,0.64
2026-10-02,843,0.2
2026-10-02,844,0.56
2026-10-02,845,0.17
2026-10-02,846,0.51
2026-10-02,847,0.88
2026-10-02,848,0.46
2026-10-02,849,0.2
2026-10-02,850,0.32
2026-10-02,851,0.22
2026-10-02,852,0.39
2026-10-02,853,0.43
2026-10-02,854,0.39
2026-10-02,855,0.42
2026-10-02,856,0.1
2026-10-02,857,0.2
2026-10-02,858,0.5
2026-10-02,859,0.35
2026-10-02,860,0.23
2026-10-02,861,0.26
2026-10-02,862,0.22
2026-10-02,863,0.2
2026-10-02,864,0.43
2026-10-02,865,0.36
2026-10-02,866,0.2
2026-10-02,867,0.37
2026-10-02,868,0.2
2026-10-02,869,0.39
2026-10-02,870,0.3
2026-10-02,871,0.75
2026-10-02,872,0.5
2026-10-02,873,0.39
2026-10-02,874,0.5
2026-10-02,875,0.2
2026-10-02,876,0.12
2026-10-02,877,0.46
2026-10-02,878,0.7
2026-10-02,879,0.49
2026-10-02,880,0.14
2026-10-02,881,0.12
2026-10-02,882,0.3
2026-10-02,883,0.1
2026-10-02,884,0.2
2026-10-02,885,0.21
2026-10-02,886,0.05
2026-10-02,887,0.2
2026-10-02,888,0.11
2026-10-02,889,0.18
2026-10-02,890,0.14
2026-10-02,891,0.2
2026-10-02,892,0.29
2026-10-02,893,0.2
2026-10-02,894,0.22
2026-10-02,895,0.32
2026-10-02,896,0.1
2026-10-02,897,0.15
2026-10-02,898,0.13
2026-10-02,899,0.2
2026-10-02,900,0.43
2026-10-02,901,0.3
2026-10-02,902,0.14
2026-10-02,903,0.26
2026-10-02,904,0.3
2026-10-02,905,0.24
2026-10-02,906,0.13
2026-10-02,907,0.11
2026-10-02,908,0.15
2026-10-02,909,0.26
2026-10-02,910,0.2
2026-10-02,911,0.1
2026-10-02,912,0.35
2026-10-02,913,0.22
2026-10-02,914,0.12
2026-10-02,915,0.4
2026-10-02,916,0.22
2026-10-02,917,0.14
2026-10-02,918,0.1
2026-10-02,919,0.23
2026-10-02,920,0.2
2026-10-02,921,0.15
2026-10-02,922,0.26
2026-10-02,923,0.18
2026-10-02,924,0.19
2026-10-02,925,0.13
2026-10-02,926,0.15
2026-10-02,927,0.22
2026-10-02,928,0.1
2026-10-02,929,0.2
2026-10-02,930,0.13
2026-10-02,931,0.16
2026-10-02,932,0.15
2026-10-02,933,0.14
2026-10-02,934,0.15
2026-10-02,935,0.16
2026-10-02,936,0.16
2026-10-02,937,0.15
2026-10-02,938,0.14
2026-10-02,939,0.09
2026-10-02,940,0.14
2026-10-02,941,0.14
2026-10-02,942,0.1
2026-10-02,943,0.17
2026-10-02,944,0.08
2026-10-02,945,0.12
2026-10-02,946,0.12
2026-10-02,947,0.11
2026-10-02,948,0.12
2026-10-02,949,0.1
2026-10-02,950,0.09
2026-10-02,951,0.16
2026-10-02,952,0.12
2026-10-02,953,0.16
2026-10-02,954,0.77
2026-10-02,955,0.82
2026-10-02,956,0.5
2026-10-02,957,0.3
2026-10-02,958,0.14
2026-10-02,959,0.2
2026-10-02,960,0.15
2026-10-02,961,0.12
2026-10-02,962,0.1
2026-10-02,963,0.2
2026-10-02,964,0.28
2026-10-02,965,0.2
2026-10-02,966,0.1
2026-10-02,967,0.17
2026-10-02,968,0.3
2026-10-02,969,0.1
2026-10-02,970,0.19
2026-10-02,971,0.1
2026-10-02,972,0.16
2026-10-02,973,0.49
2026-10-02,974,0.31
2026-10-02,975,0.3
2026-10-02,976,0.2
2026-10-02,977,0.29
2026-10-02,978,0.28
2026-10-02,979,0.41
2026-10-02,980,0.34
2026-10-02,981,0.42
2026-10-02,982,0.2
2026-10-02,983,0.1
2026-10-02,984,0.18
2026-10-02,985,0.18
2026-10-02,986,0.19
2026-10-02,987,0.31
2026-10-02,988,0.3
2026-10-02,989,0.1
2026-10-02,990,0.14
2026-10-02,991,0.23
2026-10-02,992,0.1
2026-10-02,993,0.1
2026-10-02,994,0.04
2026-10-02,995,0.07
2026-10-02,996,0.1
2026-10-02,997,0.07
2026-10-02,998,0.05
2026-10-02,999,0.06
2026-10-02,1000,0.08
2026-10-02,1001,0.1
2026-10-02,1002,0.1
2026-10-02,1003,0.14
2026-10-02,1004,0.12
2026-10-02,1005,0.09
2026-10-02,1006,0.13
2026-10-02,1007,0.06
2026-10-02,1008,0.11
2026-10-02,1009,0.15
2026-10-02,1010,0.1
2026-10-02,1011,0.04
2026-10-02,1012,0.2
2026-10-02,1013,0.1
2026-10-02,1014,0.08
2026-10-02,1015,0.19
2026-10-02,1016,0.1
2026-10-02,1017,0.1
2026-10-02,1018,0.1
2026-10-02,1019,0.15
2026-10-02,1020,0.2
2026-10-02,1021,0.05
2026-10-02,1022,0.05
2026-10-02,1023,0.12
2026-10-02,1024,0.15
2026-10-02,1025,0.2
2026-10-02,1026,0.11
2026-10-02,1027,0.19
2026-10-02,1028,0.16
2026-10-02,1029,0.14
2026-10-02,1030,0.07
2026-10-02,1031,0.08
2026-10-02,1032,0.09
2026-10-02,1033,0.06
2026-10-02,1034,0.17
2026-10-02,1035,0.1
2026-10-02,1036,0.1
2026-10-02,1037,0.17
2026-10-02,1038,0.14
2026-10-02,1039,0.07
2026-10-02,1040,0.13
2026-10-02,1041,0.1
2026-10-02,1042,0.17
2026-10-02,1043,0.1
2026-10-02,1044,0.05
2026-10-02,1045,0.07
2026-10-02,1046,0.1
2026-10-02,1047,0.15
2026-10-02,1048,0.2
2026-10-02,1049,0.24
2026-10-02,1050,0.12
2026-10-02,1051,0.1
2026-10-02,1052,0.09
2026-10-02,1053,0.08
2026-10-02,1054,0.08
2026-10-02,1055,0.15
2026-10-02,1056,0.17
2026-10-02,1057,0.08
2026-10-02,1058,0.11
2026-10-02,1059,0.09
2026-10-02,1060,0.1
2026-10-02,1061,0.05
2026-10-02,1062,0.06
2026-10-02,1063,0.08
2026-10-02,1064,0.06
2026-10-02,1065,0.09
2026-10-02,1066,0.2
2026-10-02,1067,0.1
2026-10-02,1068,0.1
2026-10-02,1069,0.13
2026-10-02,1070,0.27
2026-10-02,1071,0.14
2026-10-02,1072,0.1
2026-10-02,1073,0.1
2026-10-02,1074,0.12
2026-10-02,1075,0.08
2026-10-02,1076,0.1
2026-10-02,1077,0.11
2026-10-02,1078,0.1
2026-10-02,1079,0.17
2026-10-02,1080,0.06
2026-10-02,1081,0.1
2026-10-02,1082,0.19
2026-10-02,1083,0.14
2026-10-02,1084,0.1
2026-10-02,1085,0.3
2026-10-02,1086,0.15
2026-10-02,1087,0.16
2026-10-02,1088,0.26
2026-10-02,1089,0.15
2026-10-02,1090,0.13
2026-10-02,1091,0.1
2026-10-02,1092,0.14
2026-10-02,1093,0.2
2026-10-02,1094,0.2
2026-10-02,1095,0.11
2026-10-02,1096,0.08
2026-10-02,1097,0.1
2026-10-02,1098,0.18
2026-10-02,1099,0.1
2026-10-02,1100,0.1
2026-10-02,1101,0.1
2026-10-02,1102,0.1
2026-10-02,1103,0.13
2026-10-02,1104,0.14
2026-10-02,1105,0.12
2026-10-02,1106,0.26
2026-10-02,1107,0.18
2026-10-02,1108,0.23
2026-10-02,1109,0.2
2026-10-02,1110,0.12
2026-10-02,1111,0.09
2026-10-02,1112,0.1
2026-10-02,1113,0.09
2026-10-02,1114,0.1
2026-10-02,1115,0.13
2026-10-02,1116,0.12
2026-10-02,1117,0.1
2026-10-02,1118,0.11
2026-10-02,1119,0.13
2026-10-02,1120,0.15
2026-10-02,1121,0.09
2026-10-02,1122,0.23
2026-10-02,1123,0.17
2026-10-02,1124,0.1
2026-10-02,1125,0.04
2026-10-02,1126,0.1
2026-10-02,1127,0.2
2026-10-02,1128,0.22
2026-10-02,1129,0.1
2026-10-02,1130,0.17
2026-10-02,1131,0.11
2026-10-02,1132,0.19
2026-10-02,1133,0.14
2026-10-02,1134,0.06
2026-10-02,1135,0.2
2026-10-02,1136,0.38
2026-10-02,1137,0.16
2026-10-02,1138,0.25
2026-10-02,1139,0.25
2026-10-02,1140,0.19
2026-10-02,1141,0.3
2026-10-02,1142,0.27
2026-10-02,1143,0.18
2026-10-02,1144,0.25
2026-10-02,1145,0.21
2026-10-02,1146,0.3
2026-10-02,1147,0.27
2026-10-02,1148,0.08
2026-10-02,1149,0.2
2026-10-02,1150,0.5
2026-10-02,1151,0.56
2026-10-02,1152,0.3
2026-10-02,1153,0.4
2026-10-02,1154,0.66
2026-10-02,1155,0.1
2026-10-02,1156,0.17
2026-10-02,1157,0.31
2026-10-02,1158,0.2
2026-10-02,1159,0.28
2026-10-02,1160,0.23
2026-10-02,1161,0.38
2026-10-02,1162,0.47
2026-10-02,1163,0.38
2026-10-02,1164,0.34
2026-10-02,1165,0.27
2026-10-02,1166,0.11
2026-10-02,1167,0.1
2026-10-02,1168,0.08
2026-10-02,1169,0.17
2026-10-02,1170,0.2
2026-10-02,1171,0.21
2026-10-02,1172,0.1
2026-10-02,1173,0.16
2026-10-02,1174,0.08
2026-10-02,1175,0.07
2026-10-02,1176,0.18
2026-10-02,1177,0.1
2026-10-02,1178,0.21
2026-10-02,1179,0.07
2026-10-02,1180,0.18
2026-10-02,1181,0.2
2026-10-02,1182,0.22
2026-10-02,1183,0.3
2026-10-02,1184,0.19
2026-10-02,1185,0.18
2026-10-02,1186,0.1
2026-10-02,1187,0.09
2026-10-02,1188,0.1
2026-10-02,1189,0.14
2026-10-02,1190,0.13
2026-10-02,1191,0.09
2026-10-02,1192,0.1
2026-10-02,1193,0.09
2026-10-02,1194,0.14
2026-10-02,1195,0.25
2026-10-02,1196,0.11
2026-10-02,1197,0.03
2026-10-02,1198,0.09
2026-10-02,1199,0.22
2026-10-02,1200,0.12
2026-10-02,1201,0.25
2026-10-02,1202,0.2
2026-10-02,1203,0.13
2026-10-02,1204,0.08
2026-10-02,1205,0.19
2026-10-02,1206,0.09
2026-10-02,1207,0.15
2026-10-02,1208,0.22
2026-10-02,1209,0.22
2026-10-02,1210,0.14
2026-10-02,1211,0.18
2026-10-02,1212,0.1
2026-10-02,1213,0.1
2026-10-02,1214,0.19
2026-10-02,1215,0.15
2026-10-02,1216,0.14
2026-10-02,1217,0.82
2026-10-02,1218,0.17
2026-10-02,1219,0.29
2026-10-02,1220,0.13
2026-10-02,1221,0.22
2026-10-02,1222,0.14
2026-10-02,1223,0.21
2026-10-02,1224,0.27
2026-10-02,1225,0.14
2026-10-02,1226,0.22
2026-10-02,1227,0.26
2026-10-02,1228,0.14
2026-10-02,1229,0.16
2026-10-02,1230,0.19
2026-10-02,1231,0.1
2026-10-02,1232,0.2
2026-10-02,1233,0.19
2026-10-02,1234,0.15
2026-10-02,1235,0.1
2026-10-02,1236,0.2
2026-10-02,1237,0.1
2026-10-02,1238,0.12
2026-10-02,1239,0.36
2026-10-02,1240,0.84
2026-10-02,1241,0.8
2026-10-02,1242,0.42
2026-10-02,1243,0.8
2026-10-02,1244,0.2
2026-10-02,1245,0.4
2026-10-02,1246,1.2
2026-10-02,1247,0.84
2026-10-02,1248,0.8
2026-10-02,1249,0.97
2026-10-02,1250,1.91
2026-10-02,1251,1.4
2026-10-02,1252,0.34
2026-10-02,1253,0.91
2026-10-02,1254,1.67
2026-10-02,1255,1.16
2026-10-02,1256,0.7
2026-10-02,1257,1.21
2026-10-02,1258,0.4
2026-10-02,1259,0.57
2026-10-02,1260,0.5
2026-10-02,1261,0.74
2026-10-02,1262,0.56
2026-10-02,1263,0.45
2026-10-02,1264,0.51
2026-10-02,1265,0.47
2026-10-02,1266,0.26
2026-10-02,1267,0.07
2026-10-02,1268,0.12
2026-10-02,1269,0.25
2026-10-02,1270,0.54
2026-10-02,1271,0.2
2026-10-02,1272,0.66
2026-10-02,1273,0.23
2026-10-02,1274,0.21
2026-10-02,1275,0.86
2026-10-02,1276,0.61
2026-10-02,1277,0.47
2026-10-02,1278,0.3
2026-10-02,1279,1.3
2026-10-02,1280,0.71
2026-10-02,1281,0.65
2026-10-02,1282,0.65
2026-10-02,1283,0.25
2026-10-02,1284,0.93
2026-10-02,1285,0.19
2026-10-02,1286,0.44
2026-10-02,1287,0.38
2026-10-02,1288,0.27
2026-10-02,1289,0.16
2026-10-02,1290,0.3
2026-10-02,1291,0.14
2026-10-02,1292,0.29
2026-10-02,1293,0.22
2026-10-02,1294,0.3
2026-10-02,1295,0.27
2026-10-02,1296,0.22
2026-10-02,1297,0.27
2026-10-02,1298,0.42
2026-10-02,1299,0.27
2026-10-02,1300,0.09
2026-10-02,1301,0.1
2026-10-02,1302,0.32
2026-10-02,1303,0.27
2026-10-02,1304,0.1
2026-10-02,1305,0.4
2026-10-02,1306,0.2
2026-10-02,1307,0.19
2026-10-02,1308,0.35
2026-10-02,1309,0.2
2026-10-02,1310,0.14
2026-10-02,1311,0.29
2026-10-02,1312,0.13
2026-10-02,1313,0.14
2026-10-02,1314,0.11
2026-10-02,1315,0.3
2026-10-02,1316,0.23
2026-10-02,1317,0.12
2026-10-02,1318,0.1
2026-10-02,1319,0.2
2026-10-02,1320,0.1
2026-10-02,1321,0.11
2026-10-02,1322,0.2
2026-10-02,1323,0.12
2026-10-02,1324,0.19
2026-10-02,1325,0.17
2026-10-02,1326,0.11
2026-10-02,1327,0.13
2026-10-02,1328,0.1
2026-10-02,1329,0.42
2026-10-02,1330,0.18
2026-10-02,1331,0.1
2026-10-02,1332,0.38
2026-10-02,1333,0.07
2026-10-02,1334,0.18
2026-10-02,1335,0.42
2026-10-02,1336,0.24
2026-10-02,1337,0.3
2026-10-02,1338,0.24
2026-10-02,1339,0.28
2026-10-02,1340,0.21
2026-10-02,1341,0.23
2026-10-02,1342,0.22
2026-10-02,1343,0.18
2026-10-02,1344,0.32
2026-10-02,1345,0.21
2026-10-02,1346,0.12
2026-10-02,1347,0.12
2026-10-02,1348,0.26
2026-10-02,1349,0.12
2026-10-02,1350,0.3
2026-10-02,1351,0.3
2026-10-02,1352,0.16
2026-10-02,1353,0.14
2026-10-02,1354,0.2
2026-10-02,1355,0.4
2026-10-02,1356,0.2
2026-10-02,1357,0.25
2026-10-02,1358,0.73
2026-10-02,1359,0.24
2026-10-02,1360,0.3
2026-10-02,1361,0.64
2026-10-02,1362,0.24
2026-10-02,1363,0.2
2026-10-02,1364,0.21
2026-10-02,1365,0.32
2026-10-02,1366,0.2
2026-10-02,1367,0.5
2026-10-02,1368,0.33
2026-10-02,1369,0.18
2026-10-02,1370,0.1
2026-10-02,1371,0.23
2026-10-02,1372,0.68
2026-10-02,1373,0.41
2026-10-02,1374,0.1
2026-10-02,1375,0.73
2026-10-02,1376,0.8
2026-10-02,1377,1.54
2026-10-02,1378,1.4
2026-10-02,1379,1.33
2026-10-02,1380,0.77
2026-10-02,1381,1.77
2026-10-02,1382,0.92
2026-10-02,1383,0.32
2026-10-02,1384,2.03
2026-10-02,1385,0.8
2026-10-02,1386,0.49
2026-10-02,1387,1.98
2026-10-02,1388,0.29
2026-10-02,1389,0.92
2026-10-02,1390,0.92
2026-10-02,1391,0.94
2026-10-02,1392,0.22
2026-10-02,1393,0.63
2026-10-02,1394,0.81
2026-10-02,1395,0.27
2026-10-02,1396,0.3
2026-10-02,1397,0.15
2026-10-02,1398,0.63
2026-10-02,1399,0.4
2026-10-02,1400,0.6
2026-10-02,1401,0.23
2026-10-02,1402,0.5
2026-10-02,1403,0.8
2026-10-02,1404,0.2
2026-10-02,1405,0.41
2026-10-02,1406,0.87
2026-10-02,1407,0.62
2026-10-02,1408,0.3
2026-10-02,1409,0.4
2026-10-02,1410,0.37
2026-10-02,1411,0.2
2026-10-02,1412,0.54
2026-10-02,1413,0.05
2026-10-02,1414,0.44
2026-10-02,1415,0.25
2026-10-02,1416,0.25
2026-10-02,1417,0.3
2026-10-02,1418,0.3
2026-10-02,1419,0.14
2026-10-02,1420,0.5
2026-10-02,1421,0.39
2026-10-02,1422,0.3
2026-10-02,1423,0.27
2026-10-02,1424,0.12
2026-10-02,1425,0.09
2026-10-02,1426,0.06
2026-10-02,1427,0.31
2026-10-02,1428,0.37
2026-10-02,1429,0.21
2026-10-02,1430,0.3
2026-10-02,1431,0.4
2026-10-02,1432,0.1
2026-10-02,1433,0.5
2026-10-02,1434,0.31
2026-10-02,1435,0.16
2026-10-02,1436,0.26
2026-10-02,1437,0.25
2026-10-02,1438,0.22
2026-10-02,1439,0.17
2026-10-03,1,0.12
2026-10-03,2,0.07
2026-10-03,3,0.1
2026-10-03,4,0.18
2026-10-03,5,0.5
2026-10-03,6,0.21
2026-10-03,7,0.18
2026-10-03,8,0.1
2026-10-03,9,0.4
2026-10-03,10,0.21
2026-10-03,11,0.3
2026-10-03,12,0.2
2026-10-03,13,0.16
2026-10-03,14,0.25
2026-10-03,15,0.16
2026-10-03,16,0.4
2026-10-03,17,0.17
2026-10-03,18,0.08
2026-10-03,19,0.2
2026-10-03,20,0.21
2026-10-03,21,0.23
2026-10-03,22,0.29
2026-10-03,23,0.48
2026-10-03,24,0.3
2026-10-03,25,0.19
2026-10-03,26,0.4
2026-10-03,27,0.3
2026-10-03,28,0.05
2026-10-03,29,0.12
2026-10-03,30,0.1
2026-10-03,31,0.1
2026-10-03,32,0.11
2026-10-03,33,0.2
2026-10-03,34,0.2
2026-10-03,35,0.25
2026-10-03,36,0.16
2026-10-03,37,0.25
2026-10-03,38,0.07
2026-10-03,39,0.18
2026-10-03,40,0.09
2026-10-03,41,0.2
2026-10-03,42,0.08
2026-10-03,43,0.1
2026-10-03,44,0.15
2026-10-03,45,0.22
2026-10-03,46,0.35
2026-10-03,47,0.15
2026-10-03,48,0.08
2026-10-03,49,0.1
2026-10-03,50,0.12
2026-10-03,51,0.33
2026-10-03,52,0.23
2026-10-03,53,0.12
2026-10-03,54,0.1
2026-10-03,55,0.14
2026-10-03,56,0.07
2026-10-03,57,0.2
2026-10-03,58,0.13
2026-10-03,59,0.12
2026-10-03,60,0.24
2026-10-03,61,0.1
2026-10-03,62,0.1
2026-10-03,63,0.2
2026-10-03,64,0.2
2026-10-03,65,0.08
2026-10-03,66,0.12
2026-10-03,67,0.15
2026-10-03,68,0.07
2026-10-03,69,0.08
2026-10-03,70,0.09
2026-10-03,71,0.16
2026-10-03,72,0.11
2026-10-03,73,0.13
2026-10-03,74,0.09
2026-10-03,75,0.16
2026-10-03,76,0.1
2026-10-03,77,0.1
2026-10-03,78,0.1
2026-10-03,79,0.06
2026-10-03,80,0.06
2026-10-03,81,0.03
2026-10-03,82,0.04
2026-10-03,83,0.14
2026-10-03,84,0.08
2026-10-03,85,0.13
2026-10-03,86,0.11
2026-10-03,87,0.1
2026-10-03,88,0.18
2026-10-03,89,0.16
2026-10-03,90,0.11
2026-10-03,91,0.1
2026-10-03,92,0.11
2026-10-03,93,0.07
2026-10-03,94,0.09
2026-10-03,95,0.05
2026-10-03,96,0.1
2026-10-03,97,0.1
2026-10-03,98,0.1
2026-10-03,99,0.07
2026-10-03,100,0.1
2026-10-03,101,0.12
2026-10-03,102,0.1
2026-10-03,103,0.1
2026-10-03,104,0.05
2026-10-03,105,0.14
2026-10-03,106,0.14
2026-10-03,107,0.11
2026-10-03,108,0.03
2026-10-03,109,0.09
2026-10-03,110,0.18
2026-10-03,111,0.2
2026-10-03,112,0.13
2026-10-03,113,0.1
2026-10-03,114,0.05
2026-10-03,115,0.11
2026-10-03,116,0.05
2026-10-03,117,0.2
2026-10-03,118,0.05
2026-10-03,119,0.05
2026-10-03,120,0.1
2026-10-03,121,0.1
2026-10-03,122,0.18
2026-10-03,123,0.13
2026-10-03,124,0.08
2026-10-03,125,0.11
2026-10-03,126,0.13
2026-10-03,127,0.13
2026-10-03,128,0.13
2026-10-03,129,0.09
2026-10-03,130,0.17
2026-10-03,131,0.2
2026-10-03,132,0.18
2026-10-03,133,0.46
2026-10-03,134,0.88
2026-10-03,135,0.28
2026-10-03,136,0.43
2026-10-03,137,0.5
2026-10-03,138,0.65
2026-10-03,139,0.74
2026-10-03,140,0.58
2026-10-03,141,0.57
2026-10-03,142,0.54
2026-10-03,143,0.36
2026-10-03,144,0.46
2026-10-03,145,0.45
2026-10-03,146,0.46
2026-10-03,147,0.45
2026-10-03,148,0.38
2026-10-03,149,0.34
2026-10-03,150,0.48
2026-10-03,151,0.4
2026-10-03,152,0.4
2026-10-03,153,0.34
2026-10-03,154,0.12
2026-10-03,155,0.18
2026-10-03,156,0.22
2026-10-03,157,0.2
2026-10-03,158,0.15
2026-10-03,159,0.18
2026-10-03,160,0.2
2026-10-03,161,0.2
2026-10-03,162,0.2
2026-10-03,163,0.15
2026-10-03,164,0.1
2026-10-03,165,0.17
2026-10-03,166,0.19
2026-10-03,167,0.24
2026-10-03,168,0.25
2026-10-03,169,0.26
2026-10-03,170,0.2
2026-10-03,171,0.33
2026-10-03,172,0.22
2026-10-03,173,0.18
2026-10-03,174,0.1
2026-10-03,175,0.22
2026-10-03,176,0.11
2026-10-03,177,0.2
2026-10-03,178,0.1
2026-10-03,179,0.15
2026-10-03,180,0.1
2026-10-03,181,0.21
2026-10-03,182,0.15
2026-10-03,183,0.15
2026-10-03,184,0.16
2026-10-03,185,0.12
2026-10-03,186,0.16
2026-10-03,187,0.3
2026-10-03,188,0.39
2026-10-03,189,0.3
2026-10-03,190,0.39
2026-10-03,191,0.29
2026-10-03,192,0.32
2026-10-03,193,0.5
2026-10-03,194,0.52
2026-10-03,195,0.29
2026-10-03,196,0.12
2026-10-03,197,0.32
2026-10-03,198,0.44
2026-10-03,199,0.6
2026-10-03,200,0.2
2026-10-03,201,0.1
2026-10-03,202,0.1
2026-10-03,203,0.1
2026-10-03,204,0.3
2026-10-03,205,0.07
2026-10-03,206,0.25
2026-10-03,207,0.34
2026-10-03,208,0.29
2026-10-03,209,0.44
2026-10-03,210,0.3
2026-10-03,211,0.11
2026-10-03,212,0.16
2026-10-03,213,0.16
2026-10-03,214,0.24
2026-10-03,215,0.33
2026-10-03,216,0.08
2026-10-03,217,0.15
2026-10-03,218,0.27
2026-10-03,219,0.3
2026-10-03,220,0.28
2026-10-03,221,0.07
2026-10-03,222,0.1
2026-10-03,223,0.25
2026-10-03,224,0.17
2026-10-03,225,0.12
2026-10-03,226,0.23
2026-10-03,227,0.13
2026-10-03,228,0.27
2026-10-03,229,0.3
2026-10-03,230,0.2
2026-10-03,231,0.38
2026-10-03,232,0.3
2026-10-03,233,0.2
2026-10-03,234,0.17
2026-10-03,235,0.05
2026-10-03,236,0.08
2026-10-03,237,0.19
2026-10-03,238,0.2
2026-10-03,239,0.41
2026-10-03,240,0.14
2026-10-03,241,0.7
2026-10-03,242,0.16
2026-10-03,243,0.37
2026-10-03,244,0.33
2026-10-03,245,0.5
2026-10-03,246,0.3
2026-10-03,247,0.1
2026-10-03,248,0.5
2026-10-03,249,0.18
2026-10-03,250,0.16
2026-10-03,251,0.22
2026-10-03,252,0.11
2026-10-03,253,0.28
2026-10-03,254,0.11
2026-10-03,255,0.26
2026-10-03,256,0.15
2026-10-03,257,0.3
2026-10-03,258,0.48
2026-10-03,259,0.26
2026-10-03,260,0.58
2026-10-03,261,0.55
2026-10-03,262,0.18
2026-10-03,263,0.38
2026-10-03,264,0.32
2026-10-03,265,0.35
2026-10-03,266,0.55
2026-10-03,267,0.72
2026-10-03,268,0.21
2026-10-03,269,0.22
2026-10-03,270,0.3
2026-10-03,271,0.11
2026-10-03,272,0.34
2026-10-03,273,0.3
2026-10-03,274,0.29
2026-10-03,275,0.13
2026-10-03,276,0.11
2026-10-03,277,0.41
2026-10-03,278,0.18
2026-10-03,279,0.18
2026-10-03,280,0.36
2026-10-03,281,0.32
2026-10-03,282,0.39
2026-10-03,283,0.22
2026-10-03,284,0.2
2026-10-03,285,0.22
2026-10-03,286,0.1
2026-10-03,287,0.35
2026-10-03,288,0.25
2026-10-03,289,0.2
2026-10-03,290,0.17
2026-10-03,291,0.21
2026-10-03,292,0.3
2026-10-03,293,0.25
2026-10-03,294,0.24
2026-10-03,295,0.21
2026-10-03,296,0.08
2026-10-03,297,0.33
2026-10-03,298,0.41
2026-10-03,299,0.1
2026-10-03,300,0.3
2026-10-03,301,0.4
2026-10-03,302,0.22
2026-10-03,303,0.16
2026-10-03,304,0.2
2026-10-03,305,0.38
2026-10-03,306,0.29
2026-10-03,307,0.27
2026-10-03,308,0.2
2026-10-03,309,0.34
2026-10-03,310,0.38
2026-10-03,311,0.4
2026-10-03,312,0.27
2026-10-03,313,1.02
2026-10-03,314,0.31
2026-10-03,315,0.5
2026-10-03,316,0.18
2026-10-03,317,0.4
2026-10-03,318,0.31
2026-10-03,319,0.92
2026-10-03,320,0.41
2026-10-03,321,1.05
2026-10-03,322,0.51
2026-10-03,323,0.32
2026-10-03,324,0.75
2026-10-03,325,0.67
2026-10-03,326,0.39
2026-10-03,327,0.5
2026-10-03,328,0.09
2026-10-03,329,0.12
2026-10-03,330,0.46
2026-10-03,331,0.22
2026-10-03,332,0.32
2026-10-03,333,0.14
2026-10-03,334,0.2
2026-10-03,335,0.28
2026-10-03,336,0.47
2026-10-03,337,0.23
2026-10-03,338,0.16
2026-10-03,339,0.5
2026-10-03,340,0.52
2026-10-03,341,0.5
2026-10-03,342,0.3
2026-10-03,343,0.59
2026-10-03,344,0.62
2026-10-03,345,0.3
2026-10-03,346,0.93
2026-10-03,347,0.4
2026-10-03,348,0.41
2026-10-03,349,1.02
2026-10-03,350,0.69
2026-10-03,351,1.06
2026-10-03,352,1.0
2026-10-03,353,0.11
2026-10-03,354,0.36
2026-10-03,355,0.39
2026-10-03,356,0.27
2026-10-03,357,0.57
2026-10-03,358,0.19
2026-10-03,359,0.2
2026-10-03,360,0.43
2026-10-03,361,0.73
2026-10-03,362,0.25
2026-10-03,363,0.29
2026-10-03,364,0.35
2026-10-03,365,0.26
2026-10-03,366,0.32
2026-10-03,367,0.2
2026-10-03,368,0.49
2026-10-03,369,0.4
2026-10-03,370,0.9
2026-10-03,371,0.55
2026-10-03,372,0.35
2026-10-03,373,0.4
2026-10-03,374,0.41
2026-10-03,375,0.26
2026-10-03,376,0.41
2026-10-03,377,0.13
2026-10-03,378,0.26
2026-10-03,379,0.8
2026-10-03,380,0.5
2026-10-03,381,0.78
2026-10-03,382,0.31
2026-10-03,383,0.66
2026-10-03,384,0.57
2026-10-03,385,0.44
2026-10-03,386,0.54
2026-10-03,387,1.05
2026-10-03,388,1.11
2026-10-03,389,1.04
2026-10-03,390,0.5
2026-10-03,391,0.42
2026-10-03,392,0.4
2026-10-03,393,0.36
2026-10-03,394,0.1
2026-10-03,395,0.12
2026-10-03,396,0.26
2026-10-03,397,0.2
2026-10-03,398,0.33
2026-10-03,399,0.55
2026-10-03,400,0.4
2026-10-03,401,0.66
2026-10-03,402,0.34
2026-10-03,403,1.27
2026-10-03,404,0.6
2026-10-03,405,0.17
2026-10-03,406,0.15
2026-10-03,407,0.4
2026-10-03,408,0.75
2026-10-03,409,1.19
2026-10-03,410,0.54
2026-10-03,411,0.56
2026-10-03,412,0.43
2026-10-03,413,0.33
2026-10-03,414,0.3
2026-10-03,415,0.18
2026-10-03,416,0.64
2026-10-03,417,0.91
2026-10-03,418,0.98
2026-10-03,419,0.43
2026-10-03,420,0.5
2026-10-03,421,0.38
2026-10-03,422,0.5
2026-10-03,423,0.4
2026-10-03,424,0.52
2026-10-03,425,0.39
2026-10-03,426,0.61
2026-10-03,427,0.59
2026-10-03,428,0.7
2026-10-03,429,0.13
2026-10-03,430,0.6
2026-10-03,431,0.51
2026-10-03,432,0.57
2026-10-03,433,0.83
2026-10-03,434,0.24
2026-10-03,435,0.56
2026-10-03,436,0.4
2026-10-03,437,0.5
2026-10-03,438,0.38
2026-10-03,439,0.68
2026-10-03,440,0.1
2026-10-03,441,0.3
2026-10-03,442,0.4
2026-10-03,443,0.35
2026-10-03,444,0.3
2026-10-03,445,0.48
2026-10-03,446,0.2
2026-10-03,447,0.15
2026-10-03,448,0.36
2026-10-03,449,0.62
2026-10-03,450,0.46
2026-10-03,451,0.35
2026-10-03,452,0.48
2026-10-03,453,0.49
2026-10-03,454,0.31
2026-10-03,455,0.79
2026-10-03,456,0.32
2026-10-03,457,0.2
2026-10-03,458,0.82
2026-10-03,459,0.6
2026-10-03,460,0.46
2026-10-03,461,0.26
2026-10-03,462,0.42
2026-10-03,463,0.3
2026-10-03,464,0.43
2026-10-03,465,0.76
2026-10-03,466,0.78
2026-10-03,467,0.6
2026-10-03,468,0.2
2026-10-03,469,0.2
2026-10-03,470,0.22
2026-10-03,471,0.6
2026-10-03,472,0.48
2026-10-03,473,0.39
2026-10-03,474,0.4
2026-10-03,475,0.2
2026-10-03,476,0.7
2026-10-03,477,0.3
2026-10-03,478,1.9
2026-10-03,479,0.13
2026-10-03,480,0.24
2026-10-03,481,1.47
2026-10-03,482,0.16
2026-10-03,483,0.3
2026-10-03,484,0.54
2026-10-03,485,0.29
2026-10-03,486,0.54
2026-10-03,487,0.58
2026-10-03,488,0.17
2026-10-03,489,0.7
2026-10-03,490,0.34
2026-10-03,491,0.2
2026-10-03,492,0.3
2026-10-03,493,0.12
2026-10-03,494,0.19
2026-10-03,495,0.38
2026-10-03,496,0.21
2026-10-03,497,0.3
2026-10-03,498,0.29
2026-10-03,499,0.44
2026-10-03,500,0.6
2026-10-03,501,0.52
2026-10-03,502,0.17
2026-10-03,503,0.13
2026-10-03,504,0.54
2026-10-03,505,0.72
2026-10-03,506,0.33
2026-10-03,507,0.23
2026-10-03,508,0.91
2026-10-03,509,0.5
2026-10-03,510,0.87
2026-10-03,511,0.4
2026-10-03,512,0.4
2026-10-03,513,0.32
2026-10-03,514,1.28
2026-10-03,515,0.72
2026-10-03,516,0.35
2026-10-03,517,1.04
2026-10-03,518,0.5
2026-10-03,519,1.28
2026-10-03,520,0.2
2026-10-03,521,0.4
2026-10-03,522,0.51
2026-10-03,523,0.17
2026-10-03,524,0.29
2026-10-03,525,0.2
2026-10-03,526,0.6
2026-10-03,527,0.6
2026-10-03,528,0.65
2026-10-03,529,0.8
2026-10-03,530,0.5
2026-10-03,531,0.79
2026-10-03,532,0.92
2026-10-03,533,0.36
2026-10-03,534,0.7
2026-10-03,535,0.34
2026-10-03,536,0.3
2026-10-03,537,0.48
2026-10-03,538,0.68
2026-10-03,539,0.7
2026-10-03,540,0.22
2026-10-03,541,0.13
2026-10-03,542,0.1
2026-10-03,543,0.45
2026-10-03,544,0.59
2026-10-03,545,0.21
2026-10-03,546,0.4
2026-10-03,547,0.6
2026-10-03,548,0.34
2026-10-03,549,0.23
2026-10-03,550,0.15
2026-10-03,551,0.4
2026-10-03,552,0.4
2026-10-03,553,0.45
2026-10-03,554,0.34
2026-10-03,555,0.19
2026-10-03,556,0.16
2026-10-03,557,0.3
2026-10-03,558,0.26
2026-10-03,559,0.2
2026-10-03,560,0.31
2026-10-03,561,0.17
2026-10-03,562,0.16
2026-10-03,563,0.2
2026-10-03,564,0.39
2026-10-03,565,0.32
2026-10-03,566,0.13
2026-10-03,567,0.25
2026-10-03,568,0.28
2026-10-03,569,0.23
2026-10-03,570,0.37
2026-10-03,571,0.16
2026-10-03,572,0.48
2026-10-03,573,0.5
2026-10-03,574,0.2
2026-10-03,575,0.32
2026-10-03,576,0.48
2026-10-03,577,0.22
2026-10-03,578,0.13
2026-10-03,579,0.15
2026-10-03,580,0.13
2026-10-03,581,0.14
2026-10-03,582,0.51
2026-10-03,583,0.54
2026-10-03,584,0.57
2026-10-03,585,0.29
2026-10-03,586,0.53
2026-10-03,587,0.22
2026-10-03,588,0.46
2026-10-03,589,0.45
2026-10-03,590,0.2
2026-10-03,591,0.53
2026-10-03,592,0.42
2026-10-03,593,0.18
2026-10-03,594,0.6
2026-10-03,595,0.46
2026-10-03,596,0.4
2026-10-03,597,0.14
2026-10-03,598,0.2
2026-10-03,599,0.32
2026-10-03,600,0.57
2026-10-03,601,0.68
2026-10-03,602,0.4
2026-10-03,603,0.6
2026-10-03,604,0.3
2026-10-03,605,0.32
2026-10-03,606,0.34
2026-10-03,607,0.25
2026-10-03,608,0.3
2026-10-03,609,0.3
2026-10-03,610,0.15
2026-10-03,611,0.19
2026-10-03,612,0.27
2026-10-03,613,0.16
2026-10-03,614,0.1
2026-10-03,615,0.52
2026-10-03,616,0.35
2026-10-03,617,0.56
2026-10-03,618,0.4
2026-10-03,619,0.9
2026-10-03,620,0.78
2026-10-03,621,0.23
2026-10-03,622,0.34
2026-10-03,623,0.53
2026-10-03,624,0.16
2026-10-03,625,0.25
2026-10-03,626,0.23
2026-10-03,627,0.59
2026-10-03,628,0.51
2026-10-03,629,0.15
2026-10-03,630,0.38
2026-10-03,631,0.5
2026-10-03,632,0.4
2026-10-03,633,0.13
2026-10-03,634,0.1
2026-10-03,635,0.2
2026-10-03,636,0.19
2026-10-03,637,0.49
2026-10-03,638,0.2
2026-10-03,639,0.24
2026-10-03,640,0.2
2026-10-03,641,0.17
2026-10-03,642,0.27
2026-10-03,643,0.13
2026-10-03,644,0.72
2026-10-03,645,0.32
2026-10-03,646,0.54
2026-10-03,647,0.69
2026-10-03,648,0.52
2026-10-03,649,0.62
2026-10-03,650,0.46
2026-10-03,651,0.37
2026-10-03,652,1.03
2026-10-03,653,1.32
2026-10-03,654,1.1
2026-10-03,655,0.54
2026-10-03,656,0.5
2026-10-03,657,0.33
2026-10-03,658,0.1
2026-10-03,659,0.45
2026-10-03,660,0.44
2026-10-03,661,0.82
2026-10-03,662,0.84
2026-10-03,663,0.63
2026-10-03,664,0.8
2026-10-03,665,0.82
2026-10-03,666,0.4
2026-10-03,667,0.2
2026-10-03,668,0.1
2026-10-03,669,0.39
2026-10-03,670,0.54
2026-10-03,671,0.69
2026-10-03,672,0.85
2026-10-03,673,0.74
2026-10-03,674,0.41
2026-10-03,675,0.58
2026-10-03,676,0.5
2026-10-03,677,0.65
2026-10-03,678,0.24
2026-10-03,679,0.63
2026-10-03,680,0.46
2026-10-03,681,0.12
2026-10-03,682,0.72
2026-10-03,683,0.43
2026-10-03,684,0.29
2026-10-03,685,0.3
2026-10-03,686,0.32
2026-10-03,687,0.21
2026-10-03,688,0.1
2026-10-03,689,0.27
2026-10-03,690,0.51
2026-10-03,691,0.57
2026-10-03,692,0.09
2026-10-03,693,0.6
2026-10-03,694,0.6
2026-10-03,695,0.95
2026-10-03,696,0.72
2026-10-03,697,0.41
2026-10-03,698,0.2
2026-10-03,699,0.65
2026-10-03,700,0.37
2026-10-03,701,0.84
2026-10-03,702,0.5
2026-10-03,703,0.49
2026-10-03,704,0.34
2026-10-03,705,0.24
2026-10-03,706,0.6
2026-10-03,707,0.64
2026-10-03,708,0.54
2026-10-03,709,0.2
2026-10-03,710,0.3
2026-10-03,711,0.13
2026-10-03,712,0.07
2026-10-03,713,0.15
2026-10-03,714,0.31
2026-10-03,715,0.3
2026-10-03,716,0.36
2026-10-03,717,0.26
2026-10-03,718,0.4
2026-10-03,719,0.09
2026-10-03,720,0.24
2026-10-03,721,0.2
2026-10-03,722,0.15
2026-10-03,723,0.19
2026-10-03,724,0.15
2026-10-03,725,0.19
2026-10-03,726,0.34
2026-10-03,727,0.69
2026-10-03,728,0.51
2026-10-03,729,0.22
2026-10-03,730,0.22
2026-10-03,731,0.15
2026-10-03,732,0.32
2026-10-03,733,0.22
2026-10-03,734,0.28
2026-10-03,735,0.35
2026-10-03,736,0.3
2026-10-03,737,0.3
2026-10-03,738,0.38
2026-10-03,739,0.42
2026-10-03,740,0.33
2026-10-03,741,0.39
2026-10-03,742,0.41
2026-10-03,743,0.28
2026-10-03,744,0.4
2026-10-03,745,0.2
2026-10-03,746,0.38
2026-10-03,747,0.3
2026-10-03,748,0.11
2026-10-03,749,0.14
2026-10-03,750,0.16
2026-10-03,751,0.23
2026-10-03,752,0.34
2026-10-03,753,0.73
2026-10-03,754,0.29
2026-10-03,755,0.24
2026-10-03,756,0.4
2026-10-03,757,0.13
2026-10-03,758,0.6
2026-10-03,759,0.91
2026-10-03,760,0.39
2026-10-03,761,0.36
2026-10-03,762,0.4
2026-10-03,763,0.36
2026-10-03,764,0.32
2026-10-03,765,0.9
2026-10-03,766,1.1
2026-10-03,767,0.54
2026-10-03,768,0.47
2026-10-03,769,0.14
2026-10-03,770,0.19
2026-10-03,771,0.58
2026-10-03,772,0.63
2026-10-03,773,0.3
2026-10-03,774,0.57
2026-10-03,775,0.5
2026-10-03,776,0.6
2026-10-03,777,0.58
2026-10-03,778,0.79
2026-10-03,779,0.72
2026-10-03,780,0.6
2026-10-03,781,0.58
2026-10-03,782,0.43
2026-10-03,783,0.46
2026-10-03,784,0.13
2026-10-03,785,0.07
2026-10-03,786,0.32
2026-10-03,787,0.1
2026-10-03,788,0.2
2026-10-03,789,0.29
2026-10-03,790,0.23
2026-10-03,791,0.43
2026-10-03,792,0.3
2026-10-03,793,0.61
2026-10-03,794,0.47
2026-10-03,795,0.13
2026-10-03,796,0.3
2026-10-03,797,0.3
2026-10-03,798,0.1
2026-10-03,799,1.28
2026-10-03,800,0.3
2026-10-03,801,0.63
2026-10-03,802,0.29
2026-10-03,803,1.31
2026-10-03,804,0.72
2026-10-03,805,0.63
2026-10-03,806,0.8
2026-10-03,807,0.95
2026-10-03,808,0.9
2026-10-03,809,0.6
2026-10-03,810,0.6
2026-10-03,811,0.7
2026-10-03,812,0.53
2026-10-03,813,0.35
2026-10-03,814,0.72
2026-10-03,815,0.3
2026-10-03,816,0.64
2026-10-03,817,0.6
2026-10-03,818,0.42
2026-10-03,819,0.46
2026-10-03,820,0.38
2026-10-03,821,0.16
2026-10-03,822,0.34
2026-10-03,823,0.54
2026-10-03,824,0.39
2026-10-03,825,0.13
2026-10-03,826,0.3
2026-10-03,827,0.54
2026-10-03,828,0.18
2026-10-03,829,0.14
2026-10-03,830,0.25
2026-10-03,831,0.65
2026-10-03,832,0.29
2026-10-03,833,0.21
2026-10-03,834,0.41
2026-10-03,835,0.46
2026-10-03,836,0.82
2026-10-03,837,0.44
2026-10-03,838,0.1
2026-10-03,839,0.2
2026-10-03,840,0.19
2026-10-03,841,0.08
2026-10-03,842,0.1
2026-10-03,843,0.24
2026-10-03,844,0.63
2026-10-03,845,0.41
2026-10-03,846,0.62
2026-10-03,847,0.37
2026-10-03,848,0.85
2026-10-03,849,0.2
2026-10-03,850,0.32
2026-10-03,851,0.2
2026-10-03,852,0.1
2026-10-03,853,0.21
2026-10-03,854,0.23
2026-10-03,855,0.09
2026-10-03,856,0.35
2026-10-03,857,0.44
2026-10-03,858,0.13
2026-10-03,859,0.3
2026-10-03,860,0.28
2026-10-03,861,0.2
2026-10-03,862,0.14
2026-10-03,863,0.14
2026-10-03,864,0.18
2026-10-03,865,0.42
2026-10-03,866,0.29
2026-10-03,867,0.36
2026-10-03,868,0.34
2026-10-03,869,0.55
2026-10-03,870,0.41
2026-10-03,871,0.33
2026-10-03,872,0.2
2026-10-03,873,0.5
2026-10-03,874,0.5
2026-10-03,875,0.48
2026-10-03,876,1.09
2026-10-03,877,1.03
2026-10-03,878,0.55
2026-10-03,879,0.3
2026-10-03,880,0.1
2026-10-03,881,0.1
2026-10-03,882,0.2
2026-10-03,883,0.29
2026-10-03,884,0.26
2026-10-03,885,0.2
2026-10-03,886,0.11
2026-10-03,887,0.24
2026-10-03,888,0.32
2026-10-03,889,0.2
2026-10-03,890,0.22
2026-10-03,891,0.15
2026-10-03,892,0.16
2026-10-03,893,0.19
2026-10-03,894,0.1
2026-10-03,895,0.38
2026-10-03,896,0.17
2026-10-03,897,0.34
2026-10-03,898,0.15
2026-10-03,899,0.26
2026-10-03,900,0.1
2026-10-03,901,0.09
2026-10-03,902,0.19
2026-10-03,903,0.2
2026-10-03,904,0.13
2026-10-03,905,0.14
2026-10-03,906,0.52
2026-10-03,907,0.16
2026-10-03,908,0.18
2026-10-03,909,0.31
2026-10-03,910,0.38
2026-10-03,911,0.2
2026-10-03,912,0.09
2026-10-03,913,0.21
2026-10-03,914,0.24
2026-10-03,915,0.36
2026-10-03,916,0.22
2026-10-03,917,0.33
2026-10-03,918,0.29
2026-10-03,919,0.33
2026-10-03,920,0.49
2026-10-03,921,0.21
2026-10-03,922,0.2
2026-10-03,923,0.3
2026-10-03,924,0.16
2026-10-03,925,0.3
2026-10-03,926,0.11
2026-10-03,927,0.25
2026-10-03,928,0.12
2026-10-03,929,0.33
2026-10-03,930,0.22
2026-10-03,931,0.2
2026-10-03,932,0.11
2026-10-03,933,0.1
2026-10-03,934,0.15
2026-10-03,935,0.13
2026-10-03,936,0.27
2026-10-03,937,0.35
2026-10-03,938,0.6
2026-10-03,939,0.41
2026-10-03,940,0.1
2026-10-03,941,0.1
2026-10-03,942,0.12
2026-10-03,943,0.2
2026-10-03,944,0.2
2026-10-03,945,0.22
2026-10-03,946,0.19
2026-10-03,947,0.23
2026-10-03,948,0.18
2026-10-03,949,0.22
2026-10-03,950,0.21
2026-10-03,951,0.28
2026-10-03,952,0.27
2026-10-03,953,0.21
2026-10-03,954,0.27
2026-10-03,955,0.12
2026-10-03,956,0.11
2026-10-03,957,0.2
2026-10-03,958,0.24
2026-10-03,959,0.2
2026-10-03,960,0.2
2026-10-03,961,0.26
2026-10-03,962,0.18
2026-10-03,963,0.23
2026-10-03,964,0.18
2026-10-03,965,0.23
2026-10-03,966,0.37
2026-10-03,967,0.3
2026-10-03,968,0.18
2026-10-03,969,0.28
2026-10-03,970,0.3
2026-10-03,971,0.27
2026-10-03,972,0.2
2026-10-03,973,0.09
2026-10-03,974,0.16
2026-10-03,975,0.22
2026-10-03,976,0.2
2026-10-03,977,0.29
2026-10-03,978,0.2
2026-10-03,979,0.16
2026-10-03,980,0.1
2026-10-03,981,0.05
2026-10-03,982,0.1
2026-10-03,983,0.1
2026-10-03,984,0.28
2026-10-03,985,0.5
2026-10-03,986,0.28
2026-10-03,987,0.2
2026-10-03,988,0.07
2026-10-03,989,0.19
2026-10-03,990,0.22
2026-10-03,991,0.13
2026-10-03,992,0.24
2026-10-03,993,0.14
2026-10-03,994,0.23
2026-10-03,995,0.13
2026-10-03,996,0.15
2026-10-03,997,0.14
2026-10-03,998,0.1
2026-10-03,999,0.2
2026-10-03,1000,0.36
2026-10-03,1001,0.43
2026-10-03,1002,0.37
2026-10-03,1003,0.27
2026-10-03,1004,0.14
2026-10-03,1005,0.12
2026-10-03,1006,0.1
2026-10-03,1007,0.14
2026-10-03,1008,0.3
2026-10-03,1009,0.22
2026-10-03,1010,0.11
2026-10-03,1011,0.2
2026-10-03,1012,0.3
2026-10-03,1013,0.2
2026-10-03,1014,0.18
2026-10-03,1015,0.23
2026-10-03,1016,0.14
2026-10-03,1017,0.1
2026-10-03,1018,0.12
2026-10-03,1019,0.1
2026-10-03,1020,0.15
2026-10-03,1021,0.2
2026-10-03,1022,0.3
2026-10-03,1023,0.06
2026-10-03,1024,0.32
2026-10-03,1025,0.13
2026-10-03,1026,0.1
2026-10-03,1027,0.21
2026-10-03,1028,0.2
2026-10-03,1029,0.1
2026-10-03,1030,0.06
2026-10-03,1031,0.1
2026-10-03,1032,0.15
2026-10-03,1033,0.2
2026-10-03,1034,0.1
2026-10-03,1035,0.12
2026-10-03,1036,0.08
2026-10-03,1037,0.07
2026-10-03,1038,0.08
2026-10-03,1039,0.1
2026-10-03,1040,0.1
2026-10-03,1041,0.15
2026-10-03,1042,0.19
2026-10-03,1043,0.13
2026-10-03,1044,0.27
2026-10-03,1045,0.15
2026-10-03,1046,0.3
2026-10-03,1047,0.25
2026-10-03,1048,0.18
2026-10-03,1049,0.18
2026-10-03,1050,0.19
2026-10-03,1051,0.18
2026-10-03,1052,0.13
2026-10-03,1053,0.06
2026-10-03,1054,0.1
2026-10-03,1055,0.21
2026-10-03,1056,0.17
2026-10-03,1057,0.16
2026-10-03,1058,0.1
2026-10-03,1059,0.1
2026-10-03,1060,0.18
2026-10-03,1061,0.27
2026-10-03,1062,0.2
2026-10-03,1063,0.18
2026-10-03,1064,0.2
2026-10-03,1065,0.2
2026-10-03,1066,0.1
2026-10-03,1067,0.11
2026-10-03,1068,0.14
2026-10-03,1069,0.19
2026-10-03,1070,0.18
2026-10-03,1071,0.09
2026-10-03,1072,0.1
2026-10-03,1073,0.17
2026-10-03,1074,0.17
2026-10-03,1075,0.15
2026-10-03,1076,0.11
2026-10-03,1077,0.16
2026-10-03,1078,0.1
2026-10-03,1079,0.58
2026-10-03,1080,0.16
2026-10-03,1081,0.13
2026-10-03,1082,0.09
2026-10-03,1083,0.22
2026-10-03,1084,0.15
2026-10-03,1085,0.1
2026-10-03,1086,0.15
2026-10-03,1087,0.28
2026-10-03,1088,0.25
2026-10-03,1089,0.3
2026-10-03,1090,0.29
2026-10-03,1091,0.09
2026-10-03,1092,0.1
2026-10-03,1093,0.2
2026-10-03,1094,0.13
2026-10-03,1095,0.1
2026-10-03,1096,0.1
2026-10-03,1097,0.15
2026-10-03,1098,0.24
2026-10-03,1099,0.3
2026-10-03,1100,0.37
2026-10-03,1101,0.4
2026-10-03,1102,0.2
2026-10-03,1103,0.18
2026-10-03,1104,0.1
2026-10-03,1105,0.07
2026-10-03,1106,0.1
2026-10-03,1107,0.29
2026-10-03,1108,0.52
2026-10-03,1109,0.52
2026-10-03,1110,0.2
2026-10-03,1111,0.2
2026-10-03,1112,0.2
2026-10-03,1113,0.21
2026-10-03,1114,0.15
2026-10-03,1115,0.17
2026-10-03,1116,0.41
2026-10-03,1117,0.2
2026-10-03,1118,0.4
2026-10-03,1119,0.12
2026-10-03,1120,0.08
2026-10-03,1121,0.5
2026-10-03,1122,0.62
2026-10-03,1123,0.56
2026-10-03,1124,0.81
2026-10-03,1125,0.17
2026-10-03,1126,0.43
2026-10-03,1127,0.1
2026-10-03,1128,0.24
2026-10-03,1129,0.3
2026-10-03,1130,0.64
2026-10-03,1131,0.11
2026-10-03,1132,0.3
2026-10-03,1133,0.1
2026-10-03,1134,0.23
2026-10-03,1135,0.2
2026-10-03,1136,0.15
2026-10-03,1137,0.05
2026-10-03,1138,0.2
2026-10-03,1139,0.08
2026-10-03,1140,0.21
2026-10-03,1141,0.11
2026-10-03,1142,0.22
2026-10-03,1143,0.12
2026-10-03,1144,0.2
2026-10-03,1145,0.27
2026-10-03,1146,0.1
2026-10-03,1147,0.1
2026-10-03,1148,0.2
2026-10-03,1149,0.14
2026-10-03,1150,0.32
2026-10-03,1151,0.1
2026-10-03,1152,0.18
2026-10-03,1153,0.1
2026-10-03,1154,0.07
2026-10-03,1155,0.5
2026-10-03,1156,0.21
2026-10-03,1157,0.22
2026-10-03,1158,0.48
2026-10-03,1159,0.95
2026-10-03,1160,0.88
2026-10-03,1161,0.6
2026-10-03,1162,0.43
2026-10-03,1163,0.5
2026-10-03,1164,0.49
2026-10-03,1165,0.36
2026-10-03,1166,0.18
2026-10-03,1167,0.14
2026-10-03,1168,0.39
2026-10-03,1169,0.4
2026-10-03,1170,0.36
2026-10-03,1171,0.33
2026-10-03,1172,0.1
2026-10-03,1173,0.1
2026-10-03,1174,0.1
2026-10-03,1175,0.07
2026-10-03,1176,0.05
2026-10-03,1177,0.09
2026-10-03,1178,0.1
2026-10-03,1179,0.12
2026-10-03,1180,0.2
2026-10-03,1181,0.19
2026-10-03,1182,0.22
2026-10-03,1183,0.13
2026-10-03,1184,0.07
2026-10-03,1185,0.1
2026-10-03,1186,0.1
2026-10-03,1187,0.07
2026-10-03,1188,0.1
2026-10-03,1189,0.07
2026-10-03,1190,0.07
2026-10-03,1191,0.14
2026-10-03,1192,0.1
2026-10-03,1193,0.1
2026-10-03,1194,0.1
2026-10-03,1195,0.08
2026-10-03,1196,0.14
2026-10-03,1197,0.04
2026-10-03,1198,0.1
2026-10-03,1199,0.08
2026-10-03,1200,0.09
2026-10-03,1201,0.36
2026-10-03,1202,0.17
2026-10-03,1203,0.18
2026-10-03,1204,0.14
2026-10-03,1205,0.11
2026-10-03,1206,0.07
2026-10-03,1207,0.17
2026-10-03,1208,0.04
2026-10-03,1209,0.1
2026-10-03,1210,0.19
2026-10-03,1211,0.17
2026-10-03,1212,0.22
2026-10-03,1213,0.12
2026-10-03,1214,0.11
2026-10-03,1215,0.3
2026-10-03,1216,0.3
2026-10-03,1217,0.2
2026-10-03,1218,0.2
2026-10-03,1219,0.16
2026-10-03,1220,0.08
2026-10-03,1221,0.09
2026-10-03,1222,0.1
2026-10-03,1223,0.23
2026-10-03,1224,0.06
2026-10-03,1225,0.1
2026-10-03,1226,0.04
2026-10-03,1227,0.06
2026-10-03,1228,0.1
2026-10-03,1229,0.13
2026-10-03,1230,0.14
2026-10-03,1231,0.2
2026-10-03,1232,0.09
2026-10-03,1233,0.08
2026-10-03,1234,0.11
2026-10-03,1235,0.11
2026-10-03,1236,0.1
2026-10-03,1237,0.17
2026-10-03,1238,0.13
2026-10-03,1239,0.11
2026-10-03,1240,0.1
2026-10-03,1241,0.19
2026-10-03,1242,0.2
2026-10-03,1243,0.23
2026-10-03,1244,0.17
2026-10-03,1245,0.18
2026-10-03,1246,0.2
2026-10-03,1247,0.09
2026-10-03,1248,0.07
2026-10-03,1249,0.16
2026-10-03,1250,0.2
2026-10-03,1251,0.11
2026-10-03,1252,0.15
2026-10-03,1253,0.19
2026-10-03,1254,0.21
2026-10-03,1255,0.2
2026-10-03,1256,0.1
2026-10-03,1257,0.12
2026-10-03,1258,0.13
2026-10-03,1259,0.1
2026-10-03,1260,0.11
2026-10-03,1261,0.14
2026-10-03,1262,0.08
2026-10-03,1263,0.05
2026-10-03,1264,0.09
2026-10-03,1265,0.1
2026-10-03,1266,0.13
2026-10-03,1267,0.19
2026-10-03,1268,0.14
2026-10-03,1269,0.14
2026-10-03,1270,0.14
2026-10-03,1271,0.19
2026-10-03,1272,0.05
2026-10-03,1273,0.16
2026-10-03,1274,0.06
2026-10-03,1275,0.14
2026-10-03,1276,0.13
2026-10-03,1277,0.26
2026-10-03,1278,0.23
2026-10-03,1279,0.29
2026-10-03,1280,0.32
2026-10-03,1281,0.3
2026-10-03,1282,0.2
2026-10-03,1283,0.09
2026-10-03,1284,0.15
2026-10-03,1285,0.07
2026-10-03,1286,0.1
2026-10-03,1287,0.14
2026-10-03,1288,0.1
2026-10-03,1289,0.16
2026-10-03,1290,0.2
2026-10-03,1291,0.4
2026-10-03,1292,0.32
2026-10-03,1293,0.27
2026-10-03,1294,0.2
2026-10-03,1295,0.1
2026-10-03,1296,0.21
2026-10-03,1297,0.19
2026-10-03,1298,0.18
2026-10-03,1299,0.24
2026-10-03,1300,0.17
2026-10-03,1301,0.16
2026-10-03,1302,0.18
2026-10-03,1303,0.07
2026-10-03,1304,0.06
2026-10-03,1305,0.1
2026-10-03,1306,0.12
2026-10-03,1307,0.29
2026-10-03,1308,1.0
2026-10-03,1309,1.07
2026-10-03,1310,1.0
2026-10-03,1311,0.73
2026-10-03,1312,0.65
2026-10-03,1313,0.62
2026-10-03,1314,0.39
2026-10-03,1315,0.19
2026-10-03,1316,0.12
2026-10-03,1317,0.24
2026-10-03,1318,0.25
2026-10-03,1319,0.2
2026-10-03,1320,0.33
2026-10-03,1321,0.26
2026-10-03,1322,0.25
2026-10-03,1323,0.25
2026-10-03,1324,0.1
2026-10-03,1325,0.16
2026-10-03,1326,0.21
2026-10-03,1327,0.16
2026-10-03,1328,0.12
2026-10-03,1329,0.11
2026-10-03,1330,0.16
2026-10-03,1331,0.39
2026-10-03,1332,0.35
2026-10-03,1333,0.25
2026-10-03,1334,0.2
2026-10-03,1335,0.1
2026-10-03,1336,0.09
2026-10-03,1337,0.15
2026-10-03,1338,0.1
2026-10-03,1339,0.15
2026-10-03,1340,0.2
2026-10-03,1341,0.15
2026-10-03,1342,0.1
2026-10-03,1343,0.1
2026-10-03,1344,0.03
2026-10-03,1345,0.1
2026-10-03,1346,0.07
2026-10-03,1347,0.09
2026-10-03,1348,0.13
2026-10-03,1349,0.23
2026-10-03,1350,0.23
2026-10-03,1351,0.26
2026-10-03,1352,0.15
2026-10-03,1353,0.06
2026-10-03,1354,0.2
2026-10-03,1355,0.22
2026-10-03,1356,0.11
2026-10-03,1357,0.1
2026-10-03,1358,0.1
2026-10-03,1359,0.1
2026-10-03,1360,0.2
2026-10-03,1361,0.19
2026-10-03,1362,0.15
2026-10-03,1363,0.07
2026-10-03,1364,0.19
2026-10-03,1365,0.24
2026-10-03,1366,0.14
2026-10-03,1367,0.06
2026-10-03,1368,0.35
2026-10-03,1369,0.61
2026-10-03,1370,0.3
2026-10-03,1371,0.28
2026-10-03,1372,0.4
2026-10-03,1373,0.41
2026-10-03,1374,0.39
2026-10-03,1375,0.1
2026-10-03,1376,0.08
2026-10-03,1377,0.5
2026-10-03,1378,0.55
2026-10-03,1379,0.3
2026-10-03,1380,0.1
2026-10-03,1381,0.09
2026-10-03,1382,0.4
2026-10-03,1383,0.27
2026-10-03,1384,0.22
2026-10-03,1385,0.4
2026-10-03,1386,0.22
2026-10-03,1387,0.35
2026-10-03,1388,0.28
2026-10-03,1389,0.47
2026-10-03,1390,1.18
2026-10-03,1391,0.9
2026-10-03,1392,0.97
2026-10-03,1393,1.16
2026-10-03,1394,0.33
2026-10-03,1395,0.62
2026-10-03,1396,0.61
2026-10-03,1397,0.5
2026-10-03,1398,0.63
2026-10-03,1399,0.6
2026-10-03,1400,0.3
2026-10-03,1401,0.17
2026-10-03,1402,0.21
2026-10-03,1403,0.38
2026-10-03,1404,0.35
2026-10-03,1405,1.28
2026-10-03,1406,1.27
2026-10-03,1407,1.3
2026-10-03,1408,0.32
2026-10-03,1409,0.2
2026-10-03,1410,0.53
2026-10-03,1411,0.7
2026-10-03,1412,0.14
2026-10-03,1413,0.26
2026-10-03,1414,0.38
2026-10-03,1415,0.4
2026-10-03,1416,0.36
2026-10-03,1417,0.57
2026-10-03,1418,0.27
2026-10-03,1419,0.06
2026-10-03,1420,0.4
2026-10-03,1421,0.3
2026-10-03,1422,0.17
2026-10-03,1423,0.79
2026-10-03,1424,0.49
2026-10-03,1425,1.11
2026-10-03,1426,0.44
2026-10-03,1427,0.3
2026-10-03,1428,1.01
2026-10-03,1429,0.47
2026-10-03,1430,0.5
2026-10-03,1431,0.27
2026-10-03,1432,0.5
2026-10-03,1433,0.3
2026-10-03,1434,0.69
2026-10-03,1435,0.24
2026-10-03,1436,0.78
2026-10-03,1437,0.23
2026-10-03,1438,0.62
2026-10-03,1439,0.2
2026-10-04,1,0.14
2026-10-04,2,0.2
2026-10-04,3,0.13
2026-10-04,4,0.23
2026-10-04,5,0.6
2026-10-04,6,0.3
2026-10-04,7,0.36
2026-10-04,8,0.2
2026-10-04,9,0.09
2026-10-04,10,0.19
2026-10-04,11,0.1
2026-10-04,12,0.12
2026-10-04,13,0.13
2026-10-04,14,0.11
2026-10-04,15,0.24
2026-10-04,16,0.3
2026-10-04,17,0.2
2026-10-04,18,0.2
2026-10-04,19,0.13
2026-10-04,20,0.23
2026-10-04,21,0.29
2026-10-04,22,0.2
2026-10-04,23,0.18
2026-10-04,24,0.05
2026-10-04,25,0.1
2026-10-04,26,0.24
2026-10-04,27,0.3
2026-10-04,28,0.35
2026-10-04,29,0.23
2026-10-04,30,0.33
2026-10-04,31,0.1
2026-10-04,32,0.16
2026-10-04,33,0.16
2026-10-04,34,0.1
2026-10-04,35,0.06
2026-10-04,36,0.07
2026-10-04,37,0.14
2026-10-04,38,0.13
2026-10-04,39,0.1
2026-10-04,40,0.2
2026-10-04,41,0.14
2026-10-04,42,0.21
2026-10-04,43,0.16
2026-10-04,44,0.24
2026-10-04,45,0.25
2026-10-04,46,0.11
2026-10-04,47,0.1
2026-10-04,48,0.14
2026-10-04,49,0.24
2026-10-04,50,0.09
2026-10-04,51,0.1
2026-10-04,52,0.24
2026-10-04,53,0.34
2026-10-04,54,0.3
2026-10-04,55,0.2
2026-10-04,56,0.7
2026-10-04,57,0.74
2026-10-04,58,1.26
2026-10-04,59,1.7
2026-10-04,60,1.27
2026-10-04,61,1.2
2026-10-04,62,1.91
2026-10-04,63,2.7
2026-10-04,64,2.82
2026-10-04,65,1.38
2026-10-04,66,0.4
2026-10-04,67,0.53
2026-10-04,68,0.89
2026-10-04,69,1.1
2026-10-04,70,0.73
2026-10-04,71,0.2
2026-10-04,72,0.33
2026-10-04,73,0.34
2026-10-04,74,0.67
2026-10-04,75,0.2
2026-10-04,76,0.51
2026-10-04,77,0.37
2026-10-04,78,0.43
2026-10-04,79,0.49
2026-10-04,80,0.72
2026-10-04,81,0.25
2026-10-04,82,0.58
2026-10-04,83,0.21
2026-10-04,84,0.7
2026-10-04,85,0.9
2026-10-04,86,0.16
2026-10-04,87,0.57
2026-10-04,88,0.41
2026-10-04,89,1.66
2026-10-04,90,0.65
2026-10-04,91,0.5
2026-10-04,92,0.31
2026-10-04,93,0.53
2026-10-04,94,0.92
2026-10-04,95,0.21
2026-10-04,96,0.74
2026-10-04,97,0.99
2026-10-04,98,0.75
2026-10-04,99,0.2
2026-10-04,100,0.64
2026-10-04,101,0.66
2026-10-04,102,1.46
2026-10-04,103,0.9
2026-10-04,104,0.9
2026-10-04,105,1.1
2026-10-04,106,0.51
2026-10-04,107,1.1
2026-10-04,108,0.68
2026-10-04,109,1.13
2026-10-04,110,0.81
2026-10-04,111,1.1
2026-10-04,112,0.8
2026-10-04,113,1.0
2026-10-04,114,0.64
2026-10-04,115,0.9
2026-10-04,116,0.26
2026-10-04,117,0.3
2026-10-04,118,1.04
2026-10-04,119,1.68
2026-10-04,120,1.26
2026-10-04,121,1.94
2026-10-04,122,0.6
2026-10-04,123,0.6
2026-10-04,124,0.2
2026-10-04,125,1.62
2026-10-04,126,2.5
2026-10-04,127,1.42
2026-10-04,128,0.89
2026-10-04,129,0.99
2026-10-04,130,0.73
2026-10-04,131,0.47
2026-10-04,132,3.12
2026-10-04,133,2.38
2026-10-04,134,0.96
2026-10-04,135,0.6
2026-10-04,136,0.7
2026-10-04,137,0.43
2026-10-04,138,0.45
2026-10-04,139,0.85
2026-10-04,140,0.95
2026-10-04,141,0.2
2026-10-04,142,0.89
2026-10-04,143,1.55
2026-10-04,144,1.4
2026-10-04,145,1.68
2026-10-04,146,0.6
2026-10-04,147,1.48
2026-10-04,148,1.94
2026-10-04,149,1.19
2026-10-04,150,2.0
2026-10-04,151,3.4
2026-10-04,152,3.3
2026-10-04,153,4.2
2026-10-04,154,2.48
2026-10-04,155,1.6
2026-10-04,156,1.22
2026-10-04,157,0.43
2026-10-04,158,1.1
2026-10-04,159,0.6
2026-10-04,160,0.3
2026-10-04,161,0.4
2026-10-04,162,0.64
2026-10-04,163,0.8
2026-10-04,164,0.82
2026-10-04,165,0.3
2026-10-04,166,0.46
2026-10-04,167,0.71
2026-10-04,168,1.54
2026-10-04,169,0.47
2026-10-04,170,0.74
2026-10-04,171,0.91
2026-10-04,172,0.76
2026-10-04,173,0.78
2026-10-04,174,0.3
2026-10-04,175,0.9
2026-10-04,176,1.13
2026-10-04,177,0.3
2026-10-04,178,0.88
2026-10-04,179,0.58
2026-10-04,180,0.7
2026-10-04,181,0.47
2026-10-04,182,1.35
2026-10-04,183,1.88
2026-10-04,184,0.9
2026-10-04,185,0.5
2026-10-04,186,0.54
2026-10-04,187,0.7
2026-10-04,188,0.18
2026-10-04,189,0.5
2026-10-04,190,0.85
2026-10-04,191,0.32
2026-10-04,192,0.22
2026-10-04,193,0.3
2026-10-04,194,0.59
2026-10-04,195,0.08
2026-10-04,196,0.55
2026-10-04,197,0.74
2026-10-04,198,0.6
2026-10-04,199,0.58
2026-10-04,200,0.57
2026-10-04,201,0.7
2026-10-04,202,2.2
2026-10-04,203,1.7
2026-10-04,204,1.32
2026-10-04,205,0.24
2026-10-04,206,0.61
2026-10-04,207,0.5
2026-10-04,208,0.89
2026-10-04,209,0.89
2026-10-04,210,1.03
2026-10-04,211,0.76
2026-10-04,212,2.54
2026-10-04,213,3.2
2026-10-04,214,2.93
2026-10-04,215,2.66
2026-10-04,216,3.52
2026-10-04,217,2.35
2026-10-04,218,1.19
2026-10-04,219,0.7
2026-10-04,220,0.85
2026-10-04,221,0.46
2026-10-04,222,0.37
2026-10-04,223,0.46
2026-10-04,224,0.5
2026-10-04,225,0.33
2026-10-04,226,0.9
2026-10-04,227,1.06
2026-10-04,228,1.1
2026-10-04,229,0.55
2026-10-04,230,0.18
2026-10-04,231,0.18
2026-10-04,232,0.41
2026-10-04,233,0.59
2026-10-04,234,0.6
2026-10-04,235,0.8
2026-10-04,236,2.04
2026-10-04,237,2.4
2026-10-04,238,1.9
2026-10-04,239,2.61
2026-10-04,240,0.32
2026-10-04,241,0.36
2026-10-04,242,0.47
2026-10-04,243,0.9
2026-10-04,244,2.6
2026-10-04,245,2.21
2026-10-04,246,1.76
2026-10-04,247,2.87
2026-10-04,248,2.22
2026-10-04,249,1.32
2026-10-04,250,1.9
2026-10-04,251,0.91
2026-10-04,252,0.5
2026-10-04,253,0.84
2026-10-04,254,0.9
2026-10-04,255,1.21
2026-10-04,256,2.12
2026-10-04,257,1.41
2026-10-04,258,0.69
2026-10-04,259,1.3
2026-10-04,260,0.67
2026-10-04,261,0.65
2026-10-04,262,1.46
2026-10-04,263,2.08
2026-10-04,264,1.66
2026-10-04,265,0.64
2026-10-04,266,0.6
2026-10-04,267,0.2
2026-10-04,268,0.4
2026-10-04,269,0.6
2026-10-04,270,0.4
2026-10-04,271,0.8
2026-10-04,272,0.64
2026-10-04,273,0.3
2026-10-04,274,0.5
2026-10-04,275,0.48
2026-10-04,276,0.41
2026-10-04,277,0.29
2026-10-04,278,0.11
2026-10-04,279,0.53
2026-10-04,280,0.32
2026-10-04,281,0.24
2026-10-04,282,0.26
2026-10-04,283,0.71
2026-10-04,284,0.3
2026-10-04,285,0.5
2026-10-04,286,0.56
2026-10-04,287,0.38
2026-10-04,288,0.21
2026-10-04,289,0.4
2026-10-04,290,0.38
2026-10-04,291,0.19
2026-10-04,292,0.3
2026-10-04,293,0.4
2026-10-04,294,0.2
2026-10-04,295,0.2
2026-10-04,296,0.35
2026-10-04,297,0.55
2026-10-04,298,0.08
2026-10-04,299,0.17
2026-10-04,300,0.12
2026-10-04,301,0.8
2026-10-04,302,0.44
2026-10-04,303,0.2
2026-10-04,304,0.17
2026-10-04,305,0.61
2026-10-04,306,0.54
2026-10-04,307,0.14
2026-10-04,308,0.56
2026-10-04,309,0.68
2026-10-04,310,0.61
2026-10-04,311,0.7
2026-10-04,312,0.34
2026-10-04,313,0.5
2026-10-04,314,0.31
2026-10-04,315,0.49
2026-10-04,316,0.3
2026-10-04,317,0.57
2026-10-04,318,0.35
2026-10-04,319,0.36
2026-10-04,320,0.63
2026-10-04,321,0.51
2026-10-04,322,0.57
2026-10-04,323,0.2
2026-10-04,324,1.9
2026-10-04,325,0.77
2026-10-04,326,0.89
2026-10-04,327,1.51
2026-10-04,328,0.91
2026-10-04,329,1.1
2026-10-04,330,2.65
2026-10-04,331,1.04
2026-10-04,332,0.54
2026-10-04,333,0.5
2026-10-04,334,0.31
2026-10-04,335,2.1
2026-10-04,336,0.68
2026-10-04,337,0.87
2026-10-04,338,1.01
2026-10-04,339,1.17
2026-10-04,340,3.46
2026-10-04,341,3.96
2026-10-04,342,3.86
2026-10-04,343,0.5
2026-10-04,344,1.28
2026-10-04,345,0.8
2026-10-04,346,0.99
2026-10-04,347,2.16
2026-10-04,348,5.19
2026-10-04,349,2.05
2026-10-04,350,1.03
2026-10-04,351,2.1
2026-10-04,352,3.39
2026-10-04,353,1.18
2026-10-04,354,2.07
2026-10-04,355,2.24
2026-10-04,356,1.52
2026-10-04,357,1.32
2026-10-04,358,0.7
2026-10-04,359,1.9
2026-10-04,360,3.65
2026-10-04,361,2.62
2026-10-04,362,2.72
2026-10-04,363,2.63
2026-10-04,364,0.8
2026-10-04,365,0.54
2026-10-04,366,1.21
2026-10-04,367,1.69
2026-10-04,368,1.0
2026-10-04,369,1.08
2026-10-04,370,0.94
2026-10-04,371,1.8
2026-10-04,372,1.38
2026-10-04,373,0.5
2026-10-04,374,0.65
2026-10-04,375,1.1
2026-10-04,376,0.7
2026-10-04,377,0.58
2026-10-04,378,0.4
2026-10-04,379,0.5
2026-10-04,380,1.25
2026-10-04,381,0.4
2026-10-04,382,0.5
2026-10-04,383,0.6
2026-10-04,384,1.2
2026-10-04,385,0.75
2026-10-04,386,0.73
2026-10-04,387,0.62
2026-10-04,388,1.63
2026-10-04,389,1.34
2026-10-04,390,0.76
2026-10-04,391,2.07
2026-10-04,392,1.0
2026-10-04,393,0.8
2026-10-04,394,0.47
2026-10-04,395,0.95
2026-10-04,396,1.28
2026-10-04,397,0.3
2026-10-04,398,0.5
2026-10-04,399,0.5
2026-10-04,400,0.81
2026-10-04,401,1.52
2026-10-04,402,0.3
2026-10-04,403,0.91
2026-10-04,404,1.45
2026-10-04,405,0.79
2026-10-04,406,1.91
2026-10-04,407,1.9
2026-10-04,408,1.48
2026-10-04,409,2.97
2026-10-04,410,5.6
2026-10-04,411,3.23
2026-10-04,412,3.79
2026-10-04,413,0.41
2026-10-04,414,1.28
2026-10-04,415,2.39
2026-10-04,416,3.36
2026-10-04,417,2.95
2026-10-04,418,3.4
2026-10-04,419,1.28
2026-10-04,420,0.49
2026-10-04,421,2.1
2026-10-04,422,1.65
2026-10-04,423,2.45
2026-10-04,424,1.37
2026-10-04,425,1.28
2026-10-04,426,1.72
2026-10-04,427,1.96
2026-10-04,428,1.86
2026-10-04,429,0.85
2026-10-04,430,1.18
2026-10-04,431,0.45
2026-10-04,432,0.6
2026-10-04,433,1.63
2026-10-04,434,0.84
2026-10-04,435,0.79
2026-10-04,436,0.95
2026-10-04,437,1.4
2026-10-04,438,0.81
2026-10-04,439,1.69
2026-10-04,440,3.62
2026-10-04,441,0.5
2026-10-04,442,0.62
2026-10-04,443,0.7
2026-10-04,444,1.52
2026-10-04,445,1.5
2026-10-04,446,1.78
2026-10-04,447,1.5
2026-10-04,448,0.36
2026-10-04,449,1.5
2026-10-04,450,0.9
2026-10-04,451,1.09
2026-10-04,452,1.15
2026-10-04,453,1.75
2026-10-04,454,0.69
2026-10-04,455,0.78
2026-10-04,456,0.73
2026-10-04,457,1.64
2026-10-04,458,1.76
2026-10-04,459,4.46
2026-10-04,460,3.5
2026-10-04,461,2.03
2026-10-04,462,2.67
2026-10-04,463,4.65
2026-10-04,464,2.6
2026-10-04,465,0.55
2026-10-04,466,0.95
2026-10-04,467,1.32
2026-10-04,468,2.13
2026-10-04,469,1.16
2026-10-04,470,0.72
2026-10-04,471,1.11
2026-10-04,472,0.93
2026-10-04,473,2.47
2026-10-04,474,1.1
2026-10-04,475,1.91
2026-10-04,476,1.29
2026-10-04,477,0.46
2026-10-04,478,0.87
2026-10-04,479,1.61
2026-10-04,480,1.19
2026-10-04,481,3.25
2026-10-04,482,1.7
2026-10-04,483,0.43
2026-10-04,484,1.68
2026-10-04,485,1.83
2026-10-04,486,3.06
2026-10-04,487,4.32
2026-10-04,488,1.3
2026-10-04,489,3.82
2026-10-04,490,2.42
2026-10-04,491,0.79
2026-10-04,492,2.22
2026-10-04,493,1.1
2026-10-04,494,1.86
2026-10-04,495,2.48
2026-10-04,496,1.19
2026-10-04,497,2.5
2026-10-04,498,0.39
2026-10-04,499,0.67
2026-10-04,500,1.38
2026-10-04,501,2.37
2026-10-04,502,1.28
2026-10-04,503,3.18
2026-10-04,504,1.49
2026-10-04,505,1.92
2026-10-04,506,1.09
2026-10-04,507,1.14
2026-10-04,508,1.48
2026-10-04,509,1.03
2026-10-04,510,1.76
2026-10-04,511,0.6
2026-10-04,512,0.98
2026-10-04,513,1.08
2026-10-04,514,0.58
2026-10-04,515,1.9
2026-10-04,516,1.2
2026-10-04,517,1.07
2026-10-04,518,2.28
2026-10-04,519,1.17
2026-10-04,520,0.45
2026-10-04,521,3.89
2026-10-04,522,2.26
2026-10-04,523,4.75
2026-10-04,524,2.13
2026-10-04,525,1.17
2026-10-04,526,3.36
2026-10-04,527,3.95
2026-10-04,528,2.07
2026-10-04,529,3.13
2026-10-04,530,2.37
2026-10-04,531,2.54
2026-10-04,532,0.95
2026-10-04,533,2.15
2026-10-04,534,2.35
2026-10-04,535,0.55
2026-10-04,536,2.28
2026-10-04,537,0.77
2026-10-04,538,2.34
2026-10-04,539,1.3
2026-10-04,540,0.48
2026-10-04,541,1.07
2026-10-04,542,0.53
2026-10-04,543,0.71
2026-10-04,544,0.9
2026-10-04,545,1.68
2026-10-04,546,0.42
2026-10-04,547,1.06
2026-10-04,548,1.06
2026-10-04,549,2.24
2026-10-04,550,3.24
2026-10-04,551,1.25
2026-10-04,552,0.76
2026-10-04,553,0.99
2026-10-04,554,1.27
2026-10-04,555,1.21
2026-10-04,556,3.18
2026-10-04,557,2.68
2026-10-04,558,1.49
2026-10-04,559,5.2
2026-10-04,560,2.71
2026-10-04,561,0.7
2026-10-04,562,3.24
2026-10-04,563,1.37
2026-10-04,564,2.44
2026-10-04,565,2.4
2026-10-04,566,1.78
2026-10-04,567,1.48
2026-10-04,568,0.88
2026-10-04,569,1.42
2026-10-04,570,1.9
2026-10-04,571,2.2
2026-10-04,572,0.62
2026-10-04,573,1.65
2026-10-04,574,0.88
2026-10-04,575,0.61
2026-10-04,576,0.72
2026-10-04,577,0.73
2026-10-04,578,1.4
2026-10-04,579,0.78
2026-10-04,580,0.54
2026-10-04,581,0.95
2026-10-04,582,0.4
2026-10-04,583,0.14
2026-10-04,584,0.62
2026-10-04,585,0.95
2026-10-04,586,1.69
2026-10-04,587,0.89
2026-10-04,588,0.87
2026-10-04,589,1.07
2026-10-04,590,0.6
2026-10-04,591,0.41
2026-10-04,592,1.0
2026-10-04,593,1.33
2026-10-04,594,0.5
2026-10-04,595,0.38
2026-10-04,596,0.84
2026-10-04,597,1.1
2026-10-04,598,0.26
2026-10-04,599,0.64
2026-10-04,600,0.97
2026-10-04,601,0.84
2026-10-04,602,1.7
2026-10-04,603,3.2
2026-10-04,604,0.7
2026-10-04,605,3.45
2026-10-04,606,2.22
2026-10-04,607,3.01
2026-10-04,608,3.93
2026-10-04,609,1.6
2026-10-04,610,1.23
2026-10-04,611,3.74
2026-10-04,612,1.65
2026-10-04,613,1.26
2026-10-04,614,4.78
2026-10-04,615,5.33
2026-10-04,616,4.34
2026-10-04,617,4.39
2026-10-04,618,2.7
2026-10-04,619,2.72
2026-10-04,620,2.9
2026-10-04,621,2.22
2026-10-04,622,1.34
2026-10-04,623,0.84
2026-10-04,624,1.71
2026-10-04,625,1.3
2026-10-04,626,3.02
2026-10-04,627,3.06
2026-10-04,628,2.16
2026-10-04,629,1.06
2026-10-04,630,1.22
2026-10-04,631,1.3
2026-10-04,632,0.79
2026-10-04,633,0.84
2026-10-04,634,1.38
2026-10-04,635,0.5
2026-10-04,636,1.0
2026-10-04,637,0.42
2026-10-04,638,1.43
2026-10-04,639,1.1
2026-10-04,640,1.04
2026-10-04,641,3.05
2026-10-04,642,2.3
2026-10-04,643,1.39
2026-10-04,644,2.1
2026-10-04,645,2.8
2026-10-04,646,0.82
2026-10-04,647,0.99
2026-10-04,648,3.49
2026-10-04,649,1.89
2026-10-04,650,2.38
2026-10-04,651,1.12
2026-10-04,652,0.57
2026-10-04,653,3.08
2026-10-04,654,0.9
2026-10-04,655,2.39
2026-10-04,656,1.94
2026-10-04,657,0.93
2026-10-04,658,0.6
2026-10-04,659,2.3
2026-10-04,660,0.74
2026-10-04,661,0.74
2026-10-04,662,3.3
2026-10-04,663,5.95
2026-10-04,664,2.39
2026-10-04,665,1.1
2026-10-04,666,1.01
2026-10-04,667,4.07
2026-10-04,668,1.8
2026-10-04,669,0.9
2026-10-04,670,0.8
2026-10-04,671,0.3
2026-10-04,672,0.55
2026-10-04,673,1.1
2026-10-04,674,1.54
2026-10-04,675,1.5
2026-10-04,676,2.15
2026-10-04,677,1.1
2026-10-04,678,0.89
2026-10-04,679,4.97
2026-10-04,680,2.39
2026-10-04,681,2.0
2026-10-04,682,0.65
2026-10-04,683,1.37
2026-10-04,684,0.98
2026-10-04,685,5.78
2026-10-04,686,2.63
2026-10-04,687,2.64
2026-10-04,688,1.4
2026-10-04,689,5.18
2026-10-04,690,5.05
2026-10-04,691,3.39
2026-10-04,692,2.18
2026-10-04,693,1.9
2026-10-04,694,2.6
2026-10-04,695,1.79
2026-10-04,696,1.83
2026-10-04,697,1.48
2026-10-04,698,2.26
2026-10-04,699,2.1
2026-10-04,700,3.1
2026-10-04,701,2.32
2026-10-04,702,0.95
2026-10-04,703,0.91
2026-10-04,704,4.14
2026-10-04,705,2.42
2026-10-04,706,1.48
2026-10-04,707,1.36
2026-10-04,708,0.85
2026-10-04,709,0.84
2026-10-04,710,3.73
2026-10-04,711,2.63
2026-10-04,712,1.25
2026-10-04,713,1.93
2026-10-04,714,2.11
2026-10-04,715,2.25
2026-10-04,716,4.7
2026-10-04,717,4.38
2026-10-04,718,2.5
2026-10-04,719,0.99
2026-10-04,720,1.9
2026-10-04,721,4.33
2026-10-04,722,1.58
2026-10-04,723,1.17
2026-10-04,724,2.61
2026-10-04,725,2.59
2026-10-04,726,2.07
2026-10-04,727,0.77
2026-10-04,728,3.09
2026-10-04,729,3.09
2026-10-04,730,3.49
2026-10-04,731,2.99
2026-10-04,732,2.5
2026-10-04,733,2.36
2026-10-04,734,1.36
2026-10-04,735,2.51
2026-10-04,736,0.7
2026-10-04,737,2.03
2026-10-04,738,1.93
2026-10-04,739,2.4
2026-10-04,740,1.66
2026-10-04,741,1.58
2026-10-04,742,1.96
2026-10-04,743,1.49
2026-10-04,744,1.32
2026-10-04,745,1.19
2026-10-04,746,2.0
2026-10-04,747,2.18
2026-10-04,748,1.03
2026-10-04,749,1.94
2026-10-04,750,1.08
2026-10-04,751,1.89
2026-10-04,752,1.2
2026-10-04,753,0.7
2026-10-04,754,1.05
2026-10-04,755,1.88
2026-10-04,756,1.1
2026-10-04,757,0.72
2026-10-04,758,0.63
2026-10-04,759,1.39
2026-10-04,760,1.32
2026-10-04,761,1.68
2026-10-04,762,2.27
2026-10-04,763,0.7
2026-10-04,764,1.04
2026-10-04,765,0.76
2026-10-04,766,1.21
2026-10-04,767,1.93
2026-10-04,768,0.81
2026-10-04,769,1.35
2026-10-04,770,0.6
2026-10-04,771,2.41
2026-10-04,772,1.91
2026-10-04,773,1.32
2026-10-04,774,3.54
2026-10-04,775,1.96
2026-10-04,776,1.4
2026-10-04,777,1.49
2026-10-04,778,1.2
2026-10-04,779,3.09
2026-10-04,780,1.52
2026-10-04,781,1.7
2026-10-04,782,1.47
2026-10-04,783,1.2
2026-10-04,784,2.32
2026-10-04,785,2.76
2026-10-04,786,1.22
2026-10-04,787,1.8
2026-10-04,788,1.63
2026-10-04,789,2.13
2026-10-04,790,2.5
2026-10-04,791,0.65
2026-10-04,792,0.45
2026-10-04,793,1.7
2026-10-04,794,0.47
2026-10-04,795,2.13
2026-10-04,796,2.8
2026-10-04,797,1.56
2026-10-04,798,0.99
2026-10-04,799,1.0
2026-10-04,800,1.05
2026-10-04,801,1.44
2026-10-04,802,2.0
2026-10-04,803,1.82
2026-10-04,804,1.15
2026-10-04,805,1.3
2026-10-04,806,1.79
2026-10-04,807,0.77
2026-10-04,808,1.18
2026-10-04,809,0.36
2026-10-04,810,1.1
2026-10-04,811,2.22
2026-10-04,812,1.47
2026-10-04,813,1.29
2026-10-04,814,0.49
2026-10-04,815,0.45
2026-10-04,816,1.27
2026-10-04,817,0.64
2026-10-04,818,2.72
2026-10-04,819,2.44
2026-10-04,820,0.97
2026-10-04,821,0.5
2026-10-04,822,1.72
2026-10-04,823,1.83
2026-10-04,824,1.97
2026-10-04,825,1.41
2026-10-04,826,2.71
2026-10-04,827,1.76
2026-10-04,828,0.6
2026-10-04,829,1.14
2026-10-04,830,0.86
2026-10-04,831,1.4
2026-10-04,832,1.0
2026-10-04,833,0.84
2026-10-04,834,1.7
2026-10-04,835,1.45
2026-10-04,836,0.89
2026-10-04,837,2.2
2026-10-04,838,1.0
2026-10-04,839,1.43
2026-10-04,840,2.46
2026-10-04,841,1.92
2026-10-04,842,1.02
2026-10-04,843,1.57
2026-10-04,844,3.6
2026-10-04,845,0.69
2026-10-04,846,1.49
2026-10-04,847,1.88
2026-10-04,848,0.48
2026-10-04,849,0.47
2026-10-04,850,1.3
2026-10-04,851,1.11
2026-10-04,852,1.3
2026-10-04,853,0.7
2026-10-04,854,0.4
2026-10-04,855,0.18
2026-10-04,856,0.7
2026-10-04,857,2.01
2026-10-04,858,1.81
2026-10-04,859,0.59
2026-10-04,860,2.22
2026-10-04,861,2.39
2026-10-04,862,1.07
2026-10-04,863,0.7
2026-10-04,864,0.73
2026-10-04,865,1.64
2026-10-04,866,1.73
2026-10-04,867,1.55
2026-10-04,868,2.29
2026-10-04,869,2.6
2026-10-04,870,3.25
2026-10-04,871,1.7
2026-10-04,872,0.74
2026-10-04,873,0.7
2026-10-04,874,1.44
2026-10-04,875,1.49
2026-10-04,876,1.65
2026-10-04,877,1.11
2026-10-04,878,0.8
2026-10-04,879,0.4
2026-10-04,880,0.95
2026-10-04,881,0.79
2026-10-04,882,2.35
2026-10-04,883,0.51
2026-10-04,884,0.85
2026-10-04,885,0.92
2026-10-04,886,0.41
2026-10-04,887,0.55
2026-10-04,888,0.98
2026-10-04,889,1.11
2026-10-04,890,0.86
2026-10-04,891,1.41
2026-10-04,892,2.16
2026-10-04,893,2.33
2026-10-04,894,1.68
2026-10-04,895,1.52
2026-10-04,896,1.37
2026-10-04,897,1.18
2026-10-04,898,1.63
2026-10-04,899,1.36
2026-10-04,900,1.17
2026-10-04,901,0.57
2026-10-04,902,1.62
2026-10-04,903,0.53
2026-10-04,904,0.49
2026-10-04,905,0.5
2026-10-04,906,0.75
2026-10-04,907,1.59
2026-10-04,908,0.67
2026-10-04,909,0.66
2026-10-04,910,4.07
2026-10-04,911,1.42
2026-10-04,912,1.77
2026-10-04,913,0.33
2026-10-04,914,0.99
2026-10-04,915,0.82
2026-10-04,916,0.62
2026-10-04,917,1.41
2026-10-04,918,1.07
2026-10-04,919,1.0
2026-10-04,920,1.08
2026-10-04,921,1.19
2026-10-04,922,2.02
2026-10-04,923,2.0
2026-10-04,924,2.83
2026-10-04,925,2.98
2026-10-04,926,2.84
2026-10-04,927,3.18
2026-10-04,928,2.3
2026-10-04,929,2.54
2026-10-04,930,2.49
2026-10-04,931,0.98
2026-10-04,932,1.22
2026-10-04,933,2.63
2026-10-04,934,2.01
2026-10-04,935,3.0
2026-10-04,936,3.05
2026-10-04,937,2.5
2026-10-04,938,1.63
2026-10-04,939,3.02
2026-10-04,940,2.77
2026-10-04,941,4.3
2026-10-04,942,3.59
2026-10-04,943,3.52
2026-10-04,944,2.4
2026-10-04,945,1.23
2026-10-04,946,3.15
2026-10-04,947,2.51
2026-10-04,948,1.69
2026-10-04,949,1.3
2026-10-04,950,1.17
2026-10-04,951,0.66
2026-10-04,952,0.85
2026-10-04,953,0.9
2026-10-04,954,0.88
2026-10-04,955,0.51
2026-10-04,956,1.4
2026-10-04,957,1.37
2026-10-04,958,1.26
2026-10-04,959,1.36
2026-10-04,960,2.4
2026-10-04,961,1.24
2026-10-04,962,1.84
2026-10-04,963,1.7
2026-10-04,964,0.84
2026-10-04,965,1.15
2026-10-04,966,1.57
2026-10-04,967,1.59
2026-10-04,968,1.5
2026-10-04,969,1.27
2026-10-04,970,1.0
2026-10-04,971,1.57
2026-10-04,972,1.7
2026-10-04,973,1.2
2026-10-04,974,1.5
2026-10-04,975,2.63
2026-10-04,976,2.04
2026-10-04,977,1.03
2026-10-04,978,1.03
2026-10-04,979,1.22
2026-10-04,980,1.6
2026-10-04,981,1.41
2026-10-04,982,0.87
2026-10-04,983,0.6
2026-10-04,984,0.66
2026-10-04,985,0.87
2026-10-04,986,0.6
2026-10-04,987,0.7
2026-10-04,988,0.95
2026-10-04,989,1.64
2026-10-04,990,0.6
2026-10-04,991,0.25
2026-10-04,992,1.1
2026-10-04,993,1.25
2026-10-04,994,0.28
2026-10-04,995,1.25
2026-10-04,996,0.41
2026-10-04,997,1.46
2026-10-04,998,0.24
2026-10-04,999,1.18
2026-10-04,1000,0.8
2026-10-04,1001,0.59
2026-10-04,1002,0.64
2026-10-04,1003,0.49
2026-10-04,1004,0.5
2026-10-04,1005,0.6
2026-10-04,1006,0.46
2026-10-04,1007,0.13
2026-10-04,1008,0.47
2026-10-04,1009,0.75
2026-10-04,1010,0.84
2026-10-04,1011,1.31
2026-10-04,1012,0.77
2026-10-04,1013,1.44
2026-10-04,1014,0.82
2026-10-04,1015,0.56
2026-10-04,1016,0.13
2026-10-04,1017,0.34
2026-10-04,1018,0.5
2026-10-04,1019,0.57
2026-10-04,1020,0.76
2026-10-04,1021,1.31
2026-10-04,1022,0.69
2026-10-04,1023,0.72
2026-10-04,1024,0.47
2026-10-04,1025,0.52
2026-10-04,1026,0.43
2026-10-04,1027,0.83
2026-10-04,1028,0.49
2026-10-04,1029,0.78
2026-10-04,1030,0.53
2026-10-04,1031,0.22
2026-10-04,1032,0.42
2026-10-04,1033,0.2
2026-10-04,1034,0.74
2026-10-04,1035,0.38
2026-10-04,1036,0.73
2026-10-04,1037,1.0
2026-10-04,1038,0.38
2026-10-04,1039,1.45
2026-10-04,1040,0.3
2026-10-04,1041,1.26
2026-10-04,1042,0.4
2026-10-04,1043,1.11
2026-10-04,1044,0.23
2026-10-04,1045,0.3
2026-10-04,1046,0.62
2026-10-04,1047,0.7
2026-10-04,1048,0.75
2026-10-04,1049,0.8
2026-10-04,1050,0.55
2026-10-04,1051,0.45
2026-10-04,1052,1.01
2026-10-04,1053,1.04
2026-10-04,1054,1.25
2026-10-04,1055,1.1
2026-10-04,1056,1.21
2026-10-04,1057,1.15
2026-10-04,1058,0.9
2026-10-04,1059,1.22
2026-10-04,1060,1.46
2026-10-04,1061,1.43
2026-10-04,1062,1.0
2026-10-04,1063,0.8
2026-10-04,1064,0.58
2026-10-04,1065,0.29
2026-10-04,1066,0.54
2026-10-04,1067,1.2
2026-10-04,1068,0.67
2026-10-04,1069,0.34
2026-10-04,1070,0.48
2026-10-04,1071,0.49
2026-10-04,1072,0.6
2026-10-04,1073,0.8
2026-10-04,1074,0.44
2026-10-04,1075,0.4
2026-10-04,1076,0.66
2026-10-04,1077,0.72
2026-10-04,1078,0.3
2026-10-04,1079,0.78
2026-10-04,1080,0.88
2026-10-04,1081,0.2
2026-10-04,1082,0.36
2026-10-04,1083,0.42
2026-10-04,1084,0.67
2026-10-04,1085,0.44
2026-10-04,1086,0.66
2026-10-04,1087,0.82
2026-10-04,1088,1.7
2026-10-04,1089,1.6
2026-10-04,1090,1.9
2026-10-04,1091,1.15
2026-10-04,1092,1.88
2026-10-04,1093,1.76
2026-10-04,1094,1.21
2026-10-04,1095,0.32
2026-10-04,1096,3.36
2026-10-04,1097,7.42
2026-10-04,1098,4.38
2026-10-04,1099,5.37
2026-10-04,1100,6.3
2026-10-04,1101,6.88
2026-10-04,1102,6.76
2026-10-04,1103,4.7
2026-10-04,1104,3.78
2026-10-04,1105,4.36
2026-10-04,1106,4.12
2026-10-04,1107,4.32
2026-10-04,1108,6.2
2026-10-04,1109,6.77
2026-10-04,1110,6.57
2026-10-04,1111,8.49
2026-10-04,1112,5.3
2026-10-04,1113,9.1
2026-10-04,1114,3.27
2026-10-04,1115,2.87
2026-10-04,1116,1.4
2026-10-04,1117,3.57
2026-10-04,1118,5.83
2026-10-04,1119,2.88
2026-10-04,1120,3.8
2026-10-04,1121,3.24
2026-10-04,1122,4.73
2026-10-04,1123,5.13
2026-10-04,1124,7.23
2026-10-04,1125,8.48
2026-10-04,1126,7.3
2026-10-04,1127,7.01
2026-10-04,1128,7.71
2026-10-04,1129,9.06
2026-10-04,1130,6.85
2026-10-04,1131,7.14
2026-10-04,1132,5.46
2026-10-04,1133,4.95
2026-10-04,1134,4.54
2026-10-04,1135,4.45
2026-10-04,1136,3.29
2026-10-04,1137,3.12
2026-10-04,1138,3.59
2026-10-04,1139,1.62
2026-10-04,1140,2.11
2026-10-04,1141,2.68
2026-10-04,1142,2.69
2026-10-04,1143,2.79
2026-10-04,1144,2.59
2026-10-04,1145,2.4
2026-10-04,1146,2.15
2026-10-04,1147,1.1
2026-10-04,1148,1.62
2026-10-04,1149,2.2
2026-10-04,1150,2.55
2026-10-04,1151,1.9
2026-10-04,1152,1.2
2026-10-04,1153,1.59
2026-10-04,1154,1.4
2026-10-04,1155,0.58
2026-10-04,1156,0.8
2026-10-04,1157,0.8
2026-10-04,1158,1.52
2026-10-04,1159,0.83
2026-10-04,1160,0.9
2026-10-04,1161,1.34
2026-10-04,1162,1.17
2026-10-04,1163,0.66
2026-10-04,1164,1.89
2026-10-04,1165,1.92
2026-10-04,1166,1.7
2026-10-04,1167,1.23
2026-10-04,1168,0.4
2026-10-04,1169,0.41
2026-10-04,1170,1.85
2026-10-04,1171,1.74
2026-10-04,1172,1.7
2026-10-04,1173,2.2
2026-10-04,1174,0.96
2026-10-04,1175,0.51
2026-10-04,1176,1.08
2026-10-04,1177,0.99
2026-10-04,1178,1.0
2026-10-04,1179,0.69
2026-10-04,1180,2.23
2026-10-04,1181,1.44
2026-10-04,1182,0.6
2026-10-04,1183,0.8
2026-10-04,1184,0.18
2026-10-04,1185,0.7
2026-10-04,1186,1.0
2026-10-04,1187,0.94
2026-10-04,1188,1.3
2026-10-04,1189,1.03
2026-10-04,1190,0.5
2026-10-04,1191,1.25
2026-10-04,1192,1.72
2026-10-04,1193,1.02
2026-10-04,1194,1.29
2026-10-04,1195,0.77
2026-10-04,1196,0.78
2026-10-04,1197,0.72
2026-10-04,1198,0.4
2026-10-04,1199,0.81
2026-10-04,1200,0.96
2026-10-04,1201,0.63
2026-10-04,1202,0.48
2026-10-04,1203,0.39
2026-10-04,1204,0.9
2026-10-04,1205,0.49
2026-10-04,1206,0.29
2026-10-04,1207,1.1
2026-10-04,1208,0.51
2026-10-04,1209,0.4
2026-10-04,1210,0.84
2026-10-04,1211,0.67
2026-10-04,1212,1.7
2026-10-04,1213,0.6
2026-10-04,1214,0.37
2026-10-04,1215,0.7
2026-10-04,1216,0.8
2026-10-04,1217,0.19
2026-10-04,1218,0.8
2026-10-04,1219,0.3
2026-10-04,1220,0.24
2026-10-04,1221,0.47
2026-10-04,1222,0.46
2026-10-04,1223,0.4
2026-10-04,1224,0.46
2026-10-04,1225,0.7
2026-10-04,1226,0.7
2026-10-04,1227,0.25
2026-10-04,1228,0.45
2026-10-04,1229,0.3
2026-10-04,1230,0.38
2026-10-04,1231,0.7
2026-10-04,1232,0.4
2026-10-04,1233,0.7
2026-10-04,1234,1.2
2026-10-04,1235,0.8
2026-10-04,1236,0.55
2026-10-04,1237,0.45
2026-10-04,1238,0.27
2026-10-04,1239,0.59
2026-10-04,1240,0.7
2026-10-04,1241,0.16
2026-10-04,1242,0.15
2026-10-04,1243,1.0
2026-10-04,1244,0.6
2026-10-04,1245,0.14
2026-10-04,1246,0.98
2026-10-04,1247,0.14
2026-10-04,1248,0.42
2026-10-04,1249,0.72
2026-10-04,1250,0.57
2026-10-04,1251,0.51
2026-10-04,1252,1.2
2026-10-04,1253,0.81
2026-10-04,1254,1.42
2026-10-04,1255,0.77
2026-10-04,1256,1.7
2026-10-04,1257,1.52
2026-10-04,1258,1.12
2026-10-04,1259,0.4
2026-10-04,1260,0.39
2026-10-04,1261,0.97
2026-10-04,1262,0.9
2026-10-04,1263,0.9
2026-10-04,1264,0.56
2026-10-04,1265,0.8
2026-10-04,1266,0.7
2026-10-04,1267,0.51
2026-10-04,1268,1.0
2026-10-04,1269,0.73
2026-10-04,1270,2.18
2026-10-04,1271,2.3
2026-10-04,1272,2.13
2026-10-04,1273,1.68
2026-10-04,1274,1.37
2026-10-04,1275,1.77
2026-10-04,1276,2.23
2026-10-04,1277,1.6
2026-10-04,1278,0.5
2026-10-04,1279,1.2
2026-10-04,1280,0.86
2026-10-04,1281,1.93
2026-10-04,1282,1.07
2026-10-04,1283,0.9
2026-10-04,1284,1.64
2026-10-04,1285,0.92
2026-10-04,1286,1.31
2026-10-04,1287,0.37
2026-10-04,1288,1.59
2026-10-04,1289,0.59
2026-10-04,1290,1.45
2026-10-04,1291,1.97
2026-10-04,1292,1.45
2026-10-04,1293,2.61
2026-10-04,1294,2.31
2026-10-04,1295,2.73
2026-10-04,1296,2.22
2026-10-04,1297,2.69
2026-10-04,1298,2.79
2026-10-04,1299,2.15
2026-10-04,1300,1.66
2026-10-04,1301,1.18
2026-10-04,1302,4.1
2026-10-04,1303,1.23
2026-10-04,1304,2.53
2026-10-04,1305,1.5
2026-10-04,1306,1.63
2026-10-04,1307,1.89
2026-10-04,1308,1.35
2026-10-04,1309,2.55
2026-10-04,1310,1.96
2026-10-04,1311,3.2
2026-10-04,1312,2.2
2026-10-04,1313,1.48
2026-10-04,1314,0.84
2026-10-04,1315,1.1
2026-10-04,1316,0.55
2026-10-04,1317,0.84
2026-10-04,1318,1.4
2026-10-04,1319,1.62
2026-10-04,1320,1.52
2026-10-04,1321,2.05
2026-10-04,1322,1.61
2026-10-04,1323,1.52
2026-10-04,1324,1.02
2026-10-04,1325,2.6
2026-10-04,1326,2.68
2026-10-04,1327,1.74
2026-10-04,1328,1.77
2026-10-04,1329,0.7
2026-10-04,1330,0.91
2026-10-04,1331,1.02
2026-10-04,1332,0.64
2026-10-04,1333,0.74
2026-10-04,1334,0.51
2026-10-04,1335,0.96
2026-10-04,1336,0.65
2026-10-04,1337,2.22
2026-10-04,1338,1.7
2026-10-04,1339,1.45
2026-10-04,1340,1.81
2026-10-04,1341,1.56
2026-10-04,1342,1.7
2026-10-04,1343,1.13
2026-10-04,1344,3.15
2026-10-04,1345,1.79
2026-10-04,1346,2.69
2026-10-04,1347,1.74
2026-10-04,1348,0.16
2026-10-04,1349,0.31
2026-10-04,1350,0.55
2026-10-04,1351,0.62
2026-10-04,1352,1.19
2026-10-04,1353,1.72
2026-10-04,1354,1.06
2026-10-04,1355,0.77
2026-10-04,1356,1.0
2026-10-04,1357,1.04
2026-10-04,1358,1.78
2026-10-04,1359,0.3
2026-10-04,1360,1.27
2026-10-04,1361,1.43
2026-10-04,1362,2.8
2026-10-04,1363,1.8
2026-10-04,1364,0.87
2026-10-04,1365,2.83
2026-10-04,1366,4.02
2026-10-04,1367,3.29
2026-10-04,1368,1.14
2026-10-04,1369,1.1
2026-10-04,1370,1.4
2026-10-04,1371,1.4
2026-10-04,1372,1.2
2026-10-04,1373,0.99
2026-10-04,1374,1.43
2026-10-04,1375,1.66
2026-10-04,1376,2.11
2026-10-04,1377,2.24
2026-10-04,1378,1.57
2026-10-04,1379,0.69
2026-10-04,1380,0.88
2026-10-04,1381,0.93
2026-10-04,1382,1.72
2026-10-04,1383,0.85
2026-10-04,1384,0.65
2026-10-04,1385,1.1
2026-10-04,1386,0.95
2026-10-04,1387,0.89
2026-10-04,1388,0.65
2026-10-04,1389,1.7
2026-10-04,1390,2.3
2026-10-04,1391,2.75
2026-10-04,1392,2.34
2026-10-04,1393,2.73
2026-10-04,1394,2.12
2026-10-04,1395,1.99
2026-10-04,1396,2.3
2026-10-04,1397,1.51
2026-10-04,1398,1.57
2026-10-04,1399,1.24
2026-10-04,1400,1.3
2026-10-04,1401,1.6
2026-10-04,1402,1.17
2026-10-04,1403,1.24
2026-10-04,1404,0.8
2026-10-04,1405,0.18
2026-10-04,1406,0.3
2026-10-04,1407,0.6
2026-10-04,1408,1.2
2026-10-04,1409,1.85
2026-10-04,1410,1.45
2026-10-04,1411,0.82
2026-10-04,1412,1.1
2026-10-04,1413,1.42
2026-10-04,1414,2.11
2026-10-04,1415,2.94
2026-10-04,1416,2.72
2026-10-04,1417,2.97
2026-10-04,1418,2.48
2026-10-04,1419,2.53
2026-10-04,1420,1.27
2026-10-04,1421,1.64
2026-10-04,1422,2.21
2026-10-04,1423,1.59
2026-10-04,1424,1.62
2026-10-04,1425,1.2
2026-10-04,1426,0.84
2026-10-04,1427,1.35
2026-10-04,1428,0.49
2026-10-04,1429,0.92
2026-10-04,1430,0.45
2026-10-04,1431,0.52
2026-10-04,1432,0.43
2026-10-04,1433,0.64
2026-10-04,1434,0.44
2026-10-04,1435,0.65
2026-10-04,1436,1.0
2026-10-04,1437,1.19
2026-10-04,1438,0.94
2026-10-04,1439,0.63
2026-10-05,1,0.46
2026-10-05,2,0.86
2026-10-05,3,1.5
2026-10-05,4,1.37
2026-10-05,5,0.79
2026-10-05,6,1.39
2026-10-05,7,1.46
2026-10-05,8,1.39
2026-10-05,9,1.33
2026-10-05,10,1.32
2026-10-05,11,0.41
2026-10-05,12,0.54
2026-10-05,13,0.45
2026-10-05,14,1.1
2026-10-05,15,1.2
2026-10-05,16,2.29
2026-10-05,17,1.9
2026-10-05,18,1.97
2026-10-05,19,2.31
2026-10-05,20,1.37
2026-10-05,21,0.8
2026-10-05,22,1.01
2026-10-05,23,0.94
2026-10-05,24,0.6
2026-10-05,25,0.07
2026-10-05,26,0.93
2026-10-05,27,1.02
2026-10-05,28,0.98
2026-10-05,29,0.52
2026-10-05,30,0.95
2026-10-05,31,0.65
2026-10-05,32,0.6
2026-10-05,33,0.56
2026-10-05,34,0.48
2026-10-05,35,0.41
2026-10-05,36,0.5
2026-10-05,37,0.59
2026-10-05,38,0.43
2026-10-05,39,0.88
2026-10-05,40,1.08
2026-10-05,41,0.7
2026-10-05,42,0.72
2026-10-05,43,0.7
2026-10-05,44,1.0
2026-10-05,45,1.12
2026-10-05,46,0.97
2026-10-05,47,0.5
2026-10-05,48,0.58
2026-10-05,49,1.5
2026-10-05,50,2.2
2026-10-05,51,1.8
2026-10-05,52,0.79
2026-10-05,53,0.44
2026-10-05,54,0.35
2026-10-05,55,0.32
2026-10-05,56,1.13
2026-10-05,57,1.95
2026-10-05,58,2.33
2026-10-05,59,2.24
2026-10-05,60,2.2
2026-10-05,61,2.05
2026-10-05,62,2.19
2026-10-05,63,1.41
2026-10-05,64,0.7
2026-10-05,65,0.2
2026-10-05,66,0.2
2026-10-05,67,0.5
2026-10-05,68,0.75
2026-10-05,69,0.54
2026-10-05,70,0.82
2026-10-05,71,1.03
2026-10-05,72,0.32
2026-10-05,73,0.97
2026-10-05,74,1.1
2026-10-05,75,0.38
2026-10-05,76,1.1
2026-10-05,77,1.02
2026-10-05,78,0.32
2026-10-05,79,0.7
2026-10-05,80,0.21
2026-10-05,81,0.29
2026-10-05,82,1.13
2026-10-05,83,1.08
2026-10-05,84,0.3
2026-10-05,85,0.42
2026-10-05,86,0.76
2026-10-05,87,1.14
2026-10-05,88,1.03
2026-10-05,89,0.26
2026-10-05,90,1.06
2026-10-05,91,1.03
2026-10-05,92,0.21
2026-10-05,93,1.1
2026-10-05,94,1.2
2026-10-05,95,0.81
2026-10-05,96,1.68
2026-10-05,97,1.09
2026-10-05,98,0.93
2026-10-05,99,1.47
2026-10-05,100,1.68
2026-10-05,101,1.14
2026-10-05,102,0.9
2026-10-05,103,1.22
2026-10-05,104,1.33
2026-10-05,105,1.3
2026-10-05,106,2.09
2026-10-05,107,1.26
2026-10-05,108,0.31
2026-10-05,109,1.36
2026-10-05,110,2.36
2026-10-05,111,1.39
2026-10-05,112,0.74
2026-10-05,113,0.61
2026-10-05,114,0.97
2026-10-05,115,0.91
2026-10-05,116,0.49
2026-10-05,117,0.43
2026-10-05,118,0.51
2026-10-05,119,0.34
2026-10-05,120,0.47
2026-10-05,121,0.52
2026-10-05,122,0.7
2026-10-05,123,1.65
2026-10-05,124,1.27
2026-10-05,125,0.8
2026-10-05,126,0.39
2026-10-05,127,0.5
2026-10-05,128,1.07
2026-10-05,129,0.77
2026-10-05,130,1.3
2026-10-05,131,0.85
2026-10-05,132,1.2
2026-10-05,133,1.08
2026-10-05,134,0.74
2026-10-05,135,0.55
2026-10-05,136,0.93
2026-10-05,137,1.31
2026-10-05,138,1.18
2026-10-05,139,0.4
2026-10-05,140,0.21
2026-10-05,141,0.4
2026-10-05,142,0.32
2026-10-05,143,0.5
2026-10-05,144,0.6
2026-10-05,145,0.6
2026-10-05,146,1.42
2026-10-05,147,0.97
2026-10-05,148,0.87
2026-10-05,149,0.6
2026-10-05,150,0.24
2026-10-05,151,0.13
2026-10-05,152,0.9
2026-10-05,153,0.56
2026-10-05,154,0.8
2026-10-05,155,1.09
2026-10-05,156,0.92
2026-10-05,157,0.99
2026-10-05,158,1.4
2026-10-05,159,1.22
2026-10-05,160,1.45
2026-10-05,161,0.8
2026-10-05,162,0.56
2026-10-05,163,0.59
2026-10-05,164,0.6
2026-10-05,165,0.67
2026-10-05,166,1.15
2026-10-05,167,1.2
2026-10-05,168,1.23
2026-10-05,169,0.77
2026-10-05,170,0.78
2026-10-05,171,0.75
2026-10-05,172,0.37
2026-10-05,173,0.4
2026-10-05,174,0.62
2026-10-05,175,0.7
2026-10-05,176,1.11
2026-10-05,177,0.88
2026-10-05,178,0.78
2026-10-05,179,0.92
2026-10-05,180,0.45
2026-10-05,181,0.3
2026-10-05,182,0.5
2026-10-05,183,0.68
2026-10-05,184,0.34
2026-10-05,185,0.51
2026-10-05,186,0.84
2026-10-05,187,0.41
2026-10-05,188,0.52
2026-10-05,189,0.7
2026-10-05,190,1.2
2026-10-05,191,1.21
2026-10-05,192,0.9
2026-10-05,193,0.63
2026-10-05,194,0.52
2026-10-05,195,0.55
2026-10-05,196,0.57
2026-10-05,197,1.81
2026-10-05,198,2.1
2026-10-05,199,1.45
2026-10-05,200,1.56
2026-10-05,201,0.98
2026-10-05,202,1.48
2026-10-05,203,1.46
2026-10-05,204,2.14
2026-10-05,205,1.63
2026-10-05,206,0.6
2026-10-05,207,0.8
2026-10-05,208,1.21
2026-10-05,209,1.51
2026-10-05,210,2.01
2026-10-05,211,1.4
2026-10-05,212,2.2
2026-10-05,213,1.38
2026-10-05,214,1.32
2026-10-05,215,1.37
2026-10-05,216,1.15
2026-10-05,217,1.12
2026-10-05,218,1.42
2026-10-05,219,1.51
2026-10-05,220,1.78
2026-10-05,221,1.45
2026-10-05,222,1.84
2026-10-05,223,2.4
2026-10-05,224,1.6
2026-10-05,225,1.5
2026-10-05,226,1.42
2026-10-05,227,1.1
2026-10-05,228,0.98
2026-10-05,229,0.95
2026-10-05,230,1.17
2026-10-05,231,1.1
2026-10-05,232,0.55
2026-10-05,233,0.4
2026-10-05,234,0.89
2026-10-05,235,1.05
2026-10-05,236,0.93
2026-10-05,237,0.7
2026-10-05,238,0.89
2026-10-05,239,0.79
2026-10-05,240,0.39
2026-10-05,241,0.8
2026-10-05,242,0.41
2026-10-05,243,0.77
2026-10-05,244,0.65
2026-10-05,245,0.91
2026-10-05,246,0.44
2026-10-05,247,0.4
2026-10-05,248,0.53
2026-10-05,249,1.0
2026-10-05,250,1.04
2026-10-05,251,1.04
2026-10-05,252,1.57
2026-10-05,253,3.01
2026-10-05,254,2.44
2026-10-05,255,1.93
2026-10-05,256,1.84
2026-10-05,257,1.65
2026-10-05,258,1.18
2026-10-05,259,1.05
2026-10-05,260,1.1
2026-10-05,261,1.42
2026-10-05,262,1.14
2026-10-05,263,1.18
2026-10-05,264,0.84
2026-10-05,265,0.7
2026-10-05,266,0.86
2026-10-05,267,1.54
2026-10-05,268,1.2
2026-10-05,269,1.31
2026-10-05,270,1.84
2026-10-05,271,2.11
2026-10-05,272,1.1
2026-10-05,273,0.5
2026-10-05,274,0.6
2026-10-05,275,0.59
2026-10-05,276,0.5
2026-10-05,277,0.81
2026-10-05,278,0.77
2026-10-05,279,0.38
2026-10-05,280,1.1
2026-10-05,281,1.05
2026-10-05,282,1.74
2026-10-05,283,1.74
2026-10-05,284,1.74
2026-10-05,285,0.98
2026-10-05,286,0.3
2026-10-05,287,1.53
2026-10-05,288,1.2
2026-10-05,289,0.92
2026-10-05,290,0.59
2026-10-05,291,0.4
2026-10-05,292,0.56
2026-10-05,293,0.96
2026-10-05,294,1.48
2026-10-05,295,1.38
2026-10-05,296,1.26
2026-10-05,297,0.7
2026-10-05,298,1.21
2026-10-05,299,1.29
2026-10-05,300,1.81
2026-10-05,301,1.98
2026-10-05,302,1.17
2026-10-05,303,1.22
2026-10-05,304,0.9
2026-10-05,305,0.5
2026-10-05,306,1.2
2026-10-05,307,0.91
2026-10-05,308,0.75
2026-10-05,309,0.6
2026-10-05,310,0.43
2026-10-05,311,0.35
2026-10-05,312,0.47
2026-10-05,313,0.54
2026-10-05,314,0.8
2026-10-05,315,0.79
2026-10-05,316,1.16
2026-10-05,317,0.91
2026-10-05,318,0.65
2026-10-05,319,0.29
2026-10-05,320,0.24
2026-10-05,321,0.48
2026-10-05,322,0.41
2026-10-05,323,0.37
2026-10-05,324,0.48
2026-10-05,325,0.2
2026-10-05,326,0.31
2026-10-05,327,0.46
2026-10-05,328,0.3
2026-10-05,329,0.6
2026-10-05,330,0.17
2026-10-05,331,0.35
2026-10-05,332,0.2
2026-10-05,333,0.1
2026-10-05,334,0.26
2026-10-05,335,0.55
2026-10-05,336,0.7
2026-10-05,337,0.8
2026-10-05,338,0.85
2026-10-05,339,0.4
2026-10-05,340,0.34
2026-10-05,341,0.3
2026-10-05,342,0.24
2026-10-05,343,0.42
2026-10-05,344,0.38
2026-10-05,345,0.31
2026-10-05,346,0.18
2026-10-05,347,0.37
2026-10-05,348,0.26
2026-10-05,349,0.3
2026-10-05,350,0.48
2026-10-05,351,0.47
2026-10-05,352,0.26
2026-10-05,353,0.29
2026-10-05,354,0.47
2026-10-05,355,0.38
2026-10-05,356,0.24
2026-10-05,357,0.18
2026-10-05,358,0.7
2026-10-05,359,0.84
2026-10-05,360,0.53
2026-10-05,361,0.81
2026-10-05,362,0.6
2026-10-05,363,0.26
2026-10-05,364,0.65
2026-10-05,365,0.66
2026-10-05,366,0.41
2026-10-05,367,0.64
2026-10-05,368,0.81
2026-10-05,369,0.85
2026-10-05,370,0.35
2026-10-05,371,0.5
2026-10-05,372,0.5
2026-10-05,373,0.3
2026-10-05,374,0.31
2026-10-05,375,0.12
2026-10-05,376,0.17
2026-10-05,377,0.3
2026-10-05,378,0.29
2026-10-05,379,0.82
2026-10-05,380,0.6
2026-10-05,381,0.7
2026-10-05,382,0.5
2026-10-05,383,0.29
2026-10-05,384,0.6
2026-10-05,385,0.5
2026-10-05,386,0.26
2026-10-05,387,0.44
2026-10-05,388,0.32
2026-10-05,389,0.26
2026-10-05,390,0.51
2026-10-05,391,0.44
2026-10-05,392,0.26
2026-10-05,393,0.36
2026-10-05,394,0.24
2026-10-05,395,0.17
2026-10-05,396,0.66
2026-10-05,397,0.69
2026-10-05,398,0.7
2026-10-05,399,0.83
2026-10-05,400,0.81
2026-10-05,401,0.87
2026-10-05,402,0.58
2026-10-05,403,0.68
2026-10-05,404,0.72
2026-10-05,405,1.34
2026-10-05,406,1.26
2026-10-05,407,0.9
2026-10-05,408,1.11
2026-10-05,409,1.1
2026-10-05,410,1.42
2026-10-05,411,0.94
2026-10-05,412,1.28
2026-10-05,413,1.3
2026-10-05,414,1.01
2026-10-05,415,1.1
2026-10-05,416,1.06
2026-10-05,417,0.65
2026-10-05,418,1.0
2026-10-05,419,1.36
2026-10-05,420,1.0
2026-10-05,421,0.91
2026-10-05,422,0.47
2026-10-05,423,0.4
2026-10-05,424,0.71
2026-10-05,425,0.44
2026-10-05,426,0.58
2026-10-05,427,1.32
2026-10-05,428,2.36
2026-10-05,429,1.79
2026-10-05,430,2.18
2026-10-05,431,2.61
2026-10-05,432,2.03
2026-10-05,433,0.87
2026-10-05,434,0.93
2026-10-05,435,0.32
2026-10-05,436,0.59
2026-10-05,437,0.66
2026-10-05,438,0.6
2026-10-05,439,0.56
2026-10-05,440,0.25
2026-10-05,441,0.16
2026-10-05,442,0.81
2026-10-05,443,0.84
2026-10-05,444,0.74
2026-10-05,445,0.4
2026-10-05,446,0.79
2026-10-05,447,0.66
2026-10-05,448,0.51
2026-10-05,449,0.18
2026-10-05,450,0.22
2026-10-05,451,0.86
2026-10-05,452,0.63
2026-10-05,453,0.61
2026-10-05,454,0.57
2026-10-05,455,0.34
2026-10-05,456,0.38
2026-10-05,457,0.41
2026-10-05,458,0.3
2026-10-05,459,0.2
2026-10-05,460,0.5
2026-10-05,461,1.0
2026-10-05,462,1.6
2026-10-05,463,1.18
2026-10-05,464,0.87
2026-10-05,465,1.31
2026-10-05,466,1.12
2026-10-05,467,1.77
2026-10-05,468,2.39
2026-10-05,469,2.69
2026-10-05,470,1.56
2026-10-05,471,2.9
2026-10-05,472,3.33
2026-10-05,473,2.4
2026-10-05,474,5.13
2026-10-05,475,2.6
2026-10-05,476,0.85
2026-10-05,477,0.3
2026-10-05,478,0.6
2026-10-05,479,0.95
2026-10-05,480,1.49
2026-10-05,481,0.6
2026-10-05,482,0.91
2026-10-05,483,1.39
2026-10-05,484,1.86
2026-10-05,485,2.76
2026-10-05,486,3.33
2026-10-05,487,2.37
2026-10-05,488,1.15
2026-10-05,489,2.02
2026-10-05,490,2.06
2026-10-05,491,3.03
2026-10-05,492,1.23
2026-10-05,493,1.75
2026-10-05,494,1.51
2026-10-05,495,1.9
2026-10-05,496,1.64
2026-10-05,497,0.78
2026-10-05,498,1.74
2026-10-05,499,2.04
2026-10-05,500,1.24
2026-10-05,501,2.05
2026-10-05,502,1.3
2026-10-05,503,1.5
2026-10-05,504,1.97
2026-10-05,505,1.79
2026-10-05,506,1.25
2026-10-05,507,0.71
2026-10-05,508,0.62
2026-10-05,509,0.2
2026-10-05,510,0.43
2026-10-05,511,0.47
2026-10-05,512,0.75
2026-10-05,513,1.39
2026-10-05,514,0.25
2026-10-05,515,0.61
2026-10-05,516,0.25
2026-10-05,517,0.12
2026-10-05,518,0.45
2026-10-05,519,0.71
2026-10-05,520,0.44
2026-10-05,521,1.41
2026-10-05,522,1.04
2026-10-05,523,0.71
2026-10-05,524,0.25
2026-10-05,525,1.3
2026-10-05,526,1.43
2026-10-05,527,0.5
2026-10-05,528,1.31
2026-10-05,529,1.12
2026-10-05,530,0.75
2026-10-05,531,1.14
2026-10-05,532,1.5
2026-10-05,533,1.17
2026-10-05,534,0.81
2026-10-05,535,1.0
2026-10-05,536,1.07
2026-10-05,537,0.91
2026-10-05,538,0.52
2026-10-05,539,0.39
2026-10-05,540,0.51
2026-10-05,541,0.33
2026-10-05,542,1.72
2026-10-05,543,1.87
2026-10-05,544,1.1
2026-10-05,545,0.6
2026-10-05,546,1.02
2026-10-05,547,0.89
2026-10-05,548,0.8
2026-10-05,549,0.42
2026-10-05,550,0.6
2026-10-05,551,0.53
2026-10-05,552,0.2
2026-10-05,553,0.9
2026-10-05,554,1.14
2026-10-05,555,0.51
2026-10-05,556,1.13
2026-10-05,557,1.46
2026-10-05,558,0.8
2026-10-05,559,0.6
2026-10-05,560,0.33
2026-10-05,561,0.55
2026-10-05,562,0.83
2026-10-05,563,1.01
2026-10-05,564,0.4
2026-10-05,565,1.75
2026-10-05,566,1.42
2026-10-05,567,2.13
2026-10-05,568,1.7
2026-10-05,569,1.88
2026-10-05,570,1.56
2026-10-05,571,1.4
2026-10-05,572,1.12
2026-10-05,573,1.19
2026-10-05,574,2.1
2026-10-05,575,1.89
2026-10-05,576,4.09
2026-10-05,577,2.13
2026-10-05,578,1.17
2026-10-05,579,2.24
2026-10-05,580,0.71
2026-10-05,581,0.5
2026-10-05,582,0.39
2026-10-05,583,0.78
2026-10-05,584,0.48
2026-10-05,585,0.78
2026-10-05,586,0.59
2026-10-05,587,0.98
2026-10-05,588,0.65
2026-10-05,589,0.74
2026-10-05,590,2.65
2026-10-05,591,2.72
2026-10-05,592,0.89
2026-10-05,593,0.41
2026-10-05,594,0.85
2026-10-05,595,0.81
2026-10-05,596,0.7
2026-10-05,597,1.1
2026-10-05,598,0.86
2026-10-05,599,0.92
2026-10-05,600,1.3
2026-10-05,601,3.0
2026-10-05,602,3.68
2026-10-05,603,0.94
2026-10-05,604,1.05
2026-10-05,605,0.58
2026-10-05,606,3.57
2026-10-05,607,2.05
2026-10-05,608,0.69
2026-10-05,609,2.53
2026-10-05,610,3.15
2026-10-05,611,1.4
2026-10-05,612,0.94
2026-10-05,613,1.09
2026-10-05,614,0.65
2026-10-05,615,1.14
2026-10-05,616,1.04
2026-10-05,617,1.69
2026-10-05,618,1.26
2026-10-05,619,0.84
2026-10-05,620,1.01
2026-10-05,621,1.1
2026-10-05,622,1.02
2026-10-05,623,1.1
2026-10-05,624,1.78
2026-10-05,625,1.53
2026-10-05,626,1.61
2026-10-05,627,3.79
2026-10-05,628,2.07
2026-10-05,629,2.16
2026-10-05,630,3.85
2026-10-05,631,2.71
2026-10-05,632,1.8
2026-10-05,633,1.13
2026-10-05,634,2.07
2026-10-05,635,2.06
2026-10-05,636,1.9
2026-10-05,637,1.34
2026-10-05,638,1.18
2026-10-05,639,0.4
2026-10-05,640,0.77
2026-10-05,641,1.33
2026-10-05,642,0.22
2026-10-05,643,0.56
2026-10-05,644,0.7
2026-10-05,645,1.32
2026-10-05,646,0.6
2026-10-05,647,0.7
2026-10-05,648,0.57
2026-10-05,649,0.6
2026-10-05,650,0.8
2026-10-05,651,0.7
2026-10-05,652,0.1
2026-10-05,653,0.48
2026-10-05,654,0.4
2026-10-05,655,0.57
2026-10-05,656,1.25
2026-10-05,657,0.94
2026-10-05,658,1.05
2026-10-05,659,0.49
2026-10-05,660,1.98
2026-10-05,661,2.26
2026-10-05,662,0.8
2026-10-05,663,0.82
2026-10-05,664,0.73
2026-10-05,665,0.7
2026-10-05,666,1.1
2026-10-05,667,1.36
2026-10-05,668,1.11
2026-10-05,669,0.95
2026-10-05,670,1.88
2026-10-05,671,2.46
2026-10-05,672,1.49
2026-10-05,673,0.56
2026-10-05,674,2.15
2026-10-05,675,2.21
2026-10-05,676,1.85
2026-10-05,677,0.43
2026-10-05,678,1.7
2026-10-05,679,1.65
2026-10-05,680,0.24
2026-10-05,681,1.24
2026-10-05,682,0.8
2026-10-05,683,0.61
2026-10-05,684,0.58
2026-10-05,685,0.88
2026-10-05,686,0.37
2026-10-05,687,0.18
2026-10-05,688,0.77
2026-10-05,689,0.8
2026-10-05,690,0.97
2026-10-05,691,1.1
2026-10-05,692,0.8
2026-10-05,693,0.69
2026-10-05,694,0.85
2026-10-05,695,0.1
2026-10-05,696,0.77
2026-10-05,697,0.94
2026-10-05,698,0.6
2026-10-05,699,0.79
2026-10-05,700,0.59
2026-10-05,701,0.33
2026-10-05,702,0.37
2026-10-05,703,0.8
2026-10-05,704,1.32
2026-10-05,705,1.6
2026-10-05,706,0.93
2026-10-05,707,1.35
2026-10-05,708,0.6
2026-10-05,709,1.04
2026-10-05,710,0.74
2026-10-05,711,0.34
2026-10-05,712,0.38
2026-10-05,713,0.5
2026-10-05,714,0.65
2026-10-05,715,0.56
2026-10-05,716,1.3
2026-10-05,717,0.33
2026-10-05,718,1.07
2026-10-05,719,1.34
2026-10-05,720,0.9
2026-10-05,721,0.5
2026-10-05,722,0.78
2026-10-05,723,0.64
2026-10-05,724,0.58
2026-10-05,725,0.73
2026-10-05,726,0.39
2026-10-05,727,0.35
2026-10-05,728,1.01
2026-10-05,729,1.34
2026-10-05,730,0.78
2026-10-05,731,0.36
2026-10-05,732,0.8
2026-10-05,733,0.9
2026-10-05,734,0.25
2026-10-05,735,0.57
2026-10-05,736,1.56
2026-10-05,737,1.17
2026-10-05,738,0.92
2026-10-05,739,0.45
2026-10-05,740,1.29
2026-10-05,741,0.53
2026-10-05,742,0.2
2026-10-05,743,0.43
2026-10-05,744,0.9
2026-10-05,745,1.17
2026-10-05,746,0.21
2026-10-05,747,0.6
2026-10-05,748,0.58
2026-10-05,749,0.6
2026-10-05,750,1.41
2026-10-05,751,1.09
2026-10-05,752,1.5
2026-10-05,753,0.69
2026-10-05,754,0.51
2026-10-05,755,0.38
2026-10-05,756,0.59
2026-10-05,757,1.36
2026-10-05,758,0.44
2026-10-05,759,0.9
2026-10-05,760,0.53
2026-10-05,761,1.57
2026-10-05,762,0.56
2026-10-05,763,1.39
2026-10-05,764,0.33
2026-10-05,765,0.94
2026-10-05,766,0.9
2026-10-05,767,1.43
2026-10-05,768,0.2
2026-10-05,769,0.62
2026-10-05,770,1.12
2026-10-05,771,0.76
2026-10-05,772,0.45
2026-10-05,773,0.46
2026-10-05,774,0.46
2026-10-05,775,0.97
2026-10-05,776,0.89
2026-10-05,777,1.22
2026-10-05,778,1.7
2026-10-05,779,1.56
2026-10-05,780,0.81
2026-10-05,781,0.36
2026-10-05,782,0.4
2026-10-05,783,0.2
2026-10-05,784,0.4
2026-10-05,785,0.81
2026-10-05,786,0.25
2026-10-05,787,0.4
2026-10-05,788,0.48
2026-10-05,789,0.1
2026-10-05,790,0.6
2026-10-05,791,0.85
2026-10-05,792,0.21
2026-10-05,793,0.4
2026-10-05,794,0.5
2026-10-05,795,0.75
2026-10-05,796,0.53
2026-10-05,797,0.27
2026-10-05,798,0.7
2026-10-05,799,0.83
2026-10-05,800,0.29
2026-10-05,801,0.42
2026-10-05,802,0.3
2026-10-05,803,0.42
2026-10-05,804,0.53
2026-10-05,805,0.19
2026-10-05,806,0.27
2026-10-05,807,0.2
2026-10-05,808,0.3
2026-10-05,809,0.3
2026-10-05,810,0.37
2026-10-05,811,0.1
2026-10-05,812,0.5
2026-10-05,813,0.3
2026-10-05,814,0.48
2026-10-05,815,0.15
2026-10-05,816,0.52
2026-10-05,817,0.35
2026-10-05,818,0.3
2026-10-05,819,0.72
2026-10-05,820,1.1
2026-10-05,821,0.89
2026-10-05,822,0.5
2026-10-05,823,0.12
2026-10-05,824,0.26
2026-10-05,825,0.67
2026-10-05,826,0.3
2026-10-05,827,1.1
2026-10-05,828,0.67
2026-10-05,829,0.67
2026-10-05,830,0.3
2026-10-05,831,0.47
2026-10-05,832,0.43
2026-10-05,833,0.3
2026-10-05,834,0.16
2026-10-05,835,0.4
2026-10-05,836,1.6
2026-10-05,837,2.0
2026-10-05,838,1.62
2026-10-05,839,2.0
2026-10-05,840,1.67
2026-10-05,841,1.32
2026-10-05,842,1.78
2026-10-05,843,1.87
2026-10-05,844,1.01
2026-10-05,845,0.8
2026-10-05,846,0.47
2026-10-05,847,0.65
2026-10-05,848,1.6
2026-10-05,849,0.76
2026-10-05,850,1.72
2026-10-05,851,0.6
2026-10-05,852,1.81
2026-10-05,853,0.4
2026-10-05,854,0.78
2026-10-05,855,1.03
2026-10-05,856,0.94
2026-10-05,857,1.0
2026-10-05,858,0.36
2026-10-05,859,0.74
2026-10-05,860,0.84
2026-10-05,861,0.31
2026-10-05,862,0.26
2026-10-05,863,0.53
2026-10-05,864,0.3
2026-10-05,865,0.25
2026-10-05,866,0.36
2026-10-05,867,0.58
2026-10-05,868,0.14
2026-10-05,869,0.46
2026-10-05,870,0.5
2026-10-05,871,0.58
2026-10-05,872,0.2
2026-10-05,873,0.84
2026-10-05,874,0.3
2026-10-05,875,0.33
2026-10-05,876,0.55
2026-10-05,877,0.56
2026-10-05,878,0.48
2026-10-05,879,0.29
2026-10-05,880,0.33
2026-10-05,881,0.87
2026-10-05,882,0.93
2026-10-05,883,0.41
2026-10-05,884,0.36
2026-10-05,885,0.71
2026-10-05,886,0.21
2026-10-05,887,1.23
2026-10-05,888,0.6
2026-10-05,889,0.46
2026-10-05,890,0.7
2026-10-05,891,0.31
2026-10-05,892,0.55
2026-10-05,893,0.21
2026-10-05,894,0.3
2026-10-05,895,1.1
2026-10-05,896,0.89
2026-10-05,897,0.59
2026-10-05,898,0.74
2026-10-05,899,1.0
2026-10-05,900,1.04
2026-10-05,901,0.83
2026-10-05,902,0.73
2026-10-05,903,1.76
2026-10-05,904,2.09
2026-10-05,905,0.27
2026-10-05,906,0.41
2026-10-05,907,0.34
2026-10-05,908,1.0
2026-10-05,909,1.13
2026-10-05,910,0.43
2026-10-05,911,1.33
2026-10-05,912,0.4
2026-10-05,913,0.5
2026-10-05,914,1.03
2026-10-05,915,0.8
2026-10-05,916,0.61
2026-10-05,917,1.26
2026-10-05,918,0.76
2026-10-05,919,0.98
2026-10-05,920,0.68
2026-10-05,921,0.69
2026-10-05,922,1.4
2026-10-05,923,1.38
2026-10-05,924,1.21
2026-10-05,925,1.34
2026-10-05,926,0.92
2026-10-05,927,1.2
2026-10-05,928,1.77
2026-10-05,929,1.48
2026-10-05,930,1.41
2026-10-05,931,0.99
2026-10-05,932,2.65
2026-10-05,933,2.1
2026-10-05,934,1.3
2026-10-05,935,2.03
2026-10-05,936,1.11
2026-10-05,937,0.6
2026-10-05,938,0.46
2026-10-05,939,0.49
2026-10-05,940,0.91
2026-10-05,941,0.42
2026-10-05,942,1.64
2026-10-05,943,0.6
2026-10-05,944,1.14
2026-10-05,945,0.7
2026-10-05,946,1.51
2026-10-05,947,1.21
2026-10-05,948,0.85
2026-10-05,949,0.43
2026-10-05,950,0.7
2026-10-05,951,1.25
2026-10-05,952,0.7
2026-10-05,953,0.98
2026-10-05,954,1.31
2026-10-05,955,0.89
2026-10-05,956,0.4
2026-10-05,957,0.3
2026-10-05,958,0.39
2026-10-05,959,0.72
2026-10-05,960,0.61
2026-10-05,961,0.18
2026-10-05,962,0.26
2026-10-05,963,0.8
2026-10-05,964,1.07
2026-10-05,965,0.8
2026-10-05,966,1.0
2026-10-05,967,2.72
2026-10-05,968,1.45
2026-10-05,969,1.45
2026-10-05,970,0.4
2026-10-05,971,0.62
2026-10-05,972,0.61
2026-10-05,973,0.99
2026-10-05,974,0.19
2026-10-05,975,1.31
2026-10-05,976,0.88
2026-10-05,977,0.67
2026-10-05,978,0.7
2026-10-05,979,0.91
2026-10-05,980,0.33
2026-10-05,981,0.34
2026-10-05,982,0.4
2026-10-05,983,0.4
2026-10-05,984,0.55
2026-10-05,985,1.42
2026-10-05,986,1.68
2026-10-05,987,0.48
2026-10-05,988,1.0
2026-10-05,989,0.23
2026-10-05,990,0.3
2026-10-05,991,0.57
2026-10-05,992,0.35
2026-10-05,993,0.4
2026-10-05,994,0.32
2026-10-05,995,0.39
2026-10-05,996,0.14
2026-10-05,997,0.46
2026-10-05,998,0.59
2026-10-05,999,0.3
2026-10-05,1000,0.23
2026-10-05,1001,0.44
2026-10-05,1002,0.76
2026-10-05,1003,1.31
2026-10-05,1004,0.72
2026-10-05,1005,1.01
2026-10-05,1006,0.71
2026-10-05,1007,1.09
2026-10-05,1008,0.5
2026-10-05,1009,0.4
2026-10-05,1010,0.5
2026-10-05,1011,0.7
2026-10-05,1012,0.6
2026-10-05,1013,1.0
2026-10-05,1014,1.32
2026-10-05,1015,2.25
2026-10-05,1016,0.9
2026-10-05,1017,0.48
2026-10-05,1018,0.59
2026-10-05,1019,1.33
2026-10-05,1020,0.64
2026-10-05,1021,0.96
2026-10-05,1022,0.55
2026-10-05,1023,1.14
2026-10-05,1024,0.74
2026-10-05,1025,0.19
2026-10-05,1026,0.7
2026-10-05,1027,0.68
2026-10-05,1028,1.0
2026-10-05,1029,0.71
2026-10-05,1030,0.6
2026-10-05,1031,0.44
2026-10-05,1032,0.73
2026-10-05,1033,1.1
2026-10-05,1034,0.8
2026-10-05,1035,0.6
2026-10-05,1036,1.42
2026-10-05,1037,0.37
2026-10-05,1038,1.11
2026-10-05,1039,0.63
2026-10-05,1040,0.34
2026-10-05,1041,0.1
2026-10-05,1042,0.34
2026-10-05,1043,0.24
2026-10-05,1044,0.2
2026-10-05,1045,0.18
2026-10-05,1046,0.35
2026-10-05,1047,0.16
2026-10-05,1048,0.4
2026-10-05,1049,0.37
2026-10-05,1050,0.3
2026-10-05,1051,0.58
2026-10-05,1052,0.22
2026-10-05,1053,0.27
2026-10-05,1054,0.7
2026-10-05,1055,1.18
2026-10-05,1056,1.63
2026-10-05,1057,1.62
2026-10-05,1058,1.25
2026-10-05,1059,0.85
2026-10-05,1060,0.44
2026-10-05,1061,0.91
2026-10-05,1062,2.12
2026-10-05,1063,2.51
2026-10-05,1064,3.08
2026-10-05,1065,3.05
2026-10-05,1066,2.82
2026-10-05,1067,3.67
2026-10-05,1068,4.84
2026-10-05,1069,4.27
2026-10-05,1070,4.27
2026-10-05,1071,3.88
2026-10-05,1072,3.39
2026-10-05,1073,2.72
2026-10-05,1074,2.85
2026-10-05,1075,2.9
2026-10-05,1076,2.03
2026-10-05,1077,2.4
2026-10-05,1078,1.95
2026-10-05,1079,2.45
2026-10-05,1080,3.42
2026-10-05,1081,3.0
2026-10-05,1082,1.73
2026-10-05,1083,2.29
2026-10-05,1084,3.59
2026-10-05,1085,3.6
2026-10-05,1086,2.49
2026-10-05,1087,1.45
2026-10-05,1088,2.57
2026-10-05,1089,0.68
2026-10-05,1090,0.48
2026-10-05,1091,1.52
2026-10-05,1092,0.76
2026-10-05,1093,0.78
2026-10-05,1094,1.1
2026-10-05,1095,1.7
2026-10-05,1096,2.28
2026-10-05,1097,2.82
2026-10-05,1098,2.14
2026-10-05,1099,2.63
2026-10-05,1100,2.03
2026-10-05,1101,1.44
2026-10-05,1102,1.26
2026-10-05,1103,0.78
2026-10-05,1104,0.66
2026-10-05,1105,0.85
2026-10-05,1106,1.09
2026-10-05,1107,1.16
2026-10-05,1108,1.04
2026-10-05,1109,1.56
2026-10-05,1110,1.6
2026-10-05,1111,1.55
2026-10-05,1112,1.58
2026-10-05,1113,1.92
2026-10-05,1114,1.6
2026-10-05,1115,2.11
2026-10-05,1116,1.93
2026-10-05,1117,1.94
2026-10-05,1118,2.0
2026-10-05,1119,2.28
2026-10-05,1120,2.23
2026-10-05,1121,2.02
2026-10-05,1122,1.98
2026-10-05,1123,2.08
2026-10-05,1124,2.19
2026-10-05,1125,2.19
2026-10-05,1126,2.19
2026-10-05,1127,2.61
2026-10-05,1128,2.4
2026-10-05,1129,5.78
2026-10-05,1130,5.1
2026-10-05,1131,4.34
2026-10-05,1132,3.15
2026-10-05,1133,3.86
2026-10-05,1134,4.03
2026-10-05,1135,4.04
2026-10-05,1136,3.37
2026-10-05,1137,3.64
2026-10-05,1138,3.74
2026-10-05,1139,4.22
2026-10-05,1140,4.39
2026-10-05,1141,4.4
2026-10-05,1142,3.64
2026-10-05,1143,3.56
2026-10-05,1144,3.46
2026-10-05,1145,3.14
2026-10-05,1146,2.9
2026-10-05,1147,2.5
2026-10-05,1148,2.73
2026-10-05,1149,2.71
2026-10-05,1150,1.96
2026-10-05,1151,1.36
2026-10-05,1152,1.46
2026-10-05,1153,0.7
2026-10-05,1154,1.0
2026-10-05,1155,1.48
2026-10-05,1156,0.76
2026-10-05,1157,1.37
2026-10-05,1158,1.3
2026-10-05,1159,2.1
2026-10-05,1160,2.33
2026-10-05,1161,2.63
2026-10-05,1162,2.07
2026-10-05,1163,0.43
2026-10-05,1164,1.17
2026-10-05,1165,1.91
2026-10-05,1166,1.66
2026-10-05,1167,1.08
2026-10-05,1168,1.14
2026-10-05,1169,1.28
2026-10-05,1170,0.84
2026-10-05,1171,0.7
2026-10-05,1172,0.9
2026-10-05,1173,0.96
2026-10-05,1174,0.81
2026-10-05,1175,1.03
2026-10-05,1176,1.23
2026-10-05,1177,2.0
2026-10-05,1178,1.43
2026-10-05,1179,0.79
2026-10-05,1180,1.14
2026-10-05,1181,1.81
2026-10-05,1182,1.08
2026-10-05,1183,1.29
2026-10-05,1184,1.0
2026-10-05,1185,0.4
2026-10-05,1186,0.62
2026-10-05,1187,1.4
2026-10-05,1188,1.1
2026-10-05,1189,1.28
2026-10-05,1190,0.7
2026-10-05,1191,0.86
2026-10-05,1192,0.39
2026-10-05,1193,0.88
2026-10-05,1194,0.85
2026-10-05,1195,0.93
2026-10-05,1196,0.48
2026-10-05,1197,0.74
2026-10-05,1198,0.93
2026-10-05,1199,0.47
2026-10-05,1200,0.73
2026-10-05,1201,0.8
2026-10-05,1202,0.82
2026-10-05,1203,0.3
2026-10-05,1204,1.09
2026-10-05,1205,0.37
2026-10-05,1206,1.18
2026-10-05,1207,1.01
2026-10-05,1208,1.14
2026-10-05,1209,1.01
2026-10-05,1210,0.71
2026-10-05,1211,1.2
2026-10-05,1212,1.25
2026-10-05,1213,1.17
2026-10-05,1214,1.15
2026-10-05,1215,1.16
2026-10-05,1216,0.86
2026-10-05,1217,0.57
2026-10-05,1218,1.0
2026-10-05,1219,1.0
2026-10-05,1220,1.06
2026-10-05,1221,1.28
2026-10-05,1222,1.15
2026-10-05,1223,1.27
2026-10-05,1224,1.53
2026-10-05,1225,1.16
2026-10-05,1226,0.7
2026-10-05,1227,0.82
2026-10-05,1228,0.95
2026-10-05,1229,0.84
2026-10-05,1230,0.88
2026-10-05,1231,0.61
2026-10-05,1232,0.61
2026-10-05,1233,0.77
2026-10-05,1234,0.77
2026-10-05,1235,0.89
2026-10-05,1236,1.09
2026-10-05,1237,0.57
2026-10-05,1238,0.6
2026-10-05,1239,0.52
2026-10-05,1240,0.3
2026-10-05,1241,0.31
2026-10-05,1242,0.47
2026-10-05,1243,0.48
2026-10-05,1244,0.27
2026-10-05,1245,0.52
2026-10-05,1246,0.48
2026-10-05,1247,0.67
2026-10-05,1248,0.31
2026-10-05,1249,0.34
2026-10-05,1250,0.42
2026-10-05,1251,0.61
2026-10-05,1252,1.07
2026-10-05,1253,1.27
2026-10-05,1254,0.39
2026-10-05,1255,0.28
2026-10-05,1256,0.52
2026-10-05,1257,0.97
2026-10-05,1258,1.0
2026-10-05,1259,0.85
2026-10-05,1260,0.32
2026-10-05,1261,0.29
2026-10-05,1262,1.01
2026-10-05,1263,0.5
2026-10-05,1264,0.9
2026-10-05,1265,1.49
2026-10-05,1266,0.55
2026-10-05,1267,0.6
2026-10-05,1268,1.39
2026-10-05,1269,1.7
2026-10-05,1270,0.72
2026-10-05,1271,0.18
2026-10-05,1272,0.78
2026-10-05,1273,0.6
2026-10-05,1274,0.16
2026-10-05,1275,0.14
2026-10-05,1276,0.27
2026-10-05,1277,0.3
2026-10-05,1278,0.56
2026-10-05,1279,0.2
2026-10-05,1280,0.58
2026-10-05,1281,0.44
2026-10-05,1282,0.7
2026-10-05,1283,0.8
2026-10-05,1284,0.73
2026-10-05,1285,0.27
2026-10-05,1286,0.62
2026-10-05,1287,0.28
2026-10-05,1288,0.42
2026-10-05,1289,0.63
2026-10-05,1290,0.92
2026-10-05,1291,0.92
2026-10-05,1292,0.4
2026-10-05,1293,0.59
2026-10-05,1294,0.96
2026-10-05,1295,2.26
2026-10-05,1296,3.1
2026-10-05,1297,2.51
2026-10-05,1298,1.63
2026-10-05,1299,1.63
2026-10-05,1300,1.62
2026-10-05,1301,1.84
2026-10-05,1302,1.88
2026-10-05,1303,1.21
2026-10-05,1304,1.0
2026-10-05,1305,1.05
2026-10-05,1306,1.22
2026-10-05,1307,1.3
2026-10-05,1308,0.53
2026-10-05,1309,0.99
2026-10-05,1310,0.4
2026-10-05,1311,0.59
2026-10-05,1312,1.26
2026-10-05,1313,1.35
2026-10-05,1314,0.89
2026-10-05,1315,0.51
2026-10-05,1316,0.52
2026-10-05,1317,1.24
2026-10-05,1318,1.5
2026-10-05,1319,1.27
2026-10-05,1320,0.78
2026-10-05,1321,0.8
2026-10-05,1322,0.3
2026-10-05,1323,1.22
2026-10-05,1324,0.94
2026-10-05,1325,1.07
2026-10-05,1326,1.0
2026-10-05,1327,0.59
2026-10-05,1328,0.8
2026-10-05,1329,1.32
2026-10-05,1330,0.99
2026-10-05,1331,1.27
2026-10-05,1332,0.7
2026-10-05,1333,1.81
2026-10-05,1334,1.07
2026-10-05,1335,1.21
2026-10-05,1336,1.8
2026-10-05,1337,2.09
2026-10-05,1338,1.14
2026-10-05,1339,0.89
2026-10-05,1340,0.42
2026-10-05,1341,0.51
2026-10-05,1342,1.0
2026-10-05,1343,0.86
2026-10-05,1344,1.16
2026-10-05,1345,0.82
2026-10-05,1346,0.43
2026-10-05,1347,0.58
2026-10-05,1348,0.9
2026-10-05,1349,1.0
2026-10-05,1350,0.9
2026-10-05,1351,0.6
2026-10-05,1352,0.45
2026-10-05,1353,0.6
2026-10-05,1354,0.7
2026-10-05,1355,0.55
2026-10-05,1356,0.6
2026-10-05,1357,0.91
2026-10-05,1358,0.85
2026-10-05,1359,0.4
2026-10-05,1360,0.66
2026-10-05,1361,0.2
2026-10-05,1362,0.88
2026-10-05,1363,1.15
2026-10-05,1364,0.72
2026-10-05,1365,0.58
2026-10-05,1366,0.73
2026-10-05,1367,0.5
2026-10-05,1368,0.73
2026-10-05,1369,0.47
2026-10-05,1370,0.5
2026-10-05,1371,0.8
2026-10-05,1372,0.6
2026-10-05,1373,0.48
2026-10-05,1374,0.69
2026-10-05,1375,0.53
2026-10-05,1376,0.71
2026-10-05,1377,1.65
2026-10-05,1378,1.95
2026-10-05,1379,3.12
2026-10-05,1380,2.62
2026-10-05,1381,2.58
2026-10-05,1382,2.41
2026-10-05,1383,2.5
2026-10-05,1384,1.49
2026-10-05,1385,0.73
2026-10-05,1386,0.3
2026-10-05,1387,0.73
2026-10-05,1388,1.11
2026-10-05,1389,0.92
2026-10-05,1390,1.56
2026-10-05,1391,2.0
2026-10-05,1392,2.49
2026-10-05,1393,2.93
2026-10-05,1394,2.52
2026-10-05,1395,1.77
2026-10-05,1396,1.17
2026-10-05,1397,1.41
2026-10-05,1398,1.48
2026-10-05,1399,1.34
2026-10-05,1400,1.35
2026-10-05,1401,2.1
2026-10-05,1402,0.84
2026-10-05,1403,0.59
2026-10-05,1404,0.9
2026-10-05,1405,1.39
2026-10-05,1406,1.59
2026-10-05,1407,1.15
2026-10-05,1408,1.3
2026-10-05,1409,1.22
2026-10-05,1410,0.36
2026-10-05,1411,0.45
2026-10-05,1412,1.09
2026-10-05,1413,1.27
2026-10-05,1414,0.72
2026-10-05,1415,0.4
2026-10-05,1416,0.83
2026-10-05,1417,1.06
2026-10-05,1418,0.55
2026-10-05,1419,0.44
2026-10-05,1420,0.67
2026-10-05,1421,0.65
2026-10-05,1422,0.5
2026-10-05,1423,0.55
2026-10-05,1424,0.52
2026-10-05,1425,0.83
2026-10-05,1426,0.4
2026-10-05,1427,0.33
2026-10-05,1428,0.38
2026-10-05,1429,0.2
2026-10-05,1430,0.39
2026-10-05,1431,0.55
2026-10-05,1432,0.41
2026-10-05,1433,0.07
2026-10-05,1434,0.63
2026-10-05,1435,0.44
2026-10-05,1436,0.9
2026-10-05,1437,0.9
2026-10-05,1438,1.4
2026-10-05,1439,1.38
2026-10-06,1,1.0
2026-10-06,2,1.42
2026-10-06,3,2.1
2026-10-06,4,1.85
2026-10-06,5,1.95
2026-10-06,6,2.2
2026-10-06,7,2.11
2026-10-06,8,1.19
2026-10-06,9,0.7
2026-10-06,10,0.49
2026-10-06,11,0.55
2026-10-06,12,0.42
2026-10-06,13,0.38
2026-10-06,14,0.68
2026-10-06,15,0.8
2026-10-06,16,1.15
2026-10-06,17,0.5
2026-10-06,18,0.5
2026-10-06,19,0.63
2026-10-06,20,1.23
2026-10-06,21,0.85
2026-10-06,22,0.29
2026-10-06,23,0.2
2026-10-06,24,0.46
2026-10-06,25,0.42
2026-10-06,26,0.17
2026-10-06,27,0.45
2026-10-06,28,0.5
2026-10-06,29,0.6
2026-10-06,30,0.69
2026-10-06,31,0.76
2026-10-06,32,0.7
2026-10-06,33,0.83
2026-10-06,34,0.8
2026-10-06,35,0.9
2026-10-06,36,0.95
2026-10-06,37,1.02
2026-10-06,38,1.2
2026-10-06,39,1.21
2026-10-06,40,1.06
2026-10-06,41,0.97
2026-10-06,42,0.7
2026-10-06,43,0.8
2026-10-06,44,0.6
2026-10-06,45,0.5
2026-10-06,46,0.56
2026-10-06,47,0.5
2026-10-06,48,0.23
2026-10-06,49,0.36
2026-10-06,50,0.38
2026-10-06,51,0.4
2026-10-06,52,0.42
2026-10-06,53,0.41
2026-10-06,54,0.55
2026-10-06,55,0.7
2026-10-06,56,0.72
2026-10-06,57,0.92
2026-10-06,58,1.09
2026-10-06,59,1.1
2026-10-06,60,1.0
2026-10-06,61,1.03
2026-10-06,62,0.9
2026-10-06,63,1.18
2026-10-06,64,1.52
2026-10-06,65,1.38
2026-10-06,66,0.96
2026-10-06,67,0.51
2026-10-06,68,0.43
2026-10-06,69,0.68
2026-10-06,70,0.6
2026-10-06,71,0.11
2026-10-06,72,0.4
2026-10-06,73,0.29
2026-10-06,74,0.3
2026-10-06,75,0.44
2026-10-06,76,0.63
2026-10-06,77,0.48
2026-10-06,78,0.3
2026-10-06,79,0.14
2026-10-06,80,0.3
2026-10-06,81,0.29
2026-10-06,82,0.22
2026-10-06,83,0.28
2026-10-06,84,0.1
2026-10-06,85,0.19
2026-10-06,86,0.49
2026-10-06,87,0.3
2026-10-06,88,0.26
2026-10-06,89,0.04
2026-10-06,90,0.07
2026-10-06,91,0.3
2026-10-06,92,0.22
2026-10-06,93,0.56
2026-10-06,94,0.61
2026-10-06,95,0.85
2026-10-06,96,0.61
2026-10-06,97,0.58
2026-10-06,98,0.63
2026-10-06,99,0.6
2026-10-06,100,0.83
2026-10-06,101,0.57
2026-10-06,102,0.51
2026-10-06,103,0.29
2026-10-06,104,0.41
2026-10-06,105,0.22
2026-10-06,106,0.22
2026-10-06,107,0.13
2026-10-06,108,0.18
2026-10-06,109,0.2
2026-10-06,110,0.16
2026-10-06,111,0.2
2026-10-06,112,0.13
2026-10-06,113,0.32
2026-10-06,114,0.39
2026-10-06,115,0.57
2026-10-06,116,0.58
2026-10-06,117,0.53
2026-10-06,118,0.43
2026-10-06,119,0.21
2026-10-06,120,0.3
2026-10-06,121,0.11
2026-10-06,122,0.11
2026-10-06,123,0.19
2026-10-06,124,0.2
2026-10-06,125,0.31
2026-10-06,126,0.31
2026-10-06,127,0.1
2026-10-06,128,0.2
2026-10-06,129,0.36
2026-10-06,130,0.46
2026-10-06,131,0.26
2026-10-06,132,0.3
2026-10-06,133,0.4
2026-10-06,134,0.2
2026-10-06,135,0.47
2026-10-06,136,0.35
2026-10-06,137,0.13
2026-10-06,138,0.4
2026-10-06,139,0.12
2026-10-06,140,0.1
2026-10-06,141,0.34
2026-10-06,142,0.55
2026-10-06,143,0.94
2026-10-06,144,0.9
2026-10-06,145,1.19
2026-10-06,146,0.41
2026-10-06,147,0.2
2026-10-06,148,0.47
2026-10-06,149,0.4
2026-10-06,150,0.42
2026-10-06,151,0.26
2026-10-06,152,0.22
2026-10-06,153,0.57
2026-10-06,154,0.53
2026-10-06,155,0.3
2026-10-06,156,0.56
2026-10-06,157,0.44
2026-10-06,158,0.3
2026-10-06,159,0.42
2026-10-06,160,0.66
2026-10-06,161,0.2
2026-10-06,162,0.31
2026-10-06,163,0.45
2026-10-06,164,0.67
2026-10-06,165,0.5
2026-10-06,166,0.4
2026-10-06,167,0.32
2026-10-06,168,0.5
2026-10-06,169,0.12
2026-10-06,170,0.4
2026-10-06,171,0.7
2026-10-06,172,0.35
2026-10-06,173,0.31
2026-10-06,174,0.14
2026-10-06,175,0.6
2026-10-06,176,1.16
2026-10-06,177,0.4
2026-10-06,178,0.4
2026-10-06,179,0.31
2026-10-06,180,0.23
2026-10-06,181,0.53
2026-10-06,182,0.27
2026-10-06,183,0.45
2026-10-06,184,0.38
2026-10-06,185,0.11
2026-10-06,186,0.38
2026-10-06,187,0.47
2026-10-06,188,0.36
2026-10-06,189,0.5
2026-10-06,190,0.21
2026-10-06,191,0.37
2026-10-06,192,0.46
2026-10-06,193,0.6
2026-10-06,194,0.8
2026-10-06,195,0.45
2026-10-06,196,0.52
2026-10-06,197,0.3
2026-10-06,198,0.4
2026-10-06,199,0.73
2026-10-06,200,0.2
2026-10-06,201,0.9
2026-10-06,202,1.16
2026-10-06,203,0.33
2026-10-06,204,0.3
2026-10-06,205,0.4
2026-10-06,206,0.17
2026-10-06,207,0.59
2026-10-06,208,1.22
2026-10-06,209,0.6
2026-10-06,210,0.24
2026-10-06,211,0.29
2026-10-06,212,0.4
2026-10-06,213,0.6
2026-10-06,214,0.73
2026-10-06,215,1.1
2026-10-06,216,0.28
2026-10-06,217,0.39
2026-10-06,218,0.4
2026-10-06,219,0.27
2026-10-06,220,0.53
2026-10-06,221,0.4
2026-10-06,222,0.43
2026-10-06,223,0.42
2026-10-06,224,0.25
2026-10-06,225,0.57
2026-10-06,226,0.64
2026-10-06,227,0.2
2026-10-06,228,0.3
2026-10-06,229,0.6
2026-10-06,230,0.7
2026-10-06,231,0.9
2026-10-06,232,0.67
2026-10-06,233,0.42
2026-10-06,234,0.61
2026-10-06,235,0.69
2026-10-06,236,0.55
2026-10-06,237,0.58
2026-10-06,238,1.0
2026-10-06,239,1.67
2026-10-06,240,1.29
2026-10-06,241,0.77
2026-10-06,242,0.7
2026-10-06,243,1.15
2026-10-06,244,0.91
2026-10-06,245,0.42
2026-10-06,246,0.24
2026-10-06,247,0.32
2026-10-06,248,0.19
2026-10-06,249,0.29
2026-10-06,250,0.6
2026-10-06,251,0.32
2026-10-06,252,0.25
2026-10-06,253,0.1
2026-10-06,254,0.13
2026-10-06,255,0.21
2026-10-06,256,0.19
2026-10-06,257,0.4
2026-10-06,258,0.21
2026-10-06,259,0.33
2026-10-06,260,0.7
2026-10-06,261,1.06
2026-10-06,262,1.25
2026-10-06,263,0.87
2026-10-06,264,0.72
2026-10-06,265,0.3
2026-10-06,266,0.47
2026-10-06,267,0.4
2026-10-06,268,0.35
2026-10-06,269,0.26
2026-10-06,270,0.2
2026-10-06,271,0.2
2026-10-06,272,0.2
2026-10-06,273,0.41
2026-10-06,274,0.14
2026-10-06,275,0.32
2026-10-06,276,0.23
2026-10-06,277,0.45
2026-10-06,278,0.75
2026-10-06,279,0.7
2026-10-06,280,0.6
2026-10-06,281,0.5
2026-10-06,282,0.4
2026-10-06,283,0.45
2026-10-06,284,1.04
2026-10-06,285,1.15
2026-10-06,286,0.26
2026-10-06,287,0.89
2026-10-06,288,0.99
2026-10-06,289,1.13
2026-10-06,290,0.33
2026-10-06,291,0.6
2026-10-06,292,0.31
2026-10-06,293,0.38
2026-10-06,294,0.39
2026-10-06,295,0.52
2026-10-06,296,0.9
2026-10-06,297,1.2
2026-10-06,298,1.1
2026-10-06,299,1.02
2026-10-06,300,0.32
2026-10-06,301,0.37
2026-10-06,302,0.14
2026-10-06,303,0.29
2026-10-06,304,0.47
2026-10-06,305,0.62
2026-10-06,306,1.2
2026-10-06,307,1.5
2026-10-06,308,1.5
2026-10-06,309,0.3
2026-10-06,310,1.2
2026-10-06,311,0.46
2026-10-06,312,0.6
2026-10-06,313,0.4
2026-10-06,314,0.9
2026-10-06,315,0.99
2026-10-06,316,0.78
2026-10-06,317,0.4
2026-10-06,318,0.4
2026-10-06,319,0.33
2026-10-06,320,0.68
2026-10-06,321,0.42
2026-10-06,322,1.19
2026-10-06,323,0.5
2026-10-06,324,0.46
2026-10-06,325,0.31
2026-10-06,326,0.64
2026-10-06,327,0.2
2026-10-06,328,0.64
2026-10-06,329,0.44
2026-10-06,330,0.29
2026-10-06,331,0.37
2026-10-06,332,0.4
2026-10-06,333,0.2
2026-10-06,334,0.82
2026-10-06,335,0.29
2026-10-06,336,0.69
2026-10-06,337,0.77
2026-10-06,338,0.31
2026-10-06,339,0.6
2026-10-06,340,0.31
2026-10-06,341,0.29
2026-10-06,342,0.38
2026-10-06,343,0.46
2026-10-06,344,0.5
2026-10-06,345,0.36
2026-10-06,346,0.34
2026-10-06,347,0.57
2026-10-06,348,0.3
2026-10-06,349,0.25
2026-10-06,350,0.44
2026-10-06,351,0.61
2026-10-06,352,0.51
2026-10-06,353,0.2
2026-10-06,354,0.38
2026-10-06,355,0.33
2026-10-06,356,0.37
2026-10-06,357,0.4
2026-10-06,358,0.76
2026-10-06,359,0.7
2026-10-06,360,0.7
2026-10-06,361,0.64
2026-10-06,362,0.88
2026-10-06,363,0.86
2026-10-06,364,0.71
2026-10-06,365,0.72
2026-10-06,366,0.81
2026-10-06,367,1.2
2026-10-06,368,0.66
2026-10-06,369,0.63
2026-10-06,370,0.49
2026-10-06,371,0.6
2026-10-06,372,0.18
2026-10-06,373,0.65
2026-10-06,374,0.7
2026-10-06,375,0.97
2026-10-06,376,0.8
2026-10-06,377,0.19
2026-10-06,378,0.27
2026-10-06,379,0.7
2026-10-06,380,0.5
2026-10-06,381,0.47
2026-10-06,382,0.77
2026-10-06,383,2.15
2026-10-06,384,1.02
2026-10-06,385,1.15
2026-10-06,386,0.72
2026-10-06,387,0.6
2026-10-06,388,0.81
2026-10-06,389,0.69
2026-10-06,390,0.4
2026-10-06,391,0.31
2026-10-06,392,0.35
2026-10-06,393,0.41
2026-10-06,394,0.25
2026-10-06,395,0.3
2026-10-06,396,0.69
2026-10-06,397,0.8
2026-10-06,398,0.63
2026-10-06,399,0.33
2026-10-06,400,0.45
2026-10-06,401,0.37
2026-10-06,402,0.2
2026-10-06,403,0.39
2026-10-06,404,0.5
2026-10-06,405,0.32
2026-10-06,406,0.22
2026-10-06,407,0.52
2026-10-06,408,0.45
2026-10-06,409,0.54
2026-10-06,410,0.37
2026-10-06,411,0.21
2026-10-06,412,0.3
2026-10-06,413,0.51
2026-10-06,414,0.12
2026-10-06,415,0.58
2026-10-06,416,0.79
2026-10-06,417,0.79
2026-10-06,418,0.3
2026-10-06,419,0.4
2026-10-06,420,0.58
2026-10-06,421,0.52
2026-10-06,422,0.52
2026-10-06,423,0.29
2026-10-06,424,0.11
2026-10-06,425,0.3
2026-10-06,426,1.06
2026-10-06,427,0.28
2026-10-06,428,0.62
2026-10-06,429,0.28
2026-10-06,430,0.83
2026-10-06,431,0.58
2026-10-06,432,0.32
2026-10-06,433,0.68
2026-10-06,434,0.49
2026-10-06,435,0.34
2026-10-06,436,0.4
2026-10-06,437,0.52
2026-10-06,438,0.38
2026-10-06,439,0.31
2026-10-06,440,0.2
2026-10-06,441,0.24
2026-10-06,442,0.35
2026-10-06,443,0.27
2026-10-06,444,0.28
2026-10-06,445,0.57
2026-10-06,446,0.3
2026-10-06,447,0.82
2026-10-06,448,1.07
2026-10-06,449,0.2
2026-10-06,450,0.4
2026-10-06,451,0.8
2026-10-06,452,0.36
2026-10-06,453,0.71
2026-10-06,454,0.33
2026-10-06,455,0.6
2026-10-06,456,0.74
2026-10-06,457,0.49
2026-10-06,458,0.28
2026-10-06,459,1.61
2026-10-06,460,1.19
2026-10-06,461,1.23
2026-10-06,462,0.7
2026-10-06,463,0.59
2026-10-06,464,0.47
2026-10-06,465,0.44
2026-10-06,466,0.4
2026-10-06,467,0.3
2026-10-06,468,0.31
2026-10-06,469,0.3
2026-10-06,470,0.53
2026-10-06,471,0.16
2026-10-06,472,0.92
2026-10-06,473,1.91
2026-10-06,474,2.87
2026-10-06,475,1.2
2026-10-06,476,1.64
2026-10-06,477,0.9
2026-10-06,478,0.35
2026-10-06,479,0.6
2026-10-06,480,0.4
2026-10-06,481,0.44
2026-10-06,482,0.31
2026-10-06,483,0.35
2026-10-06,484,0.28
2026-10-06,485,0.22
2026-10-06,486,0.31
2026-10-06,487,0.28
2026-10-06,488,0.49
2026-10-06,489,0.65
2026-10-06,490,0.51
2026-10-06,491,0.6
2026-10-06,492,0.25
2026-10-06,493,0.44
2026-10-06,494,0.41
2026-10-06,495,0.4
2026-10-06,496,0.76
2026-10-06,497,0.6
2026-10-06,498,0.86
2026-10-06,499,0.3
2026-10-06,500,0.31
2026-10-06,501,0.7
2026-10-06,502,1.22
2026-10-06,503,1.0
2026-10-06,504,1.11
2026-10-06,505,1.13
2026-10-06,506,1.42
2026-10-06,507,1.23
2026-10-06,508,1.1
2026-10-06,509,1.6
2026-10-06,510,1.84
2026-10-06,511,1.49
2026-10-06,512,1.34
2026-10-06,513,1.01
2026-10-06,514,1.77
2026-10-06,515,1.1
2026-10-06,516,0.79
2026-10-06,517,1.14
2026-10-06,518,1.36
2026-10-06,519,1.34
2026-10-06,520,0.49
2026-10-06,521,0.29
2026-10-06,522,0.43
2026-10-06,523,0.79
2026-10-06,524,0.74
2026-10-06,525,0.58
2026-10-06,526,0.62
2026-10-06,527,0.6
2026-10-06,528,0.3
2026-10-06,529,1.03
2026-10-06,530,0.91
2026-10-06,531,0.54
2026-10-06,532,0.64
2026-10-06,533,0.44
2026-10-06,534,0.15
2026-10-06,535,0.27
2026-10-06,536,0.78
2026-10-06,537,1.2
2026-10-06,538,1.07
2026-10-06,539,0.49
2026-10-06,540,0.3
2026-10-06,541,0.34
2026-10-06,542,0.4
2026-10-06,543,0.49
2026-10-06,544,0.14
2026-10-06,545,0.95
2026-10-06,546,1.89
2026-10-06,547,0.45
2026-10-06,548,0.51
2026-10-06,549,0.98
2026-10-06,550,0.5
2026-10-06,551,1.03
2026-10-06,552,0.4
2026-10-06,553,0.3
2026-10-06,554,0.22
2026-10-06,555,0.24
2026-10-06,556,0.46
2026-10-06,557,0.29
2026-10-06,558,0.54
2026-10-06,559,1.4
2026-10-06,560,0.59
2026-10-06,561,0.2
2026-10-06,562,0.52
2026-10-06,563,0.46
2026-10-06,564,0.31
2026-10-06,565,0.23
2026-10-06,566,0.2
2026-10-06,567,0.13
2026-10-06,568,0.55
2026-10-06,569,0.21
2026-10-06,570,0.31
2026-10-06,571,0.25
2026-10-06,572,1.11
2026-10-06,573,1.06
2026-10-06,574,0.91
2026-10-06,575,0.76
2026-10-06,576,0.22
2026-10-06,577,0.82
2026-10-06,578,0.2
2026-10-06,579,0.5
2026-10-06,580,0.61
2026-10-06,581,0.4
2026-10-06,582,0.75
2026-10-06,583,1.31
2026-10-06,584,0.36
2026-10-06,585,1.0
2026-10-06,586,0.43
2026-10-06,587,0.5
2026-10-06,588,0.44
2026-10-06,589,0.24
2026-10-06,590,0.56
2026-10-06,591,0.2
2026-10-06,592,0.53
2026-10-06,593,0.2
2026-10-06,594,0.2
2026-10-06,595,0.61
2026-10-06,596,0.16
2026-10-06,597,0.4
2026-10-06,598,0.3
2026-10-06,599,0.37
2026-10-06,600,0.89
2026-10-06,601,0.17
2026-10-06,602,0.34
2026-10-06,603,1.4
2026-10-06,604,0.87
2026-10-06,605,0.9
2026-10-06,606,0.7
2026-10-06,607,1.29
2026-10-06,608,1.1
2026-10-06,609,0.84
2026-10-06,610,0.79
2026-10-06,611,0.47
2026-10-06,612,0.3
2026-10-06,613,0.7
2026-10-06,614,0.64
2026-10-06,615,0.63
2026-10-06,616,0.85
2026-10-06,617,0.28
2026-10-06,618,0.53
2026-10-06,619,0.19
2026-10-06,620,0.38
2026-10-06,621,0.18
2026-10-06,622,0.16
2026-10-06,623,0.51
2026-10-06,624,0.38
2026-10-06,625,0.24
2026-10-06,626,0.4
2026-10-06,627,0.1
2026-10-06,628,0.45
2026-10-06,629,0.29
2026-10-06,630,0.68
2026-10-06,631,0.62
2026-10-06,632,0.6
2026-10-06,633,0.63
2026-10-06,634,0.3
2026-10-06,635,0.17
2026-10-06,636,0.43
2026-10-06,637,0.4
2026-10-06,638,1.08
2026-10-06,639,1.35
2026-10-06,640,0.3
2026-10-06,641,0.66
2026-10-06,642,0.75
2026-10-06,643,0.36
2026-10-06,644,0.92
2026-10-06,645,0.39
2026-10-06,646,0.2
2026-10-06,647,0.2
2026-10-06,648,0.73
2026-10-06,649,0.5
2026-10-06,650,0.4
2026-10-06,651,0.23
2026-10-06,652,0.9
2026-10-06,653,0.95
2026-10-06,654,0.45
2026-10-06,655,0.33
2026-10-06,656,0.47
2026-10-06,657,0.55
2026-10-06,658,0.46
2026-10-06,659,0.64
2026-10-06,660,0.35
2026-10-06,661,0.2
2026-10-06,662,0.4
2026-10-06,663,0.4
2026-10-06,664,0.57
2026-10-06,665,0.49
2026-10-06,666,0.17
2026-10-06,667,0.22
2026-10-06,668,0.35
2026-10-06,669,0.39
2026-10-06,670,1.15
2026-10-06,671,0.4
2026-10-06,672,0.74
2026-10-06,673,0.49
2026-10-06,674,0.37
2026-10-06,675,0.6
2026-10-06,676,0.3
2026-10-06,677,0.99
2026-10-06,678,1.52
2026-10-06,679,0.5
2026-10-06,680,0.53
2026-10-06,681,0.55
2026-10-06,682,0.47
2026-10-06,683,0.46
2026-10-06,684,0.57
2026-10-06,685,0.3
2026-10-06,686,1.04
2026-10-06,687,0.83
2026-10-06,688,0.8
2026-10-06,689,0.39
2026-10-06,690,0.12
2026-10-06,691,0.79
2026-10-06,692,1.03
2026-10-06,693,0.47
2026-10-06,694,0.2
2026-10-06,695,0.67
2026-10-06,696,1.3
2026-10-06,697,0.66
2026-10-06,698,1.1
2026-10-06,699,1.53
2026-10-06,700,1.19
2026-10-06,701,0.65
2026-10-06,702,1.03
2026-10-06,703,1.01
2026-10-06,704,0.79
2026-10-06,705,2.64
2026-10-06,706,2.1
2026-10-06,707,1.71
2026-10-06,708,1.44
2026-10-06,709,1.47
2026-10-06,710,1.64
2026-10-06,711,1.0
2026-10-06,712,2.27
2026-10-06,713,1.49
2026-10-06,714,0.17
2026-10-06,715,0.47
2026-10-06,716,0.99
2026-10-06,717,0.36
2026-10-06,718,0.57
2026-10-06,719,1.16
2026-10-06,720,1.16
2026-10-06,721,0.65
2026-10-06,722,0.33
2026-10-06,723,0.53
2026-10-06,724,0.74
2026-10-06,725,0.68
2026-10-06,726,0.14
2026-10-06,727,0.4
2026-10-06,728,0.19
2026-10-06,729,0.4
2026-10-06,730,0.3
2026-10-06,731,0.26
2026-10-06,732,0.2
2026-10-06,733,0.35
2026-10-06,734,0.23
2026-10-06,735,0.27
2026-10-06,736,0.47
2026-10-06,737,0.52
2026-10-06,738,0.98
2026-10-06,739,1.84
2026-10-06,740,0.79
2026-10-06,741,1.39
2026-10-06,742,0.7
2026-10-06,743,1.09
2026-10-06,744,0.51
2026-10-06,745,0.33
2026-10-06,746,0.5
2026-10-06,747,0.92
2026-10-06,748,1.14
2026-10-06,749,0.91
2026-10-06,750,0.23
2026-10-06,751,0.57
2026-10-06,752,0.47
2026-10-06,753,1.13
2026-10-06,754,0.75
2026-10-06,755,1.09
2026-10-06,756,0.35
2026-10-06,757,2.56
2026-10-06,758,1.58
2026-10-06,759,1.53
2026-10-06,760,0.81
2026-10-06,761,0.66
2026-10-06,762,1.28
2026-10-06,763,0.6
2026-10-06,764,2.23
2026-10-06,765,3.29
2026-10-06,766,0.35
2026-10-06,767,2.12
2026-10-06,768,0.4
2026-10-06,769,1.65
2026-10-06,770,1.47
2026-10-06,771,1.77
2026-10-06,772,1.1
2026-10-06,773,0.24
2026-10-06,774,0.8
2026-10-06,775,1.94
2026-10-06,776,1.19
2026-10-06,777,1.37
2026-10-06,778,1.54
2026-10-06,779,0.71
2026-10-06,780,0.8
2026-10-06,781,0.96
2026-10-06,782,1.15
2026-10-06,783,0.24
2026-10-06,784,0.3
2026-10-06,785,0.77
2026-10-06,786,0.39
2026-10-06,787,0.97
2026-10-06,788,0.49
2026-10-06,789,0.93
2026-10-06,790,1.21
2026-10-06,791,0.6
2026-10-06,792,1.63
2026-10-06,793,1.35
2026-10-06,794,0.5
2026-10-06,795,1.0
2026-10-06,796,0.88
2026-10-06,797,0.45
2026-10-06,798,1.21
2026-10-06,799,0.62
2026-10-06,800,0.42
2026-10-06,801,0.52
2026-10-06,802,0.37
2026-10-06,803,0.32
2026-10-06,804,0.47
2026-10-06,805,0.49
2026-10-06,806,0.87
2026-10-06,807,0.42
2026-10-06,808,0.16
2026-10-06,809,0.58
2026-10-06,810,1.01
2026-10-06,811,0.59
2026-10-06,812,0.38
2026-10-06,813,0.61
2026-10-06,814,0.21
2026-10-06,815,0.38
2026-10-06,816,0.46
2026-10-06,817,0.12
2026-10-06,818,0.13
2026-10-06,819,0.1
2026-10-06,820,0.48
2026-10-06,821,0.25
2026-10-06,822,0.31
2026-10-06,823,0.31
2026-10-06,824,0.1
2026-10-06,825,0.26
2026-10-06,826,0.08
2026-10-06,827,0.15
2026-10-06,828,0.29
2026-10-06,829,0.61
2026-10-06,830,0.38
2026-10-06,831,0.11
2026-10-06,832,0.3
2026-10-06,833,0.54
2026-10-06,834,0.17
2026-10-06,835,0.16
2026-10-06,836,0.4
2026-10-06,837,0.11
2026-10-06,838,0.28
2026-10-06,839,0.32
2026-10-06,840,0.34
2026-10-06,841,0.25
2026-10-06,842,0.4
2026-10-06,843,0.31
2026-10-06,844,0.13
2026-10-06,845,0.2
2026-10-06,846,0.25
2026-10-06,847,0.4
2026-10-06,848,0.32
2026-10-06,849,0.55
2026-10-06,850,0.55
2026-10-06,851,0.21
2026-10-06,852,0.44
2026-10-06,853,0.76
2026-10-06,854,0.32
2026-10-06,855,0.66
2026-10-06,856,0.5
2026-10-06,857,0.2
2026-10-06,858,0.14
2026-10-06,859,0.18
2026-10-06,860,0.15
2026-10-06,861,0.35
2026-10-06,862,0.3
2026-10-06,863,0.2
2026-10-06,864,0.13
2026-10-06,865,0.22
2026-10-06,866,0.19
2026-10-06,867,0.33
2026-10-06,868,0.16
2026-10-06,869,0.26
2026-10-06,870,0.2
2026-10-06,871,0.27
2026-10-06,872,0.2
2026-10-06,873,0.41
2026-10-06,874,0.38
2026-10-06,875,0.44
2026-10-06,876,0.31
2026-10-06,877,0.11
2026-10-06,878,0.31
2026-10-06,879,0.1
2026-10-06,880,0.14
2026-10-06,881,0.17
2026-10-06,882,0.3
2026-10-06,883,0.28
2026-10-06,884,0.25
2026-10-06,885,0.22
2026-10-06,886,0.24
2026-10-06,887,0.19
2026-10-06,888,0.15
2026-10-06,889,0.44
2026-10-06,890,0.52
2026-10-06,891,0.66
2026-10-06,892,0.23
2026-10-06,893,0.35
2026-10-06,894,0.64
2026-10-06,895,0.15
2026-10-06,896,0.2
2026-10-06,897,0.42
2026-10-06,898,0.36
2026-10-06,899,0.34
2026-10-06,900,0.4
2026-10-06,901,0.2
2026-10-06,902,0.23
2026-10-06,903,0.4
2026-10-06,904,0.18
2026-10-06,905,0.26
2026-10-06,906,0.36
2026-10-06,907,0.31
2026-10-06,908,0.39
2026-10-06,909,0.66
2026-10-06,910,0.56
2026-10-06,911,0.7
2026-10-06,912,0.23
2026-10-06,913,0.19
2026-10-06,914,0.2
2026-10-06,915,0.14
2026-10-06,916,0.22
2026-10-06,917,0.24
2026-10-06,918,0.2
2026-10-06,919,0.17
2026-10-06,920,0.24
2026-10-06,921,0.3
2026-10-06,922,0.45
2026-10-06,923,0.45
2026-10-06,924,0.21
2026-10-06,925,0.25
2026-10-06,926,0.26
2026-10-06,927,0.28
2026-10-06,928,0.57
2026-10-06,929,0.35
2026-10-06,930,0.87
2026-10-06,931,0.66
2026-10-06,932,0.64
2026-10-06,933,0.3
2026-10-06,934,0.2
2026-10-06,935,0.33
2026-10-06,936,0.2
2026-10-06,937,0.37
2026-10-06,938,0.28
2026-10-06,939,0.48
2026-10-06,940,0.61
2026-10-06,941,0.49
2026-10-06,942,1.19
2026-10-06,943,0.56
2026-10-06,944,1.67
2026-10-06,945,0.8
2026-10-06,946,0.5
2026-10-06,947,0.55
2026-10-06,948,0.1
2026-10-06,949,0.68
2026-10-06,950,0.2
2026-10-06,951,0.58
2026-10-06,952,0.3
2026-10-06,953,0.38
2026-10-06,954,0.16
2026-10-06,955,0.38
2026-10-06,956,0.37
2026-10-06,957,0.25
2026-10-06,958,0.44
2026-10-06,959,0.17
2026-10-06,960,0.14
2026-10-06,961,0.77
2026-10-06,962,0.47
2026-10-06,963,0.37
2026-10-06,964,0.33
2026-10-06,965,0.8
2026-10-06,966,0.55
2026-10-06,967,0.72
2026-10-06,968,0.97
2026-10-06,969,0.83
2026-10-06,970,0.34
2026-10-06,971,0.19
2026-10-06,972,0.16
2026-10-06,973,0.33
2026-10-06,974,0.66
2026-10-06,975,0.41
2026-10-06,976,0.47
2026-10-06,977,0.6
2026-10-06,978,0.56
2026-10-06,979,0.44
2026-10-06,980,0.49
2026-10-06,981,0.55
2026-10-06,982,0.7
2026-10-06,983,0.62
2026-10-06,984,0.62
2026-10-06,985,0.47
2026-10-06,986,0.44
2026-10-06,987,0.42
2026-10-06,988,0.31
2026-10-06,989,0.42
2026-10-06,990,0.5
2026-10-06,991,0.2
2026-10-06,992,0.32
2026-10-06,993,0.41
2026-10-06,994,0.51
2026-10-06,995,0.27
2026-10-06,996,0.25
2026-10-06,997,0.1
2026-10-06,998,0.2
2026-10-06,999,0.53
2026-10-06,1000,0.37
2026-10-06,1001,0.23
2026-10-06,1002,0.3
2026-10-06,1003,0.31
2026-10-06,1004,0.21
2026-10-06,1005,0.23
2026-10-06,1006,0.52
2026-10-06,1007,0.14
2026-10-06,1008,0.16
2026-10-06,1009,0.23
2026-10-06,1010,0.13
2026-10-06,1011,0.2
2026-10-06,1012,0.38
2026-10-06,1013,0.74
2026-10-06,1014,0.4
2026-10-06,1015,0.28
2026-10-06,1016,0.48
2026-10-06,1017,0.61
2026-10-06,1018,0.12
2026-10-06,1019,0.37
2026-10-06,1020,0.5
2026-10-06,1021,0.28
2026-10-06,1022,0.2
2026-10-06,1023,0.42
2026-10-06,1024,0.27
2026-10-06,1025,0.18
2026-10-06,1026,0.28
2026-10-06,1027,0.54
2026-10-06,1028,0.69
2026-10-06,1029,0.26
2026-10-06,1030,0.44
2026-10-06,1031,0.47
2026-10-06,1032,0.75
2026-10-06,1033,0.19
2026-10-06,1034,0.38
2026-10-06,1035,0.34
2026-10-06,1036,0.04
2026-10-06,1037,0.64
2026-10-06,1038,0.58
2026-10-06,1039,0.12
2026-10-06,1040,0.24
2026-10-06,1041,0.3
2026-10-06,1042,0.36
2026-10-06,1043,0.23
2026-10-06,1044,0.26
2026-10-06,1045,0.27
2026-10-06,1046,0.4
2026-10-06,1047,0.11
2026-10-06,1048,0.1
2026-10-06,1049,0.37
2026-10-06,1050,0.33
2026-10-06,1051,0.24
2026-10-06,1052,0.38
2026-10-06,1053,0.66
2026-10-06,1054,0.6
2026-10-06,1055,0.34
2026-10-06,1056,0.21
2026-10-06,1057,0.5
2026-10-06,1058,0.1
2026-10-06,1059,0.1
2026-10-06,1060,0.1
2026-10-06,1061,0.22
2026-10-06,1062,0.11
2026-10-06,1063,0.1
2026-10-06,1064,0.23
2026-10-06,1065,0.2
2026-10-06,1066,0.11
2026-10-06,1067,0.21
2026-10-06,1068,0.24
2026-10-06,1069,0.07
2026-10-06,1070,0.54
2026-10-06,1071,0.3
2026-10-06,1072,0.34
2026-10-06,1073,0.36
2026-10-06,1074,0.5
2026-10-06,1075,0.38
2026-10-06,1076,0.51
2026-10-06,1077,0.24
2026-10-06,1078,0.09
2026-10-06,1079,0.8
2026-10-06,1080,0.9
2026-10-06,1081,0.9
2026-10-06,1082,0.6
2026-10-06,1083,0.7
2026-10-06,1084,0.45
2026-10-06,1085,0.5
2026-10-06,1086,0.53
2026-10-06,1087,0.68
2026-10-06,1088,0.48
2026-10-06,1089,0.5
2026-10-06,1090,0.46
2026-10-06,1091,0.39
2026-10-06,1092,0.35
2026-10-06,1093,0.19
2026-10-06,1094,0.12
2026-10-06,1095,0.24
2026-10-06,1096,0.39
2026-10-06,1097,0.32
2026-10-06,1098,0.25
2026-10-06,1099,0.53
2026-10-06,1100,0.42
2026-10-06,1101,0.56
2026-10-06,1102,0.47
2026-10-06,1103,0.2
2026-10-06,1104,0.47
2026-10-06,1105,0.53
2026-10-06,1106,0.43
2026-10-06,1107,0.6
2026-10-06,1108,0.42
2026-10-06,1109,0.45
2026-10-06,1110,0.32
2026-10-06,1111,0.3
2026-10-06,1112,0.49
2026-10-06,1113,0.47
2026-10-06,1114,0.59
2026-10-06,1115,0.21
2026-10-06,1116,0.42
2026-10-06,1117,0.37
2026-10-06,1118,0.32
2026-10-06,1119,0.27
2026-10-06,1120,0.48
2026-10-06,1121,0.27
2026-10-06,1122,0.2
2026-10-06,1123,0.25
2026-10-06,1124,0.31
2026-10-06,1125,0.95
2026-10-06,1126,0.6
2026-10-06,1127,0.44
2026-10-06,1128,0.31
2026-10-06,1129,0.14
2026-10-06,1130,0.4
2026-10-06,1131,0.6
2026-10-06,1132,0.49
2026-10-06,1133,0.49
2026-10-06,1134,0.7
2026-10-06,1135,0.9
2026-10-06,1136,1.0
2026-10-06,1137,0.73
2026-10-06,1138,0.31
2026-10-06,1139,0.21
2026-10-06,1140,0.3
2026-10-06,1141,0.27
2026-10-06,1142,0.19
2026-10-06,1143,0.26
2026-10-06,1144,0.24
2026-10-06,1145,0.41
2026-10-06,1146,0.3
2026-10-06,1147,0.18
2026-10-06,1148,0.1
2026-10-06,1149,0.2
2026-10-06,1150,0.12
2026-10-06,1151,0.13
2026-10-06,1152,0.24
2026-10-06,1153,0.33
2026-10-06,1154,0.15
2026-10-06,1155,0.27
2026-10-06,1156,0.5
2026-10-06,1157,0.49
2026-10-06,1158,0.2
2026-10-06,1159,0.33
2026-10-06,1160,0.39
2026-10-06,1161,0.15
2026-10-06,1162,0.13
2026-10-06,1163,0.2
2026-10-06,1164,0.07
2026-10-06,1165,0.2
2026-10-06,1166,0.3
2026-10-06,1167,0.2
2026-10-06,1168,0.21
2026-10-06,1169,0.34
2026-10-06,1170,0.3
2026-10-06,1171,0.1
2026-10-06,1172,0.1
2026-10-06,1173,0.19
2026-10-06,1174,0.54
2026-10-06,1175,0.58
2026-10-06,1176,0.64
2026-10-06,1177,0.5
2026-10-06,1178,0.4
2026-10-06,1179,0.44
2026-10-06,1180,0.36
2026-10-06,1181,0.79
2026-10-06,1182,0.19
2026-10-06,1183,0.56
2026-10-06,1184,0.3
2026-10-06,1185,0.4
2026-10-06,1186,0.38
2026-10-06,1187,0.5
2026-10-06,1188,1.04
2026-10-06,1189,0.65
2026-10-06,1190,0.13
2026-10-06,1191,0.4
2026-10-06,1192,1.3
2026-10-06,1193,1.3
2026-10-06,1194,1.94
2026-10-06,1195,1.15
2026-10-06,1196,0.8
2026-10-06,1197,0.5
2026-10-06,1198,0.82
2026-10-06,1199,1.24
2026-10-06,1200,1.48
2026-10-06,1201,1.0
2026-10-06,1202,1.05
2026-10-06,1203,0.46
2026-10-06,1204,0.81
2026-10-06,1205,0.97
2026-10-06,1206,0.58
2026-10-06,1207,0.54
2026-10-06,1208,0.6
2026-10-06,1209,0.7
2026-10-06,1210,0.54
2026-10-06,1211,1.18
2026-10-06,1212,0.8
2026-10-06,1213,0.63
2026-10-06,1214,0.79
2026-10-06,1215,1.26
2026-10-06,1216,2.01
2026-10-06,1217,0.86
2026-10-06,1218,1.71
2026-10-06,1219,1.15
2026-10-06,1220,1.39
2026-10-06,1221,1.09
2026-10-06,1222,1.07
2026-10-06,1223,1.0
2026-10-06,1224,0.69
2026-10-06,1225,0.87
2026-10-06,1226,1.8
2026-10-06,1227,0.64
2026-10-06,1228,0.74
2026-10-06,1229,0.77
2026-10-06,1230,0.41
2026-10-06,1231,0.54
2026-10-06,1232,0.87
2026-10-06,1233,0.8
2026-10-06,1234,0.92
2026-10-06,1235,0.79
2026-10-06,1236,0.92
2026-10-06,1237,0.5
2026-10-06,1238,0.3
2026-10-06,1239,0.32
2026-10-06,1240,0.6
2026-10-06,1241,0.67
2026-10-06,1242,0.59
2026-10-06,1243,0.67
2026-10-06,1244,0.88
2026-10-06,1245,0.73
2026-10-06,1246,0.76
2026-10-06,1247,0.7
2026-10-06,1248,0.6
2026-10-06,1249,0.63
2026-10-06,1250,0.69
2026-10-06,1251,0.73
2026-10-06,1252,0.8
2026-10-06,1253,0.74
2026-10-06,1254,0.6
2026-10-06,1255,0.53
2026-10-06,1256,0.6
2026-10-06,1257,0.4
2026-10-06,1258,0.5
2026-10-06,1259,0.61
2026-10-06,1260,0.42
2026-10-06,1261,0.48
2026-10-06,1262,0.54
2026-10-06,1263,0.4
2026-10-06,1264,0.31
2026-10-06,1265,0.4
2026-10-06,1266,0.07
2026-10-06,1267,0.14
2026-10-06,1268,0.4
2026-10-06,1269,0.1
2026-10-06,1270,0.15
2026-10-06,1271,0.33
2026-10-06,1272,0.39
2026-10-06,1273,0.3
2026-10-06,1274,0.1
2026-10-06,1275,0.15
2026-10-06,1276,0.18
2026-10-06,1277,0.44
2026-10-06,1278,0.46
2026-10-06,1279,0.6
2026-10-06,1280,0.15
2026-10-06,1281,0.42
2026-10-06,1282,0.32
2026-10-06,1283,0.35
2026-10-06,1284,0.57
2026-10-06,1285,0.44
2026-10-06,1286,0.39
2026-10-06,1287,0.4
2026-10-06,1288,0.6
2026-10-06,1289,0.59
2026-10-06,1290,0.52
2026-10-06,1291,0.53
2026-10-06,1292,0.45
2026-10-06,1293,0.43
2026-10-06,1294,0.52
2026-10-06,1295,0.36
2026-10-06,1296,0.33
2026-10-06,1297,0.4
2026-10-06,1298,0.3
2026-10-06,1299,0.35
2026-10-06,1300,0.39
2026-10-06,1301,0.4
2026-10-06,1302,0.46
2026-10-06,1303,0.45
2026-10-06,1304,0.53
2026-10-06,1305,0.52
2026-10-06,1306,0.58
2026-10-06,1307,0.7
2026-10-06,1308,0.58
2026-10-06,1309,0.6
2026-10-06,1310,0.77
2026-10-06,1311,0.6
2026-10-06,1312,0.16
2026-10-06,1313,0.19
2026-10-06,1314,0.3
2026-10-06,1315,0.24
2026-10-06,1316,0.19
2026-10-06,1317,0.2
2026-10-06,1318,0.23
2026-10-06,1319,0.44
2026-10-06,1320,0.27
2026-10-06,1321,0.09
2026-10-06,1322,0.13
2026-10-06,1323,0.23
2026-10-06,1324,0.2
2026-10-06,1325,0.64
2026-10-06,1326,0.5
2026-10-06,1327,0.43
2026-10-06,1328,0.4
2026-10-06,1329,0.86
2026-10-06,1330,0.69
2026-10-06,1331,0.35
2026-10-06,1332,0.39
2026-10-06,1333,0.67
2026-10-06,1334,0.61
2026-10-06,1335,0.14
2026-10-06,1336,0.22
2026-10-06,1337,0.4
2026-10-06,1338,0.68
2026-10-06,1339,0.3
2026-10-06,1340,0.45
2026-10-06,1341,0.19
2026-10-06,1342,0.2
2026-10-06,1343,0.37
2026-10-06,1344,2.27
2026-10-06,1345,2.21
2026-10-06,1346,2.65
2026-10-06,1347,2.55
2026-10-06,1348,2.96
2026-10-06,1349,2.13
2026-10-06,1350,1.85
2026-10-06,1351,1.88
2026-10-06,1352,1.71
2026-10-06,1353,1.5
2026-10-06,1354,1.57
2026-10-06,1355,1.63
2026-10-06,1356,1.43
2026-10-06,1357,1.59
2026-10-06,1358,1.31
2026-10-06,1359,1.87
2026-10-06,1360,1.58
2026-10-06,1361,1.28
2026-10-06,1362,1.07
2026-10-06,1363,1.49
2026-10-06,1364,1.73
2026-10-06,1365,1.07
2026-10-06,1366,0.61
2026-10-06,1367,1.03
2026-10-06,1368,0.98
2026-10-06,1369,0.98
2026-10-06,1370,0.8
2026-10-06,1371,1.1
2026-10-06,1372,0.86
2026-10-06,1373,0.9
2026-10-06,1374,1.36
2026-10-06,1375,1.42
2026-10-06,1376,1.02
2026-10-06,1377,1.17
2026-10-06,1378,1.0
2026-10-06,1379,0.56
2026-10-06,1380,0.3
2026-10-06,1381,0.23
2026-10-06,1382,0.18
2026-10-06,1383,0.64
2026-10-06,1384,0.35
2026-10-06,1385,0.42
2026-10-06,1386,0.55
2026-10-06,1387,0.67
2026-10-06,1388,0.68
2026-10-06,1389,0.61
2026-10-06,1390,0.76
2026-10-06,1391,0.23
2026-10-06,1392,0.18
2026-10-06,1393,0.6
2026-10-06,1394,0.6
2026-10-06,1395,0.51
2026-10-06,1396,0.4
2026-10-06,1397,0.3
2026-10-06,1398,0.38
2026-10-06,1399,0.41
2026-10-06,1400,0.3
2026-10-06,1401,0.35
2026-10-06,1402,0.39
2026-10-06,1403,0.3
2026-10-06,1404,0.21
2026-10-06,1405,0.25
2026-10-06,1406,0.27
2026-10-06,1407,0.3
2026-10-06,1408,0.3
2026-10-06,1409,0.34
2026-10-06,1410,0.36
2026-10-06,1411,0.5
2026-10-06,1412,0.5
2026-10-06,1413,0.57
2026-10-06,1414,0.6
2026-10-06,1415,0.6
2026-10-06,1416,0.5
2026-10-06,1417,0.34
2026-10-06,1418,0.27
2026-10-06,1419,0.3
2026-10-06,1420,0.24
2026-10-06,1421,0.36
2026-10-06,1422,0.41
2026-10-06,1423,0.44
2026-10-06,1424,0.31
2026-10-06,1425,0.14
2026-10-06,1426,0.22
2026-10-06,1427,0.19
2026-10-06,1428,0.2
2026-10-06,1429,0.22
2026-10-06,1430,0.1
2026-10-06,1431,0.14
2026-10-06,1432,0.15
2026-10-06,1433,0.22
2026-10-06,1434,0.19
2026-10-06,1435,0.2
2026-10-06,1436,0.37
2026-10-06,1437,0.23
2026-10-06,1438,0.2
2026-10-06,1439,0.25
